call_id,ticker,data_call,n_gestores,n_analistas,distancia_de_tom,sinal_limpo,tom_da_call,ret_1mes,ret_3meses,no_sinal_operavel,motivo
AAPL_2006Q1,AAPL,2006-01-19,6.0,15.0,0.3903,,0.4004,-0.1314,-0.192,False,"distância de tom OK, mas histórico curto para residualizar (<250 calls anteriores)"
AAPL_2006Q2,AAPL,2006-04-20,8.0,16.0,0.2981,,0.2932,-0.054,-0.1128,False,"distância de tom OK, mas histórico curto para residualizar (<250 calls anteriores)"
AAPL_2006Q3,AAPL,2006-07-19,22.0,3.0,0.3191,,0.3485,0.1088,0.2187,False,"distância de tom OK, mas histórico curto para residualizar (<250 calls anteriores)"
AAPL_2006Q4,AAPL,2006-10-19,4.0,23.0,0.3022,,0.3917,0.0801,0.095,False,"distância de tom OK, mas histórico curto para residualizar (<250 calls anteriores)"
AAPL_2007Q1,AAPL,2007-01-17,,,,,0.2975,-0.0748,-0.0185,False,sem distância de tom: <2 gestores identificados ou Q&A não detectado
AAPL_2007Q3,AAPL,2007-07-25,7.0,14.0,0.2749,,0.3094,-0.1017,0.2759,False,"distância de tom OK, mas histórico curto para residualizar (<250 calls anteriores)"
AAPL_2007Q4,AAPL,2007-10-22,14.0,5.0,0.2425,,0.3932,-0.1045,-0.2625,False,"distância de tom OK, mas histórico curto para residualizar (<250 calls anteriores)"
AAPL_2008Q1,AAPL,2008-01-22,12.0,10.0,0.3083,,0.3385,-0.1076,0.1763,False,"distância de tom OK, mas histórico curto para residualizar (<250 calls anteriores)"
AAPL_2008Q2,AAPL,2008-04-23,15.0,5.0,0.3627,0.0384,0.3669,0.0708,0.0056,True,classificada — no sinal operável
AAPL_2008Q3,AAPL,2008-07-21,,,,,0.4692,0.1646,-0.3463,False,sem distância de tom: <2 gestores identificados ou Q&A não detectado
AAPL_2008Q4,AAPL,2008-10-21,6.0,9.0,0.3341,0.0312,0.3164,-0.1138,-0.0925,True,classificada — no sinal operável
AAPL_2009Q1,AAPL,2009-01-21,10.0,7.0,0.2319,-0.0865,0.4882,0.0359,0.3802,True,classificada — no sinal operável
AAPL_2009Q2,AAPL,2009-04-23,,,,,0.3527,-0.0172,0.2662,False,sem distância de tom: <2 gestores identificados ou Q&A não detectado
AAPL_2009Q3,AAPL,2009-07-21,6.0,13.0,0.2868,0.0157,0.2796,0.0432,0.2032,True,classificada — no sinal operável
AAPL_2009Q4,AAPL,2009-10-19,4.0,16.0,0.274,0.0589,0.423,0.0319,0.0555,True,classificada — no sinal operável
AAPL_2010Q1,AAPL,2010-01-25,4.0,16.0,0.2702,0.0601,0.4723,-0.0257,0.3086,True,classificada — no sinal operável
AAPL_2010Q2,AAPL,2010-04-20,4.0,14.0,0.3177,0.0762,0.4811,-0.0404,-0.0267,True,classificada — no sinal operável
AAPL_2010Q3,AAPL,2010-07-20,,,,,0.4209,-0.0453,0.1996,False,sem distância de tom: <2 gestores identificados ou Q&A não detectado
AAPL_2010Q4,AAPL,2010-10-18,12.0,1.0,0.2675,,0.5078,-0.006,0.1228,False,"distância de tom OK, mas confundidor ausente (analyst_tone_distance)"
AAPL_2011Q1,AAPL,2011-01-18,3.0,12.0,0.4369,0.2291,0.5609,0.0424,-0.0474,True,classificada — no sinal operável
AAPL_2011Q2,AAPL,2011-04-20,,,,,0.428,-0.0557,0.091,False,sem distância de tom: <2 gestores identificados ou Q&A não detectado
AAPL_2011Q3,AAPL,2011-07-19,,,,,0.6328,-0.0396,0.0603,False,sem distância de tom: <2 gestores identificados ou Q&A não detectado
AAPL_2011Q4,AAPL,2011-10-18,,,,,0.5094,-0.0413,0.0658,False,sem distância de tom: <2 gestores identificados ou Q&A não detectado
AAPL_2012Q1,AAPL,2012-01-24,,,,,0.4867,0.1363,0.2329,False,sem distância de tom: <2 gestores identificados ou Q&A não detectado
AAPL_2012Q2,AAPL,2012-04-24,,,,,0.3954,-0.0732,-0.0239,False,sem distância de tom: <2 gestores identificados ou Q&A não detectado
AAPL_2012Q3,AAPL,2012-07-24,,,,,0.4888,0.1693,0.1084,False,sem distância de tom: <2 gestores identificados ou Q&A não detectado
AAPL_2012Q4,AAPL,2012-10-25,,,,,0.4521,-0.0391,-0.247,False,sem distância de tom: <2 gestores identificados ou Q&A não detectado
AAPL_2013Q1,AAPL,2013-01-23,,,,,0.8652,-0.0143,-0.1134,False,sem distância de tom: <2 gestores identificados ou Q&A não detectado
AAPL_2013Q2,AAPL,2013-04-23,,,,,0.5469,0.1289,0.0717,False,sem distância de tom: <2 gestores identificados ou Q&A não detectado
AAPL_2013Q3,AAPL,2013-07-23,,,,,0.4203,0.1521,0.1956,False,sem distância de tom: <2 gestores identificados ou Q&A não detectado
AAPL_2013Q4,AAPL,2013-10-28,,,,,0.5808,0.0005,-0.0608,False,sem distância de tom: <2 gestores identificados ou Q&A não detectado
AAPL_2014Q1,AAPL,2014-01-27,,,,,0.6727,0.023,0.1747,False,sem distância de tom: <2 gestores identificados ou Q&A não detectado
AAPL_2014Q2,AAPL,2014-04-23,,,,,0.6589,0.0747,0.204,False,sem distância de tom: <2 gestores identificados ou Q&A não detectado
AAPL_2014Q3,AAPL,2014-07-22,,,,,0.6483,0.0671,0.0367,False,sem distância de tom: <2 gestores identificados ou Q&A não detectado
AAPL_2014Q4,AAPL,2014-10-20,,,,,0.4837,0.1257,0.068,False,sem distância de tom: <2 gestores identificados ou Q&A não detectado
AAPL_2015Q1,AAPL,2015-01-27,,,,,0.5528,0.1131,0.1143,False,sem distância de tom: <2 gestores identificados ou Q&A não detectado
AAPL_2015Q2,AAPL,2015-04-27,4.0,8.0,0.4137,0.1037,0.5869,-0.0139,-0.0831,True,classificada — no sinal operável
AAPL_2015Q3,AAPL,2015-07-21,,,,,0.5763,-0.053,-0.08,False,sem distância de tom: <2 gestores identificados ou Q&A não detectado
AAPL_2015Q4,AAPL,2015-10-27,13.0,,0.2314,,0.6036,0.0137,-0.1919,False,"distância de tom OK, mas confundidor ausente (analyst_tone, analyst_tone_distance)"
AAPL_2016Q1,AAPL,2016-01-26,,,,,0.402,0.013,0.0924,False,sem distância de tom: <2 gestores identificados ou Q&A não detectado
AAPL_2016Q2,AAPL,2016-04-26,,,,,0.3657,0.044,0.0131,False,sem distância de tom: <2 gestores identificados ou Q&A não detectado
AAPL_2016Q3,AAPL,2016-07-26,,,,,0.5695,0.0417,0.1344,False,sem distância de tom: <2 gestores identificados ou Q&A não detectado
AAPL_2016Q4,AAPL,2016-10-25,,,,,0.5489,-0.0219,0.0722,False,sem distância de tom: <2 gestores identificados ou Q&A não detectado
AAPL_2017Q1,AAPL,2017-01-31,,,,,0.6123,0.0987,0.1663,False,sem distância de tom: <2 gestores identificados ou Q&A não detectado
AAPL_2017Q2,AAPL,2017-05-02,,,,,0.5954,0.0565,0.0349,False,sem distância de tom: <2 gestores identificados ou Q&A não detectado
AAPL_2017Q3,AAPL,2017-08-01,,,,,0.7076,0.0296,0.0508,False,sem distância de tom: <2 gestores identificados ou Q&A não detectado
AAPL_2017Q4,AAPL,2017-11-02,,,,,0.7427,-0.0206,-0.0974,False,sem distância de tom: <2 gestores identificados ou Q&A não detectado
AAPL_2018Q1,AAPL,2018-02-01,7.0,5.0,0.3669,0.0129,0.5995,0.0695,0.0699,True,classificada — no sinal operável
AAPL_2018Q2,AAPL,2018-05-01,,,,,0.6133,0.0705,0.0901,False,sem distância de tom: <2 gestores identificados ou Q&A não detectado
AAPL_2018Q3,AAPL,2018-07-31,5.0,5.0,0.3862,0.0847,0.6377,0.1237,0.0696,True,classificada — no sinal operável
AAPL_2018Q4,AAPL,2018-11-01,7.0,3.0,0.2801,-0.1685,0.5861,-0.1149,-0.1659,True,classificada — no sinal operável
AAPL_2019Q1,AAPL,2019-01-29,,,,,0.4662,0.0652,0.2345,False,sem distância de tom: <2 gestores identificados ou Q&A não detectado
AAPL_2019Q2,AAPL,2019-04-30,6.0,4.0,0.4194,0.0269,0.6869,-0.1472,-0.0014,True,classificada — no sinal operável
AAPL_2019Q3,AAPL,2019-07-30,5.0,5.0,0.2312,-0.1829,0.7061,-0.0467,0.1551,True,classificada — no sinal operável
AAPL_2019Q4,AAPL,2019-10-30,4.0,6.0,0.2869,-0.0401,0.6752,0.0842,0.2556,True,classificada — no sinal operável
AAPL_2020Q1,AAPL,2020-01-28,,,,,0.5999,-0.155,-0.1393,False,sem distância de tom: <2 gestores identificados ou Q&A não detectado
AAPL_2020Q2,AAPL,2020-04-30,,,,,0.5341,0.1274,0.3478,False,sem distância de tom: <2 gestores identificados ou Q&A não detectado
AAPL_2020Q3,AAPL,2020-07-30,,,,,0.6059,0.2153,0.0828,False,sem distância de tom: <2 gestores identificados ou Q&A não detectado
AAPL_2020Q4,AAPL,2020-10-29,,,,,0.5952,0.0738,0.2099,False,sem distância de tom: <2 gestores identificados ou Q&A não detectado
AAPL_2021Q1,AAPL,2021-01-27,3.0,9.0,0.3973,0.0334,0.6861,-0.1296,-0.0411,True,classificada — no sinal operável
AAPL_2021Q2,AAPL,2021-04-28,3.0,10.0,0.3683,0.0401,0.6088,-0.0804,0.0642,True,classificada — no sinal operável
AAPL_2021Q3,AAPL,2021-07-27,3.0,10.0,0.421,0.0581,0.7085,0.0261,0.028,True,classificada — no sinal operável
AAPL_2021Q4,AAPL,2021-10-28,3.0,10.0,0.3567,0.0449,0.5339,0.09,0.1587,True,classificada — no sinal operável
AAPL_2022Q1,AAPL,2022-01-27,3.0,10.0,0.3951,0.106,0.6683,-0.0023,-0.0112,True,classificada — no sinal operável
AAPL_2022Q2,AAPL,2022-04-28,3.0,10.0,0.3331,0.0668,0.4406,-0.074,0.0056,True,classificada — no sinal operável
AAPL_2022Q3,AAPL,2022-07-28,3.0,10.0,0.3181,0.0588,0.2416,0.0162,-0.0725,True,classificada — no sinal operável
AAPL_2022Q4,AAPL,2022-10-27,3.0,8.0,0.3557,-0.007,0.5479,-0.0252,-0.0335,True,classificada — no sinal operável
AAPL_2023Q1,AAPL,2023-02-02,4.0,8.0,0.4695,0.1107,0.5619,0.0159,0.1263,True,classificada — no sinal operável
AAPL_2023Q2,AAPL,2023-05-04,4.0,10.0,0.429,0.0896,0.5995,0.0518,0.0659,True,classificada — no sinal operável
AAPL_2023Q3,AAPL,2023-08-03,4.0,9.0,0.4312,0.116,0.6042,0.0226,-0.061,True,classificada — no sinal operável
AAPL_2023Q4,AAPL,2023-11-02,4.0,9.0,0.419,0.0907,0.6398,0.0886,0.0786,True,classificada — no sinal operável
AAPL_2024Q1,AAPL,2024-02-01,4.0,7.0,0.2981,-0.0753,0.6304,-0.0252,-0.0367,True,classificada — no sinal operável
AAPL_2024Q2,AAPL,2024-05-02,4.0,10.0,0.4042,0.0521,0.495,0.0409,0.1795,True,classificada — no sinal operável
AAPL_2024Q3,AAPL,2024-08-01,4.0,9.0,0.4115,0.0851,0.599,0.0462,0.0512,True,classificada — no sinal operável
AAPL_2024Q4,AAPL,2024-10-31,4.0,9.0,0.4273,0.1074,0.6123,0.0855,0.0547,True,classificada — no sinal operável
AAPL_2025Q1,AAPL,2025-01-30,4.0,10.0,0.4323,0.1419,0.6018,-0.036,-0.1361,True,classificada — no sinal operável
AAPL_2025Q2,AAPL,2025-05-01,4.0,9.0,0.3354,0.0496,0.3777,-0.02,-0.0167,True,classificada — no sinal operável
ABNB_2020Q4,ABNB,2021-02-25,2.0,14.0,0.1632,,0.3343,-0.1019,-0.3061,False,"distância de tom OK, mas confundidor ausente (size_proxy)"
ABNB_2021Q1,ABNB,2021-05-13,2.0,17.0,0.1879,0.0674,0.3955,0.0837,0.0978,True,classificada — no sinal operável
ABNB_2021Q2,ABNB,2021-08-12,2.0,15.0,0.2756,0.1292,0.5302,0.0931,0.3107,True,classificada — no sinal operável
ABNB_2021Q3,ABNB,2021-11-04,2.0,15.0,0.2136,0.0544,0.3835,-0.0285,-0.1643,True,classificada — no sinal operável
ABNB_2021Q4,ABNB,2022-02-15,2.0,15.0,0.1884,0.0302,0.3314,-0.1164,-0.341,True,classificada — no sinal operável
ABNB_2022Q1,ABNB,2022-05-03,2.0,13.0,0.2138,0.0636,0.4055,-0.2051,-0.246,True,classificada — no sinal operável
ABNB_2022Q2,ABNB,2022-08-02,2.0,17.0,0.3072,0.1319,0.53,0.0452,-0.0122,True,classificada — no sinal operável
ABNB_2022Q3,ABNB,2022-11-01,2.0,19.0,0.1807,0.046,0.3763,-0.0134,0.1547,True,classificada — no sinal operável
ABNB_2022Q4,ABNB,2023-02-14,2.0,18.0,0.2497,0.0989,0.5211,-0.077,-0.1892,True,classificada — no sinal operável
ABNB_2023Q1,ABNB,2023-05-09,7.0,10.0,0.3206,0.0105,0.5707,0.0514,0.2551,True,classificada — no sinal operável
ABNB_2023Q2,ABNB,2023-08-03,6.0,8.0,0.2533,-0.0069,0.4594,-0.0554,-0.1495,True,classificada — no sinal operável
ABNB_2023Q3,ABNB,2023-11-01,2.0,15.0,0.2823,0.081,0.4857,0.1021,0.1962,True,classificada — no sinal operável
ABNB_2023Q4,ABNB,2024-02-13,3.0,17.0,0.2744,-0.0176,0.5238,0.1388,0.0037,True,classificada — no sinal operável
ABNB_2024Q1,ABNB,2024-05-08,4.0,12.0,0.2967,-0.0134,0.4835,0.0004,-0.218,True,classificada — no sinal operável
ABNB_2024Q2,ABNB,2024-08-06,2.0,15.0,0.2323,0.0398,0.3587,0.0331,0.2173,True,classificada — no sinal operável
ABNB_2024Q3,ABNB,2024-11-07,2.0,13.0,0.1553,0.0216,0.3629,0.0193,-0.0011,True,classificada — no sinal operável
ABNB_2024Q4,ABNB,2025-02-13,3.0,16.0,0.2067,-0.0472,0.3658,-0.1975,-0.1353,True,classificada — no sinal operável
ABNB_2025Q1,ABNB,2025-05-01,3.0,15.0,0.2366,-0.0424,0.3632,0.0704,0.0571,True,classificada — no sinal operável
ACN_2007Q1,ACN,2006-12-20,2.0,10.0,0.0001,,0.5664,-0.0153,-0.0145,False,"distância de tom OK, mas histórico curto para residualizar (<250 calls anteriores)"
ACN_2007Q2,ACN,2007-03-28,5.0,12.0,0.3873,,0.6134,0.0241,0.1374,False,"distância de tom OK, mas histórico curto para residualizar (<250 calls anteriores)"
ACN_2007Q3,ACN,2007-06-28,7.0,10.0,0.3955,,0.6099,-0.0227,-0.1179,False,"distância de tom OK, mas histórico curto para residualizar (<250 calls anteriores)"
ACN_2007Q4,ACN,2007-09-27,6.0,10.0,0.369,,0.5717,0.0157,-0.0449,False,"distância de tom OK, mas histórico curto para residualizar (<250 calls anteriores)"
ACN_2008Q1,ACN,2007-12-19,5.0,11.0,0.3,,0.4848,-0.1084,-0.0278,False,"distância de tom OK, mas histórico curto para residualizar (<250 calls anteriores)"
ACN_2008Q2,ACN,2008-03-27,6.0,13.0,0.2764,-0.009,0.3373,0.0751,0.087,True,classificada — no sinal operável
ACN_2008Q3,ACN,2008-06-26,5.0,8.0,0.3648,0.0483,0.6134,-0.0035,-0.0717,True,classificada — no sinal operável
ACN_2008Q4,ACN,2008-09-25,6.0,6.0,0.3274,0.0082,0.4574,-0.2158,-0.1484,True,classificada — no sinal operável
ACN_2009Q1,ACN,2008-12-18,6.0,9.0,0.3131,-0.0141,0.4041,0.049,0.0089,True,classificada — no sinal operável
ACN_2009Q2,ACN,2009-03-26,7.0,7.0,0.2945,0.0029,0.269,0.0507,0.1455,True,classificada — no sinal operável
ACN_2009Q3,ACN,2009-06-25,5.0,11.0,0.2914,-0.0117,0.3274,0.0843,0.1106,True,classificada — no sinal operável
ACN_2010Q1,ACN,2009-12-17,5.0,10.0,0.3102,0.0241,0.376,0.0677,0.0412,True,classificada — no sinal operável
ACN_2010Q2,ACN,2010-03-25,4.0,11.0,0.3261,0.0383,0.3688,0.0762,-0.083,True,classificada — no sinal operável
ACN_2010Q3,ACN,2010-06-24,4.0,10.0,0.3772,0.0201,0.5212,0.0274,0.0769,True,classificada — no sinal operável
ACN_2011Q2,ACN,2011-03-24,4.0,9.0,0.4247,0.0961,0.6532,0.0094,-0.0058,True,classificada — no sinal operável
ACN_2011Q3,ACN,2011-06-23,4.0,12.0,0.3927,0.0964,0.5342,0.0775,-0.1131,True,classificada — no sinal operável
ACN_2011Q4,ACN,2011-09-27,5.0,10.0,0.4193,0.0617,0.6674,0.0687,-0.0282,True,classificada — no sinal operável
ACN_2012Q1,ACN,2011-12-15,5.0,13.0,0.3486,0.0326,0.4922,0.0081,0.1633,True,classificada — no sinal operável
ACN_2012Q2,ACN,2012-03-22,5.0,10.0,0.405,0.0419,0.5552,-0.0047,-0.1053,True,classificada — no sinal operável
ACN_2012Q3,ACN,2012-06-28,4.0,10.0,0.3882,0.0225,0.5169,0.033,0.1186,True,classificada — no sinal operável
ACN_2012Q4,ACN,2012-09-27,4.0,11.0,0.435,0.0461,0.6487,0.0012,-0.0079,True,classificada — no sinal operável
ACN_2013Q1,ACN,2012-12-19,4.0,10.0,0.4215,0.0483,0.5232,0.0487,0.0996,True,classificada — no sinal operável
ACN_2013Q2,ACN,2013-03-28,5.0,8.0,0.3995,0.0208,0.5741,0.0775,0.0898,True,classificada — no sinal operável
ACN_2013Q3,ACN,2013-06-27,6.0,10.0,0.3405,0.0083,0.4774,0.0079,0.0567,True,classificada — no sinal operável
ACN_2013Q4,ACN,2013-09-26,,,,,0.5527,0.0012,0.1173,False,sem distância de tom: <2 gestores identificados ou Q&A não detectado
ACN_2014Q1,ACN,2013-12-19,4.0,9.0,0.3629,0.0229,0.5356,0.0956,0.0685,True,classificada — no sinal operável
ACN_2014Q2,ACN,2014-03-27,4.0,10.0,0.3705,0.0513,0.5425,-0.0092,0.0493,True,classificada — no sinal operável
ACN_2014Q3,ACN,2014-06-26,4.0,11.0,0.4034,0.0651,0.5627,-0.031,-0.0332,True,classificada — no sinal operável
ACN_2014Q4,ACN,2014-09-24,,,,,0.553,0.0072,0.1856,False,sem distância de tom: <2 gestores identificados ou Q&A não detectado
ACN_2015Q1,ACN,2014-12-18,5.0,9.0,0.3649,0.049,0.5614,0.0057,0.0381,True,classificada — no sinal operável
ACN_2015Q2,ACN,2015-03-26,4.0,11.0,0.3772,0.0328,0.5649,0.0316,0.0798,True,classificada — no sinal operável
ACN_2015Q3,ACN,2015-06-25,6.0,8.0,0.3751,-0.0013,0.6908,0.0096,-0.0235,True,classificada — no sinal operável
ACN_2015Q4,ACN,2015-09-24,5.0,9.0,0.3742,0.0576,0.6064,0.1236,0.0951,True,classificada — no sinal operável
ACN_2016Q1,ACN,2015-12-17,5.0,11.0,0.3693,0.0082,0.5171,-0.0525,0.0072,True,classificada — no sinal operável
ACN_2016Q2,ACN,2016-03-24,5.0,8.0,0.3872,0.0637,0.6619,0.0576,0.1047,True,classificada — no sinal operável
ACN_2016Q3,ACN,2016-06-23,5.0,8.0,0.3609,-0.0249,0.6151,-0.0479,-0.0577,True,classificada — no sinal operável
ACN_2016Q4,ACN,2016-09-29,2.0,11.0,0.0,-0.1584,0.6241,-0.0323,-0.0227,True,classificada — no sinal operável
ACN_2017Q1,ACN,2016-12-21,5.0,9.0,0.3265,0.0035,0.4954,-0.0315,0.0186,True,classificada — no sinal operável
ACN_2017Q2,ACN,2017-03-23,5.0,8.0,0.3643,-0.0272,0.6213,-0.0183,0.0466,True,classificada — no sinal operável
ACN_2017Q3,ACN,2017-06-22,6.0,6.0,0.3844,-0.021,0.7454,0.0478,0.1223,True,classificada — no sinal operável
ACN_2017Q4,ACN,2017-09-28,5.0,7.0,0.3322,0.022,0.5789,0.0567,0.1325,True,classificada — no sinal operável
ACN_2018Q1,ACN,2017-12-21,5.0,8.0,0.3749,0.0772,0.6386,0.0293,-0.0573,True,classificada — no sinal operável
ACN_2018Q2,ACN,2018-03-22,5.0,8.0,0.2741,-0.0336,0.4959,-0.0191,0.0411,True,classificada — no sinal operável
ACN_2018Q3,ACN,2018-06-28,2.0,12.0,0.0,-0.1353,0.5957,0.0095,0.0778,True,classificada — no sinal operável
ACN_2018Q4,ACN,2018-09-27,5.0,8.0,0.3453,-0.0015,0.5844,-0.0626,-0.1612,True,classificada — no sinal operável
ACN_2019Q1,ACN,2018-12-20,5.0,11.0,0.3875,0.0255,0.582,0.0203,0.1318,True,classificada — no sinal operável
ACN_2019Q2,ACN,2019-03-28,3.0,8.0,0.3311,0.0139,0.5995,0.0667,0.0814,True,classificada — no sinal operável
ACN_2019Q3,ACN,2019-06-27,3.0,10.0,0.3713,0.0547,0.6814,0.1014,0.0675,True,classificada — no sinal operável
ACN_2019Q4,ACN,2019-09-26,3.0,10.0,0.3309,-0.0483,0.571,-0.012,0.1301,True,classificada — no sinal operável
ACN_2020Q1,ACN,2019-12-19,4.0,9.0,0.3733,0.0448,0.6222,0.0391,-0.2551,True,classificada — no sinal operável
ACN_2020Q2,ACN,2020-03-19,4.0,4.0,0.326,-0.0036,0.49,0.162,0.3618,True,classificada — no sinal operável
ACN_2020Q3,ACN,2020-06-25,3.0,6.0,0.3234,0.0037,0.5893,0.0434,0.0868,True,classificada — no sinal operável
ACN_2020Q4,ACN,2020-09-24,7.0,3.0,0.3868,0.2152,0.6188,0.0464,0.1901,True,classificada — no sinal operável
ACN_2021Q1,ACN,2020-12-17,3.0,6.0,0.3617,0.0038,0.6945,-0.0268,0.0034,True,classificada — no sinal operável
ACN_2021Q2,ACN,2021-03-18,3.0,8.0,0.3736,0.0456,0.6985,0.0772,0.0659,True,classificada — no sinal operável
ACN_2021Q3,ACN,2021-06-24,5.0,6.0,0.4117,0.0447,0.7369,0.0751,0.1291,True,classificada — no sinal operável
ACN_2021Q4,ACN,2021-09-23,3.0,7.0,0.3524,0.0505,0.6781,0.0312,0.1672,True,classificada — no sinal operável
ACN_2022Q1,ACN,2021-12-16,3.0,8.0,0.3442,0.037,0.6047,-0.1423,-0.2245,True,classificada — no sinal operável
ACN_2022Q2,ACN,2022-03-17,3.0,8.0,0.2304,-0.0625,0.4828,-0.0545,-0.1678,True,classificada — no sinal operável
ACN_2022Q3,ACN,2022-06-23,3.0,7.0,0.3771,0.0044,0.6871,0.0472,-0.0349,True,classificada — no sinal operável
ACN_2022Q4,ACN,2022-09-22,4.0,6.0,0.3612,-0.0039,0.5912,-0.0043,-0.0039,True,classificada — no sinal operável
ACN_2023Q1,ACN,2022-12-16,3.0,7.0,0.3407,0.02,0.565,0.0412,-0.017,True,classificada — no sinal operável
ACN_2023Q2,ACN,2023-03-23,3.0,8.0,0.3284,0.0119,0.5684,0.0692,0.1889,True,classificada — no sinal operável
ACN_2023Q3,ACN,2023-06-22,,,,,0.6083,0.0595,0.0662,False,sem distância de tom: <2 gestores identificados ou Q&A não detectado
ACN_2023Q4,ACN,2023-09-28,9.0,1.0,0.2264,,0.5133,-0.0282,0.1774,False,"distância de tom OK, mas confundidor ausente (analyst_tone_distance)"
ACN_2024Q1,ACN,2023-12-19,3.0,8.0,0.2804,-0.0316,0.526,0.0977,0.1476,True,classificada — no sinal operável
ACN_2024Q2,ACN,2024-03-21,3.0,7.0,0.318,-0.027,0.5599,-0.1261,-0.1556,True,classificada — no sinal operável
ACN_2024Q3,ACN,2024-06-20,3.0,7.0,0.3688,0.0477,0.7315,0.0509,0.0732,True,classificada — no sinal operável
ACN_2024Q4,ACN,2024-09-26,,,,,0.536,0.0301,0.0228,False,sem distância de tom: <2 gestores identificados ou Q&A não detectado
ACN_2025Q1,ACN,2024-12-19,3.0,9.0,0.3359,0.009,0.6095,-0.012,-0.1548,True,classificada — no sinal operável
ACN_2025Q2,ACN,2025-03-20,3.0,9.0,0.2479,-0.0223,0.4261,-0.0419,0.0397,True,classificada — no sinal operável
ADBE_2005Q4,ADBE,2005-12-20,,,,,0.5368,-0.0045,-0.0429,False,sem distância de tom: <2 gestores identificados ou Q&A não detectado
ADBE_2006Q2,ADBE,2006-06-16,5.0,14.0,0.2175,,0.1857,-0.0494,0.2702,False,"distância de tom OK, mas histórico curto para residualizar (<250 calls anteriores)"
ADBE_2006Q3,ADBE,2006-09-14,6.0,16.0,0.2483,,0.3751,0.0669,0.1005,False,"distância de tom OK, mas histórico curto para residualizar (<250 calls anteriores)"
ADBE_2006Q4,ADBE,2006-12-14,6.0,14.0,0.2899,,0.4672,-0.1061,-0.0559,False,"distância de tom OK, mas histórico curto para residualizar (<250 calls anteriores)"
ADBE_2007Q1,ADBE,2007-03-20,,,,,0.317,-0.0049,-0.0028,False,sem distância de tom: <2 gestores identificados ou Q&A não detectado
ADBE_2007Q2,ADBE,2007-06-14,9.0,11.0,0.3094,,0.5271,-0.0758,-0.0252,False,"distância de tom OK, mas histórico curto para residualizar (<250 calls anteriores)"
ADBE_2007Q3,ADBE,2007-09-17,6.0,14.0,0.3976,,0.5899,0.0261,-0.0539,False,"distância de tom OK, mas histórico curto para residualizar (<250 calls anteriores)"
ADBE_2007Q4,ADBE,2007-12-17,6.0,16.0,0.2392,,0.4282,-0.157,-0.176,False,"distância de tom OK, mas histórico curto para residualizar (<250 calls anteriores)"
ADBE_2008Q1,ADBE,2008-03-18,9.0,7.0,0.2123,,0.5006,0.0678,0.2256,False,"distância de tom OK, mas histórico curto para residualizar (<250 calls anteriores)"
ADBE_2008Q2,ADBE,2008-06-16,6.0,12.0,0.3099,-0.0228,0.5604,-0.0186,-0.0896,True,classificada — no sinal operável
ADBE_2008Q3,ADBE,2008-09-16,,,,,0.4922,-0.3357,-0.453,False,sem distância de tom: <2 gestores identificados ou Q&A não detectado
ADBE_2008Q4,ADBE,2008-12-16,,,,,0.4963,-0.124,-0.1165,False,sem distância de tom: <2 gestores identificados ou Q&A não detectado
ADBE_2009Q1,ADBE,2009-03-17,5.0,15.0,0.2343,-0.069,0.3303,0.2561,0.4513,True,classificada — no sinal operável
ADBE_2009Q2,ADBE,2009-06-16,,,,,0.3162,0.092,0.26,False,sem distância de tom: <2 gestores identificados ou Q&A não detectado
ADBE_2009Q3,ADBE,2009-09-15,6.0,14.0,0.3425,0.0103,0.4947,0.0551,0.0655,True,classificada — no sinal operável
ADBE_2009Q4,ADBE,2009-12-15,6.0,13.0,0.272,0.0024,0.419,-0.0271,-0.0304,True,classificada — no sinal operável
ADBE_2010Q1,ADBE,2010-03-24,5.0,14.0,0.2664,-0.0187,0.4107,-0.0112,-0.1713,True,classificada — no sinal operável
ADBE_2010Q2,ADBE,2010-06-23,4.0,17.0,0.3765,0.0687,0.5535,-0.0372,-0.1215,True,classificada — no sinal operável
ADBE_2010Q3,ADBE,2010-09-22,4.0,15.0,0.4863,0.201,0.3609,0.0421,0.1637,True,classificada — no sinal operável
ADBE_2010Q4,ADBE,2010-12-21,12.0,6.0,0.3396,-0.0165,0.6389,0.0784,0.0269,True,classificada — no sinal operável
ADBE_2011Q1,ADBE,2011-03-22,8.0,10.0,0.2985,-0.0064,0.5598,0.0331,-0.0184,True,classificada — no sinal operável
ADBE_2011Q2,ADBE,2011-06-22,5.0,12.0,0.3339,0.0107,0.5303,0.0017,-0.1611,True,classificada — no sinal operável
ADBE_2011Q3,ADBE,2011-09-20,,,,,0.3878,0.0027,0.0601,False,sem distância de tom: <2 gestores identificados ou Q&A não detectado
ADBE_2011Q4,ADBE,2011-12-15,8.0,7.0,0.3031,-0.0382,0.5379,0.0779,0.2445,True,classificada — no sinal operável
ADBE_2012Q1,ADBE,2012-03-19,5.0,13.0,0.3326,0.0044,0.5152,0.0003,-0.0225,True,classificada — no sinal operável
ADBE_2012Q2,ADBE,2012-06-19,6.0,14.0,0.2547,-0.0346,0.3539,0.0394,0.0616,True,classificada — no sinal operável
ADBE_2012Q3,ADBE,2012-09-19,5.0,10.0,0.3762,0.0378,0.5705,0.0066,0.1389,True,classificada — no sinal operável
ADBE_2012Q4,ADBE,2012-12-13,5.0,13.0,0.3626,0.0325,0.5202,0.0255,0.1038,True,classificada — no sinal operável
ADBE_2013Q1,ADBE,2013-03-19,5.0,13.0,0.3202,-0.0078,0.4499,0.0412,0.0155,True,classificada — no sinal operável
ADBE_2013Q2,ADBE,2013-06-18,5.0,14.0,0.2942,-0.0237,0.4263,0.0379,0.0368,True,classificada — no sinal operável
ADBE_2013Q3,ADBE,2013-09-17,5.0,12.0,0.3396,0.0211,0.4641,0.0045,0.132,True,classificada — no sinal operável
ADBE_2013Q4,ADBE,2013-12-12,5.0,12.0,0.4204,0.0603,0.5838,0.0398,0.1741,True,classificada — no sinal operável
ADBE_2014Q1,ADBE,2014-03-19,3.0,12.0,0.3341,-0.0169,0.5012,-0.052,0.0819,True,classificada — no sinal operável
ADBE_2014Q2,ADBE,2014-06-17,5.0,11.0,0.3751,0.0949,0.5695,-0.0329,-0.0419,True,classificada — no sinal operável
ADBE_2014Q3,ADBE,2014-09-16,5.0,15.0,0.352,0.012,0.5245,-0.0858,0.0736,True,classificada — no sinal operável
ADBE_2014Q4,ADBE,2014-12-11,6.0,14.0,0.3581,0.0706,0.3976,-0.0483,0.0561,True,classificada — no sinal operável
ADBE_2015Q1,ADBE,2015-03-17,2.0,15.0,0.0001,-0.1795,0.4007,-0.0046,0.0588,True,classificada — no sinal operável
ADBE_2015Q2,ADBE,2015-06-16,6.0,15.0,0.4294,0.0682,0.618,0.038,0.0004,True,classificada — no sinal operável
ADBE_2015Q3,ADBE,2015-09-18,2.0,18.0,0.0002,-0.1663,0.456,0.0857,0.157,True,classificada — no sinal operável
ADBE_2015Q4,ADBE,2015-12-10,2.0,17.0,0.0001,-0.177,0.5437,-0.0291,-0.0595,True,classificada — no sinal operável
ADBE_2016Q1,ADBE,2016-03-17,2.0,17.0,0.0001,-0.1611,0.5802,-0.0148,-0.0083,True,classificada — no sinal operável
ADBE_2016Q2,ADBE,2016-06-21,5.0,12.0,0.3889,0.0409,0.5793,0.0085,0.0533,True,classificada — no sinal operável
ADBE_2016Q3,ADBE,2016-09-20,5.0,11.0,0.3752,0.05,0.6132,0.0174,-0.0117,True,classificada — no sinal operável
ADBE_2016Q4,ADBE,2016-12-15,5.0,13.0,0.4752,0.0832,0.7711,0.0092,0.1717,True,classificada — no sinal operável
ADBE_2017Q1,ADBE,2017-03-16,2.0,17.0,0.0001,-0.1539,0.6858,0.012,0.0706,True,classificada — no sinal operável
ADBE_2017Q2,ADBE,2017-06-20,2.0,17.0,0.0,-0.1398,0.6805,0.0335,0.0794,True,classificada — no sinal operável
ADBE_2017Q3,ADBE,2017-09-19,2.0,18.0,0.0002,-0.1407,0.6317,0.0066,0.1628,True,classificada — no sinal operável
ADBE_2017Q4,ADBE,2017-12-14,2.0,17.0,0.0002,-0.1419,0.6827,0.0955,0.2387,True,classificada — no sinal operável
ADBE_2018Q1,ADBE,2018-03-15,2.0,16.0,0.0002,-0.1314,0.5967,-0.0029,0.1361,True,classificada — no sinal operável
ADBE_2018Q2,ADBE,2018-06-14,2.0,20.0,0.0002,-0.1199,0.6214,0.0135,0.0686,True,classificada — no sinal operável
ADBE_2018Q3,ADBE,2018-09-13,5.0,14.0,0.4516,0.0826,0.6792,-0.0748,-0.0778,True,classificada — no sinal operável
ADBE_2018Q4,ADBE,2018-12-13,5.0,15.0,0.4282,0.0594,0.7413,0.0066,0.0706,True,classificada — no sinal operável
ADBE_2019Q1,ADBE,2019-03-14,3.0,14.0,0.3873,0.0168,0.6915,0.0536,0.0708,True,classificada — no sinal operável
ADBE_2019Q2,ADBE,2019-06-18,3.0,12.0,0.3706,0.0208,0.7182,0.0804,-0.008,True,classificada — no sinal operável
ADBE_2019Q3,ADBE,2019-09-17,3.0,13.0,0.3782,0.0135,0.6208,-0.0096,0.176,True,classificada — no sinal operável
ADBE_2019Q4,ADBE,2019-12-12,3.0,13.0,0.3688,0.0444,0.6789,0.0972,-0.0894,True,classificada — no sinal operável
ADBE_2020Q1,ADBE,2020-03-12,3.0,11.0,0.2936,0.0111,0.5439,0.0248,0.239,True,classificada — no sinal operável
ADBE_2020Q2,ADBE,2020-06-11,3.0,11.0,0.4289,0.0349,0.7763,0.081,0.1636,True,classificada — no sinal operável
ADBE_2020Q3,ADBE,2020-09-15,3.0,15.0,0.4037,0.0618,0.7527,0.0016,-0.0377,True,classificada — no sinal operável
ADBE_2020Q4,ADBE,2020-12-10,7.0,13.0,0.2112,-0.1285,0.8104,-0.0091,-0.0596,True,classificada — no sinal operável
ADBE_2021Q1,ADBE,2021-03-24,4.0,11.0,0.4291,0.1038,0.6982,0.1506,0.2808,True,classificada — no sinal operável
ADBE_2021Q2,ADBE,2021-06-17,3.0,11.0,0.3823,0.0641,0.7105,0.0563,0.1669,True,classificada — no sinal operável
ADBE_2021Q3,ADBE,2021-09-21,3.0,13.0,0.3974,0.0644,0.7075,0.0121,-0.1201,True,classificada — no sinal operável
ADBE_2021Q4,ADBE,2021-12-16,8.0,8.0,0.3223,-0.0379,0.7697,-0.0932,-0.1992,True,classificada — no sinal operável
ADBE_2022Q1,ADBE,2022-03-22,5.0,10.0,0.281,-0.064,0.714,-0.0458,-0.165,True,classificada — no sinal operável
ADBE_2022Q2,ADBE,2022-06-16,10.0,7.0,0.4589,0.0222,0.7151,0.1105,-0.1424,True,classificada — no sinal operável
ADBE_2022Q3,ADBE,2022-09-15,5.0,10.0,0.2772,-0.0427,0.6932,-0.0348,0.1394,True,classificada — no sinal operável
ADBE_2022Q4,ADBE,2022-12-15,6.0,10.0,0.4077,0.1146,0.831,-0.0107,0.0518,True,classificada — no sinal operável
ADBE_2023Q1,ADBE,2023-03-15,4.0,11.0,0.3234,0.1115,0.7747,0.101,0.3917,True,classificada — no sinal operável
ADBE_2023Q2,ADBE,2023-06-15,5.0,10.0,0.2941,-0.0141,0.8284,0.027,0.0206,True,classificada — no sinal operável
ADBE_2023Q3,ADBE,2023-09-14,6.0,9.0,0.2066,-0.1331,0.665,0.0313,0.1732,True,classificada — no sinal operável
ADBE_2023Q4,ADBE,2023-12-13,5.0,10.0,0.2737,0.0094,0.7798,0.0079,-0.1695,True,classificada — no sinal operável
ADBE_2024Q1,ADBE,2024-03-14,5.0,10.0,0.2937,-0.078,0.6579,-0.0591,-0.0819,True,classificada — no sinal operável
ADBE_2024Q2,ADBE,2024-06-13,6.0,9.0,0.3707,0.0544,0.7339,0.0684,0.0125,True,classificada — no sinal operável
ADBE_2024Q3,ADBE,2024-09-12,6.0,6.0,0.2627,-0.2056,0.8024,-0.0698,0.0326,True,classificada — no sinal operável
ADBE_2024Q4,ADBE,2024-12-11,6.0,6.0,0.4258,0.0494,0.8105,-0.1534,-0.1808,True,classificada — no sinal operável
ADBE_2025Q1,ADBE,2025-03-12,,,,,0.7586,-0.1363,0.0187,False,sem distância de tom: <2 gestores identificados ou Q&A não detectado
ADI_2006Q3,ADI,2006-04-27,6.0,17.0,0.2745,,0.2284,-0.104,-0.1727,False,"distância de tom OK, mas histórico curto para residualizar (<250 calls anteriores)"
ADI_2006Q4,ADI,2006-08-04,10.0,16.0,0.3448,,0.1314,-0.0542,-0.0178,False,"distância de tom OK, mas histórico curto para residualizar (<250 calls anteriores)"
ADI_2007Q1,ADI,2006-11-02,6.0,15.0,0.3378,,-0.0155,0.0395,0.0577,False,"distância de tom OK, mas histórico curto para residualizar (<250 calls anteriores)"
ADI_2007Q2,ADI,2007-02-07,12.0,15.0,0.3857,,0.1826,0.0986,0.2278,False,"distância de tom OK, mas histórico curto para residualizar (<250 calls anteriores)"
ADI_2007Q4,ADI,2007-08-02,7.0,16.0,0.3228,,0.346,0.0158,-0.0784,False,"distância de tom OK, mas histórico curto para residualizar (<250 calls anteriores)"
ADI_2008Q1,ADI,2007-11-01,5.0,21.0,0.2944,,0.3215,-0.064,-0.1195,False,"distância de tom OK, mas histórico curto para residualizar (<250 calls anteriores)"
ADI_2008Q2,ADI,2008-01-31,5.0,13.0,0.3204,,0.2737,-0.0355,0.2123,False,"distância de tom OK, mas histórico curto para residualizar (<250 calls anteriores)"
ADI_2008Q3,ADI,2008-05-02,5.0,16.0,0.2407,0.0133,0.2672,0.0639,-0.087,True,classificada — no sinal operável
ADI_2008Q4,ADI,2008-08-10,5.0,18.0,0.3287,0.0883,0.4167,-0.176,-0.3761,True,classificada — no sinal operável
ADI_2009Q1,ADI,2008-10-29,5.0,16.0,0.2242,-0.0373,0.1122,-0.2047,-0.0592,True,classificada — no sinal operável
ADI_2009Q2,ADI,2009-05-20,5.0,12.0,0.2877,0.0531,0.1767,0.0491,0.1885,True,classificada — no sinal operável
ADI_2009Q3,ADI,2009-08-18,4.0,14.0,0.2689,-0.0074,0.3894,0.0649,0.0924,True,classificada — no sinal operável
ADI_2009Q4,ADI,2009-11-24,5.0,13.0,0.3236,0.0257,0.4201,0.0817,-0.0019,True,classificada — no sinal operável
ADI_2010Q1,ADI,2010-02-17,3.0,10.0,0.2497,-0.0164,0.4211,0.0485,-0.0405,True,classificada — no sinal operável
ADI_2010Q2,ADI,2010-05-18,5.0,11.0,0.3998,0.0868,0.5567,0.1004,0.0343,True,classificada — no sinal operável
ADI_2011Q1,ADI,2011-02-15,5.0,11.0,0.3883,0.0626,0.5875,-0.0654,0.0064,True,classificada — no sinal operável
ADI_2011Q2,ADI,2011-05-17,5.0,8.0,0.3224,0.0934,0.5997,-0.12,-0.2489,True,classificada — no sinal operável
ADI_2011Q3,ADI,2011-08-17,5.0,15.0,0.2805,0.1057,-0.025,0.1328,0.2002,True,classificada — no sinal operável
ADI_2012Q1,ADI,2011-10-20,5.0,10.0,0.2352,0.0309,0.0732,0.015,0.1443,True,classificada — no sinal operável
ADI_2012Q2,ADI,2012-01-26,6.0,9.0,0.3745,0.1234,0.1958,-0.0261,-0.0441,True,classificada — no sinal operável
ADI_2012Q3,ADI,2012-04-26,5.0,12.0,0.2798,-0.0066,0.368,-0.061,0.003,True,classificada — no sinal operável
ADI_2012Q4,ADI,2012-07-26,5.0,23.0,0.2429,-0.0169,0.2432,0.0282,-0.0049,True,classificada — no sinal operável
ADI_2013Q1,ADI,2012-10-25,5.0,12.0,0.1905,-0.0028,0.053,0.0418,0.1475,True,classificada — no sinal operável
ADI_2013Q2,ADI,2013-01-24,5.0,14.0,0.3026,0.0207,0.4058,0.0259,0.0078,True,classificada — no sinal operável
ADI_2013Q3,ADI,2013-04-25,5.0,12.0,0.2755,-0.0159,0.3742,0.0427,0.1289,True,classificada — no sinal operável
ADI_2013Q4,ADI,2013-07-25,5.0,16.0,0.2451,-0.013,0.1965,-0.0209,-0.0313,True,classificada — no sinal operável
ADI_2014Q1,ADI,2013-10-25,5.0,14.0,0.2688,-0.0056,0.2894,0.0625,0.045,True,classificada — no sinal operável
ADI_2014Q2,ADI,2014-01-23,5.0,15.0,0.3051,-0.0266,0.4391,0.0318,0.0952,True,classificada — no sinal operável
ADI_2014Q3,ADI,2014-04-24,5.0,11.0,0.3593,0.0455,0.4728,-0.0119,-0.0256,True,classificada — no sinal operável
ADI_2014Q4,ADI,2014-07-24,5.0,14.0,0.2509,-0.033,0.3321,0.0292,-0.0912,True,classificada — no sinal operável
ADI_2015Q1,ADI,2015-02-18,5.0,21.0,0.3676,0.0574,0.6362,0.0342,0.0936,True,classificada — no sinal operável
ADI_2015Q2,ADI,2015-05-19,5.0,21.0,0.3615,0.0286,0.52,0.0703,-0.0927,True,classificada — no sinal operável
ADI_2015Q3,ADI,2015-08-17,5.0,18.0,0.3475,0.1094,0.1622,-0.0013,-0.0067,True,classificada — no sinal operável
ADI_2015Q4,ADI,2015-11-23,3.0,22.0,0.1467,-0.1373,0.4578,-0.0426,-0.0944,True,classificada — no sinal operável
ADI_2016Q1,ADI,2016-02-16,2.0,20.0,0.0605,-0.1122,0.4155,0.1214,0.0932,True,classificada — no sinal operável
ADI_2016Q2,ADI,2016-05-17,2.0,19.0,0.1417,-0.0297,0.3954,0.0802,0.2317,True,classificada — no sinal operável
ADI_2016Q3,ADI,2016-08-16,3.0,22.0,0.1465,-0.1461,0.3783,-0.0186,0.0411,True,classificada — no sinal operável
ADI_2016Q4,ADI,2016-11-21,3.0,23.0,0.1009,-0.1487,0.3849,0.0132,0.1296,True,classificada — no sinal operável
ADI_2017Q1,ADI,2017-02-14,3.0,20.0,0.0963,-0.1857,0.5871,0.0294,0.0086,True,classificada — no sinal operável
ADI_2017Q2,ADI,2017-05-30,2.0,11.0,0.2398,-0.0849,0.5552,-0.105,-0.1023,True,classificada — no sinal operável
ADI_2017Q3,ADI,2017-08-29,2.0,8.0,0.0682,-0.15,0.4951,0.0485,0.066,True,classificada — no sinal operável
ADI_2017Q4,ADI,2017-11-20,3.0,8.0,0.1455,-0.204,0.5374,-0.0378,-0.0388,True,classificada — no sinal operável
ADI_2018Q1,ADI,2018-02-27,5.0,8.0,0.3437,-0.0206,0.5401,-0.0436,0.004,True,classificada — no sinal operável
ADI_2018Q2,ADI,2018-05-29,4.0,8.0,0.1927,-0.1956,0.5724,0.0418,0.0803,True,classificada — no sinal operável
ADI_2018Q3,ADI,2018-08-21,3.0,10.0,0.1987,-0.2079,0.518,0.0325,-0.0715,True,classificada — no sinal operável
ADI_2018Q4,ADI,2018-11-19,4.0,8.0,0.3845,0.154,0.4273,-0.0186,0.2563,True,classificada — no sinal operável
ADI_2019Q1,ADI,2019-02-19,3.0,9.0,0.2259,-0.0179,0.3663,0.0387,-0.0676,True,classificada — no sinal operável
ADI_2019Q2,ADI,2019-05-21,3.0,7.0,0.2082,-0.0174,0.4115,0.1451,0.122,True,classificada — no sinal operável
ADI_2019Q3,ADI,2019-08-20,3.0,7.0,0.1924,-0.1028,0.4101,0.0685,0.0324,True,classificada — no sinal operável
ADI_2019Q4,ADI,2019-11-25,4.0,7.0,0.3397,0.172,0.0273,0.1075,0.0018,True,classificada — no sinal operável
ADI_2020Q1,ADI,2020-02-18,3.0,9.0,0.1644,-0.1302,0.3706,-0.3389,-0.129,True,classificada — no sinal operável
ADI_2020Q2,ADI,2020-05-20,3.0,7.0,0.2847,-0.0888,0.5158,0.0654,0.0474,True,classificada — no sinal operável
ADI_2020Q3,ADI,2020-08-19,3.0,8.0,0.3558,-0.0542,0.705,-0.0188,0.1601,True,classificada — no sinal operável
ADI_2020Q4,ADI,2020-11-24,3.0,8.0,0.2612,-0.033,0.7617,0.0622,0.1506,True,classificada — no sinal operável
ADI_2021Q1,ADI,2021-02-17,3.0,8.0,0.2241,-0.1628,0.7083,-0.0497,-0.0723,True,classificada — no sinal operável
ADI_2021Q2,ADI,2021-05-19,3.0,9.0,0.2901,-0.0448,0.6106,0.0483,0.0715,True,classificada — no sinal operável
ADI_2021Q3,ADI,2021-08-18,3.0,9.0,0.3514,-0.044,0.5442,0.0431,0.1414,True,classificada — no sinal operável
ADI_2021Q4,ADI,2021-11-23,3.0,8.0,0.3197,0.056,0.6624,-0.0448,-0.1117,True,classificada — no sinal operável
ADI_2022Q1,ADI,2022-02-16,4.0,7.0,0.3741,0.0543,0.6324,-0.0113,-0.0327,True,classificada — no sinal operável
ADI_2022Q2,ADI,2022-05-18,3.0,8.0,0.2102,-0.1952,0.7145,-0.0967,0.0626,True,classificada — no sinal operável
ADI_2022Q3,ADI,2022-08-17,4.0,8.0,0.4225,-0.0335,0.564,-0.1055,-0.0105,True,classificada — no sinal operável
ADI_2022Q4,ADI,2022-11-22,3.0,8.0,0.249,-0.0824,0.4237,-0.0288,0.0901,True,classificada — no sinal operável
ADI_2023Q1,ADI,2023-02-15,3.0,7.0,0.3038,-0.0714,0.7231,-0.0403,-0.0294,True,classificada — no sinal operável
ADI_2023Q2,ADI,2023-05-24,3.0,7.0,0.3012,-0.0607,0.381,0.1245,0.0481,True,classificada — no sinal operável
ADI_2023Q3,ADI,2023-08-23,3.0,8.0,0.2189,-0.1003,0.3267,-0.0026,0.0302,True,classificada — no sinal operável
ADI_2023Q4,ADI,2023-11-21,3.0,7.0,0.2545,-0.082,0.2862,0.0826,0.0486,True,classificada — no sinal operável
ADI_2024Q1,ADI,2024-02-21,3.0,9.0,0.2261,-0.1086,0.4009,-0.0054,0.1041,True,classificada — no sinal operável
ADI_2024Q2,ADI,2024-05-22,3.0,9.0,0.2119,-0.2035,0.7483,-0.0478,-0.0751,True,classificada — no sinal operável
ADI_2024Q3,ADI,2024-08-21,3.0,9.0,0.3556,0.0671,0.3582,0.0088,-0.0639,True,classificada — no sinal operável
ADI_2024Q4,ADI,2024-11-26,3.0,10.0,0.2243,-0.141,0.5637,-0.0064,0.0464,True,classificada — no sinal operável
ADI_2025Q1,ADI,2025-02-19,3.0,7.0,0.3518,-0.0418,0.7277,-0.1509,-0.0742,True,classificada — no sinal operável
ADP_2006Q3,ADP,2006-04-29,8.0,17.0,0.2442,,0.2208,0.0152,-0.0128,False,"distância de tom OK, mas histórico curto para residualizar (<250 calls anteriores)"
ADP_2006Q4,ADP,2006-08-02,5.0,17.0,0.3008,,0.5487,0.0501,0.1042,False,"distância de tom OK, mas histórico curto para residualizar (<250 calls anteriores)"
ADP_2007Q1,ADP,2006-10-31,5.0,17.0,0.2859,,0.4712,-0.0162,-0.0145,False,"distância de tom OK, mas histórico curto para residualizar (<250 calls anteriores)"
ADP_2007Q2,ADP,2007-02-06,1.0,17.0,,,0.5052,-0.0008,0.0759,False,sem distância de tom: <2 gestores identificados ou Q&A não detectado
ADP_2007Q3,ADP,2007-05-01,1.0,16.0,,,0.5702,0.067,0.0014,False,sem distância de tom: <2 gestores identificados ou Q&A não detectado
ADP_2007Q4,ADP,2007-07-31,1.0,17.0,,,0.513,0.0162,0.0403,False,sem distância de tom: <2 gestores identificados ou Q&A não detectado
ADP_2008Q1,ADP,2007-10-30,6.0,12.0,0.2921,,0.3867,-0.0718,-0.1645,False,"distância de tom OK, mas histórico curto para residualizar (<250 calls anteriores)"
ADP_2008Q2,ADP,2008-02-01,6.0,13.0,0.2968,,0.4258,0.0108,0.0892,False,"distância de tom OK, mas histórico curto para residualizar (<250 calls anteriores)"
ADP_2008Q3,ADP,2008-05-01,1.0,14.0,,,0.2741,-0.0218,-0.049,False,sem distância de tom: <2 gestores identificados ou Q&A não detectado
ADP_2008Q4,ADP,2008-07-31,1.0,16.0,,,0.3794,0.034,-0.2196,False,sem distância de tom: <2 gestores identificados ou Q&A não detectado
ADP_2009Q1,ADP,2008-11-03,1.0,16.0,,,0.1796,0.1439,0.1357,False,sem distância de tom: <2 gestores identificados ou Q&A não detectado
ADP_2009Q2,ADP,2009-02-03,5.0,13.0,0.2897,0.0349,0.1745,-0.1579,-0.0751,True,classificada — no sinal operável
ADP_2009Q3,ADP,2009-05-05,5.0,13.0,0.2562,0.1026,-0.1668,0.0583,0.0619,True,classificada — no sinal operável
ADP_2009Q4,ADP,2009-07-30,5.0,8.0,0.2851,0.1555,-0.2006,0.0464,0.0951,True,classificada — no sinal operável
ADP_2010Q1,ADP,2009-11-04,4.0,14.0,0.2842,0.0303,0.3623,0.0633,-0.0119,True,classificada — no sinal operável
ADP_2010Q2,ADP,2010-02-02,4.0,17.0,0.3329,0.0576,0.3308,0.0208,0.0572,True,classificada — no sinal operável
ADP_2010Q3,ADP,2010-04-27,1.0,18.0,,,0.2983,-0.1046,-0.0489,False,sem distância de tom: <2 gestores identificados ou Q&A não detectado
ADP_2010Q4,ADP,2010-07-30,5.0,11.0,0.3039,0.018,0.4508,-0.0652,0.0774,True,classificada — no sinal operável
ADP_2011Q1,ADP,2010-10-27,3.0,15.0,0.3097,0.0027,0.5221,0.0163,0.0959,True,classificada — no sinal operável
ADP_2011Q2,ADP,2011-01-26,5.0,17.0,0.301,0.0225,0.4503,0.0398,0.1458,True,classificada — no sinal operável
ADP_2011Q3,ADP,2011-05-02,5.0,15.0,0.3062,0.0392,0.4637,-0.0033,-0.066,True,classificada — no sinal operável
ADP_2012Q1,ADP,2011-10-26,5.0,13.0,0.283,-0.0113,0.3894,-0.0774,0.0734,True,classificada — no sinal operável
ADP_2012Q2,ADP,2012-01-25,5.0,17.0,0.2754,-0.0142,0.4229,-0.04,-0.0061,True,classificada — no sinal operável
ADP_2012Q3,ADP,2012-05-01,5.0,19.0,0.3007,-0.0118,0.4283,-0.0473,0.041,True,classificada — no sinal operável
ADP_2013Q1,ADP,2012-11-01,2.0,18.0,0.0017,-0.1952,0.3079,-0.0551,0.005,True,classificada — no sinal operável
ADP_2013Q2,ADP,2013-02-05,5.0,15.0,0.356,0.0514,0.4632,0.0461,0.1338,True,classificada — no sinal operável
ADP_2013Q3,ADP,2013-05-03,5.0,16.0,0.3147,-0.0038,0.4236,-0.0027,0.0416,True,classificada — no sinal operável
ADP_2013Q4,ADP,2013-08-01,6.0,13.0,0.3487,0.0155,0.5603,-0.0008,0.0494,True,classificada — no sinal operável
ADP_2014Q1,ADP,2013-10-30,5.0,11.0,0.3392,0.0037,0.4647,0.0776,0.0379,True,classificada — no sinal operável
ADP_2014Q2,ADP,2014-02-05,5.0,15.0,0.3598,0.0249,0.4777,0.0696,0.0611,True,classificada — no sinal operável
ADP_2014Q3,ADP,2014-04-30,5.0,12.0,0.2965,-0.0294,0.536,0.0219,0.06,True,classificada — no sinal operável
ADP_2014Q4,ADP,2014-07-31,5.0,12.0,0.3093,-0.0392,0.4899,0.0323,0.1038,True,classificada — no sinal operável
ADP_2015Q1,ADP,2014-10-29,5.0,14.0,0.3785,0.0336,0.6077,0.0995,0.0657,True,classificada — no sinal operável
ADP_2015Q2,ADP,2015-02-04,2.0,18.0,0.0,-0.199,0.5727,-0.005,-0.0061,True,classificada — no sinal operável
ADP_2015Q3,ADP,2015-04-30,5.0,12.0,0.364,0.0284,0.6398,0.0091,-0.0464,True,classificada — no sinal operável
ADP_2015Q4,ADP,2015-07-30,2.0,18.0,0.0,-0.1858,0.4443,-0.0223,0.103,True,classificada — no sinal operável
ADP_2016Q1,ADP,2015-10-28,3.0,10.0,0.3427,-0.0117,0.5627,-0.0139,-0.049,True,classificada — no sinal operável
ADP_2016Q2,ADP,2016-02-03,3.0,12.0,0.2554,-0.0453,0.4495,0.0507,0.0843,True,classificada — no sinal operável
ADP_2016Q3,ADP,2016-04-29,2.0,12.0,0.0003,-0.1567,0.3458,-0.0041,0.044,True,classificada — no sinal operável
ADP_2016Q4,ADP,2016-07-29,3.0,8.0,0.3096,-0.0612,0.5497,0.0174,-0.0101,True,classificada — no sinal operável
ADP_2017Q1,ADP,2016-11-02,2.0,12.0,0.0003,-0.163,0.6367,0.0586,0.0831,True,classificada — no sinal operável
ADP_2017Q2,ADP,2017-02-01,2.0,12.0,0.0,-0.1514,0.3871,0.0973,0.0296,True,classificada — no sinal operável
ADP_2017Q3,ADP,2017-05-03,2.0,15.0,0.0001,-0.1479,0.2999,0.0272,0.179,True,classificada — no sinal operável
ADP_2017Q4,ADP,2017-07-27,2.0,14.0,0.0001,-0.1501,0.5256,-0.0925,0.0148,True,classificada — no sinal operável
ADP_2018Q1,ADP,2017-11-02,5.0,9.0,0.3403,-0.0059,0.5543,0.0021,0.0011,True,classificada — no sinal operável
ADP_2018Q2,ADP,2018-01-31,3.0,10.0,0.325,-0.045,0.6114,-0.0733,0.0012,True,classificada — no sinal operável
ADP_2018Q3,ADP,2018-05-02,2.0,12.0,0.0002,-0.1348,0.6608,0.0909,0.0955,True,classificada — no sinal operável
ADP_2018Q4,ADP,2018-08-01,5.0,10.0,0.4067,-0.0053,0.6387,0.1065,0.0488,True,classificada — no sinal operável
ADP_2019Q1,ADP,2018-10-31,2.0,13.0,0.0003,-0.125,0.6529,0.0255,0.0049,True,classificada — no sinal operável
ADP_2019Q2,ADP,2019-01-31,3.0,11.0,0.3642,0.0839,0.326,0.097,0.1398,True,classificada — no sinal operável
ADP_2019Q3,ADP,2019-05-01,4.0,9.0,0.2295,-0.0705,0.5729,0.0169,0.0626,True,classificada — no sinal operável
ADP_2019Q4,ADP,2019-07-31,3.0,8.0,0.3433,0.0688,0.6198,0.0254,-0.0098,True,classificada — no sinal operável
ADP_2020Q1,ADP,2019-10-30,3.0,8.0,0.3047,0.012,0.4444,0.045,0.0545,True,classificada — no sinal operável
ADP_2020Q2,ADP,2020-01-29,3.0,9.0,0.3509,0.0023,0.6061,-0.0842,-0.1315,True,classificada — no sinal operável
ADP_2020Q3,ADP,2020-04-29,3.0,8.0,0.2184,-0.0217,0.2655,0.0138,-0.0454,True,classificada — no sinal operável
ADP_2020Q4,ADP,2020-07-29,3.0,7.0,0.2432,-0.016,0.2771,0.0502,0.0948,True,classificada — no sinal operável
ADP_2021Q1,ADP,2020-10-28,3.0,8.0,0.2367,-0.0833,0.4952,0.1331,0.0733,True,classificada — no sinal operável
ADP_2021Q2,ADP,2021-01-27,3.0,9.0,0.3283,0.0105,0.5465,0.0246,0.1044,True,classificada — no sinal operável
ADP_2021Q3,ADP,2021-04-28,3.0,9.0,0.0833,-0.1855,0.4668,0.055,0.1118,True,classificada — no sinal operável
ADP_2021Q4,ADP,2021-07-28,3.0,8.0,0.3333,0.0357,0.5702,-0.0044,0.0567,True,classificada — no sinal operável
ADP_2022Q1,ADP,2021-10-27,3.0,10.0,0.3585,0.0638,0.5949,0.0326,-0.1128,True,classificada — no sinal operável
ADP_2022Q2,ADP,2022-01-26,3.0,12.0,0.3113,0.0972,0.5791,0.0308,0.1558,True,classificada — no sinal operável
ADP_2022Q3,ADP,2022-04-27,4.0,9.0,0.2876,0.0029,0.6288,-0.0477,0.0497,True,classificada — no sinal operável
ADP_2022Q4,ADP,2022-07-27,4.0,9.0,0.3032,0.0582,0.5607,0.0988,0.0161,True,classificada — no sinal operável
ADP_2023Q1,ADP,2022-10-26,4.0,9.0,0.2493,-0.0537,0.6452,0.1216,-0.0572,True,classificada — no sinal operável
ADP_2023Q2,ADP,2023-01-25,3.0,9.0,0.2724,-0.0233,0.4971,-0.0231,-0.0652,True,classificada — no sinal operável
ADP_2023Q3,ADP,2023-04-26,3.0,11.0,0.3564,0.015,0.6053,-0.0075,0.1903,True,classificada — no sinal operável
ADP_2023Q4,ADP,2023-07-26,3.0,10.0,0.2183,-0.1187,0.6899,-0.0194,-0.0514,True,classificada — no sinal operável
ADP_2024Q1,ADP,2023-10-25,3.0,10.0,0.385,-0.0002,0.6407,0.0566,0.0881,True,classificada — no sinal operável
ADP_2024Q2,ADP,2024-01-31,3.0,13.0,0.2183,-0.1036,0.5698,0.0191,0.0153,True,classificada — no sinal operável
ADP_2024Q3,ADP,2024-05-01,3.0,10.0,0.39,0.0093,0.7027,-0.0044,0.0683,True,classificada — no sinal operável
ADP_2024Q4,ADP,2024-07-31,3.0,12.0,0.3343,0.0497,0.6153,0.0499,0.1115,True,classificada — no sinal operável
ADP_2025Q1,ADP,2024-10-30,3.0,14.0,0.3731,0.0366,0.6775,0.0529,0.0597,True,classificada — no sinal operável
ADP_2025Q2,ADP,2025-01-29,3.0,13.0,0.3514,0.0642,0.5103,0.0384,-0.0043,True,classificada — no sinal operável
ADP_2025Q3,ADP,2025-04-30,3.0,13.0,0.3613,0.0416,0.6223,0.088,0.0396,True,classificada — no sinal operável
ADSK_2006Q4,ADSK,2006-02-28,5.0,12.0,0.3813,,0.518,-0.0336,-0.0785,False,"distância de tom OK, mas histórico curto para residualizar (<250 calls anteriores)"
ADSK_2007Q1,ADSK,2006-05-18,7.0,12.0,0.378,,0.5043,-0.0158,-0.0469,False,"distância de tom OK, mas histórico curto para residualizar (<250 calls anteriores)"
ADSK_2007Q2,ADSK,2006-08-18,6.0,13.0,0.2404,,0.355,0.0692,0.079,False,"distância de tom OK, mas histórico curto para residualizar (<250 calls anteriores)"
ADSK_2007Q4,ADSK,2007-02-27,1.0,20.0,,,0.4101,-0.0508,0.1338,False,sem distância de tom: <2 gestores identificados ou Q&A não detectado
ADSK_2008Q1,ADSK,2007-05-17,2.0,18.0,0.0002,,0.3692,0.0706,0.0026,False,"distância de tom OK, mas histórico curto para residualizar (<250 calls anteriores)"
ADSK_2008Q2,ADSK,2007-08-16,5.0,11.0,0.2844,,0.3862,0.0571,0.0643,False,"distância de tom OK, mas histórico curto para residualizar (<250 calls anteriores)"
ADSK_2008Q3,ADSK,2007-11-15,1.0,15.0,,,0.4042,0.082,-0.1553,False,sem distância de tom: <2 gestores identificados ou Q&A não detectado
ADSK_2008Q4,ADSK,2008-02-27,2.0,18.0,0.0,,0.3576,-0.0326,0.2089,False,"distância de tom OK, mas histórico curto para residualizar (<250 calls anteriores)"
ADSK_2009Q1,ADSK,2008-05-15,5.0,13.0,0.2549,-0.0237,0.3637,-0.0533,-0.1721,True,classificada — no sinal operável
ADSK_2009Q2,ADSK,2008-08-14,5.0,13.0,0.2977,0.0109,0.4465,-0.1149,-0.496,True,classificada — no sinal operável
ADSK_2009Q3,ADSK,2008-11-20,5.0,13.0,0.1877,-0.0158,-0.077,0.3456,0.0759,True,classificada — no sinal operável
ADSK_2009Q4,ADSK,2009-02-27,1.0,17.0,,,-0.0627,0.2165,0.7141,False,sem distância de tom: <2 gestores identificados ou Q&A não detectado
ADSK_2010Q1,ADSK,2009-05-21,4.0,15.0,0.155,-0.0462,0.0606,-0.0722,0.1373,True,classificada — no sinal operável
ADSK_2010Q2,ADSK,2009-08-13,4.0,14.0,0.1891,-0.0363,0.189,-0.0512,0.0984,True,classificada — no sinal operável
ADSK_2010Q3,ADSK,2009-11-18,17.0,,0.278,,0.2889,0.0186,0.0795,False,"distância de tom OK, mas confundidor ausente (analyst_tone, analyst_tone_distance)"
ADSK_2010Q4,ADSK,2010-02-23,1.0,21.0,,,0.3193,0.064,0.0636,False,sem distância de tom: <2 gestores identificados ou Q&A não detectado
ADSK_2011Q4,ADSK,2011-02-24,4.0,15.0,0.2517,0.0262,0.5159,0.0302,0.009,True,classificada — no sinal operável
ADSK_2012Q1,ADSK,2011-05-19,4.0,13.0,0.246,0.0227,0.3629,-0.1952,-0.4024,True,classificada — no sinal operável
ADSK_2012Q2,ADSK,2011-08-19,4.0,14.0,0.2292,-0.004,0.3245,0.1611,0.423,True,classificada — no sinal operável
ADSK_2012Q3,ADSK,2011-11-15,4.0,17.0,0.1825,-0.0628,0.2726,-0.1218,0.1173,True,classificada — no sinal operável
ADSK_2012Q4,ADSK,2012-02-23,4.0,16.0,0.2358,0.0028,0.4543,0.0745,-0.1583,True,classificada — no sinal operável
ADSK_2013Q1,ADSK,2012-05-17,4.0,15.0,0.1901,-0.0175,0.2352,0.0549,0.0872,True,classificada — no sinal operável
ADSK_2013Q2,ADSK,2012-08-23,4.0,17.0,0.1651,-0.025,-0.0851,0.197,0.1527,True,classificada — no sinal operável
ADSK_2013Q3,ADSK,2012-11-15,2.0,14.0,0.0025,-0.1883,0.3203,0.1317,0.2648,True,classificada — no sinal operável
ADSK_2013Q4,ADSK,2013-02-25,4.0,17.0,0.1899,-0.0334,0.3315,0.1303,0.0045,True,classificada — no sinal operável
ADSK_2014Q1,ADSK,2013-05-16,4.0,15.0,0.2075,-0.008,0.1514,-0.0359,-0.0193,True,classificada — no sinal operável
ADSK_2014Q2,ADSK,2013-08-22,4.0,15.0,0.2116,-0.0431,0.2203,0.0478,0.0884,True,classificada — no sinal operável
ADSK_2014Q3,ADSK,2013-11-21,4.0,17.0,0.2557,0.0259,0.3158,0.1334,0.2525,True,classificada — no sinal operável
ADSK_2014Q4,ADSK,2014-02-26,1.0,15.0,,,0.4479,-0.1559,-0.0958,False,sem distância de tom: <2 gestores identificados ou Q&A não detectado
ADSK_2015Q1,ADSK,2014-05-16,3.0,16.0,0.2781,0.037,0.4007,0.0666,0.0281,True,classificada — no sinal operável
ADSK_2015Q2,ADSK,2014-08-14,3.0,14.0,0.2733,0.025,0.3606,-0.0806,0.0092,True,classificada — no sinal operável
ADSK_2015Q3,ADSK,2014-11-20,3.0,16.0,0.1812,-0.0581,0.2167,-0.0133,0.0175,True,classificada — no sinal operável
ADSK_2015Q4,ADSK,2015-02-27,4.0,16.0,0.1626,-0.0329,0.3002,-0.0742,-0.1546,True,classificada — no sinal operável
ADSK_2016Q1,ADSK,2015-05-20,4.0,15.0,0.1756,-0.0292,0.1855,-0.0666,-0.0535,True,classificada — no sinal operável
ADSK_2016Q2,ADSK,2015-08-28,4.0,13.0,0.1612,-0.0242,0.2818,-0.0442,0.3321,True,classificada — no sinal operável
ADSK_2016Q3,ADSK,2015-11-19,4.0,11.0,0.1656,-0.0214,0.2858,-0.0064,-0.1794,True,classificada — no sinal operável
ADSK_2016Q4,ADSK,2016-02-25,4.0,14.0,0.1735,-0.0273,0.2129,0.1213,0.1567,True,classificada — no sinal operável
ADSK_2017Q1,ADSK,2016-05-20,3.0,13.0,0.2604,-0.0096,0.3513,0.0336,0.1346,True,classificada — no sinal operável
ADSK_2017Q2,ADSK,2016-08-25,3.0,15.0,0.2916,0.0426,0.3204,0.077,0.1386,True,classificada — no sinal operável
ADSK_2017Q3,ADSK,2016-11-29,5.0,11.0,0.2158,-0.0741,0.3462,0.0312,0.2009,True,classificada — no sinal operável
ADSK_2017Q4,ADSK,2017-03-02,7.0,10.0,0.2847,0.0059,0.3928,-0.0061,0.2992,True,classificada — no sinal operável
ADSK_2018Q1,ADSK,2017-05-18,6.0,12.0,0.3116,0.0374,0.3319,-0.017,-0.001,True,classificada — no sinal operável
ADSK_2018Q2,ADSK,2017-08-24,5.0,12.0,0.222,-0.0238,0.3827,-0.045,0.111,True,classificada — no sinal operável
ADSK_2018Q3,ADSK,2017-11-29,5.0,13.0,0.3318,0.0898,0.2368,-0.0439,0.0606,True,classificada — no sinal operável
ADSK_2018Q4,ADSK,2018-03-06,1.0,14.0,,,0.4324,-0.0375,0.0285,False,sem distância de tom: <2 gestores identificados ou Q&A não detectado
ADSK_2019Q1,ADSK,2018-05-25,5.0,13.0,0.2675,-0.006,0.4022,-0.0112,0.1941,True,classificada — no sinal operável
ADSK_2019Q2,ADSK,2018-08-23,5.0,10.0,0.3191,0.0102,0.5397,0.0029,-0.1139,True,classificada — no sinal operável
ADSK_2019Q3,ADSK,2018-11-20,5.0,13.0,0.3456,0.0759,0.5778,-0.1154,0.2054,True,classificada — no sinal operável
ADSK_2019Q4,ADSK,2019-02-28,3.0,11.0,0.3402,-0.0253,0.5734,-0.0712,-0.0307,True,classificada — no sinal operável
ADSK_2020Q1,ADSK,2019-05-23,3.0,11.0,0.3641,-0.0294,0.6944,0.0487,-0.0963,True,classificada — no sinal operável
ADSK_2020Q2,ADSK,2019-08-27,3.0,10.0,0.3184,-0.0635,0.511,0.1342,0.2849,True,classificada — no sinal operável
ADSK_2020Q3,ADSK,2019-11-26,3.0,9.0,0.3112,0.0127,0.5964,0.0871,0.1193,True,classificada — no sinal operável
ADSK_2020Q4,ADSK,2020-02-27,3.0,8.0,0.2588,-0.0243,0.4505,-0.1982,0.1476,True,classificada — no sinal operável
ADSK_2021Q1,ADSK,2020-05-27,3.0,12.0,0.219,-0.0189,0.3623,0.194,0.2844,True,classificada — no sinal operável
ADSK_2021Q2,ADSK,2020-08-25,3.0,11.0,0.3104,-0.0171,0.526,-0.1042,0.0429,True,classificada — no sinal operável
ADSK_2021Q3,ADSK,2020-11-25,3.0,9.0,0.2806,0.0172,0.5039,0.1009,0.0444,True,classificada — no sinal operável
ADSK_2021Q4,ADSK,2021-02-25,2.0,9.0,0.3418,0.0,0.5614,-0.0509,0.032,True,classificada — no sinal operável
ADSK_2022Q1,ADSK,2021-05-27,3.0,8.0,0.3462,0.0505,0.6094,0.0222,0.0808,True,classificada — no sinal operável
ADSK_2022Q2,ADSK,2021-08-25,3.0,8.0,0.384,0.057,0.6569,-0.071,-0.0416,True,classificada — no sinal operável
ADSK_2022Q3,ADSK,2021-11-23,3.0,8.0,0.2922,-0.0407,0.4985,0.0689,-0.17,True,classificada — no sinal operável
ADSK_2022Q4,ADSK,2022-02-24,3.0,9.0,0.2791,-0.0339,0.5579,-0.0277,-0.1451,True,classificada — no sinal operável
ADSK_2023Q1,ADSK,2022-05-26,3.0,9.0,0.3288,0.0042,0.555,-0.1333,0.0185,True,classificada — no sinal operável
ADSK_2023Q2,ADSK,2022-08-24,3.0,10.0,0.2632,0.0153,0.4834,-0.2137,-0.11,True,classificada — no sinal operável
ADSK_2023Q3,ADSK,2022-11-22,3.0,11.0,0.2106,-0.0237,0.2681,-0.0139,0.0093,True,classificada — no sinal operável
ADSK_2023Q4,ADSK,2023-02-23,3.0,10.0,0.2746,0.0093,0.4167,-0.0146,-0.0317,True,classificada — no sinal operável
ADSK_2024Q1,ADSK,2023-05-25,3.0,10.0,0.2865,-0.0178,0.4539,0.0303,0.0755,True,classificada — no sinal operável
ADSK_2024Q2,ADSK,2023-08-23,3.0,12.0,0.3333,0.0163,0.5064,-0.0532,0.0101,True,classificada — no sinal operável
ADSK_2024Q3,ADSK,2023-11-21,3.0,10.0,0.2472,-0.0592,0.5137,0.2019,0.278,True,classificada — no sinal operável
ADSK_2024Q4,ADSK,2024-02-29,3.0,9.0,0.2215,-0.0504,0.3994,-0.0566,-0.273,True,classificada — no sinal operável
ADSK_2025Q2,ADSK,2024-08-29,3.0,8.0,0.3314,0.011,0.636,0.0203,0.0764,True,classificada — no sinal operável
ADSK_2025Q3,ADSK,2024-11-26,3.0,13.0,0.213,-0.0647,0.4951,0.015,-0.0722,True,classificada — no sinal operável
ADSK_2025Q4,ADSK,2025-02-27,3.0,12.0,0.2291,-0.0845,0.4847,-0.0637,0.0629,True,classificada — no sinal operável
AKAM_2005Q4,AKAM,2006-02-11,7.0,10.0,0.357,,0.5793,0.0339,0.3539,False,"distância de tom OK, mas histórico curto para residualizar (<250 calls anteriores)"
AKAM_2006Q1,AKAM,2006-04-26,4.0,10.0,0.3973,,0.6195,-0.0194,-0.0898,False,"distância de tom OK, mas histórico curto para residualizar (<250 calls anteriores)"
AKAM_2006Q2,AKAM,2006-07-26,5.0,10.0,0.353,,0.5672,0.0631,0.3789,False,"distância de tom OK, mas histórico curto para residualizar (<250 calls anteriores)"
AKAM_2006Q3,AKAM,2006-10-27,3.0,14.0,0.3079,,0.5051,0.0373,0.2187,False,"distância de tom OK, mas histórico curto para residualizar (<250 calls anteriores)"
AKAM_2006Q4,AKAM,2007-02-07,1.0,14.0,,,0.6532,-0.0894,-0.1989,False,sem distância de tom: <2 gestores identificados ou Q&A não detectado
AKAM_2007Q1,AKAM,2007-04-25,5.0,13.0,0.319,,0.4507,-0.1446,-0.0509,False,"distância de tom OK, mas histórico curto para residualizar (<250 calls anteriores)"
AKAM_2007Q2,AKAM,2007-07-25,4.0,15.0,0.4047,,0.5808,-0.2095,-0.1179,False,"distância de tom OK, mas histórico curto para residualizar (<250 calls anteriores)"
AKAM_2007Q3,AKAM,2007-10-24,1.0,16.0,,,0.3558,0.0239,-0.1687,False,sem distância de tom: <2 gestores identificados ou Q&A não detectado
AKAM_2007Q4,AKAM,2008-02-06,5.0,14.0,0.3426,,0.5471,0.0976,0.1657,False,"distância de tom OK, mas histórico curto para residualizar (<250 calls anteriores)"
AKAM_2008Q1,AKAM,2008-04-30,1.0,19.0,,,0.558,0.0671,-0.1214,False,sem distância de tom: <2 gestores identificados ou Q&A não detectado
AKAM_2008Q2,AKAM,2008-07-30,1.0,15.0,,,0.4729,-0.071,-0.4701,False,sem distância de tom: <2 gestores identificados ou Q&A não detectado
AKAM_2008Q3,AKAM,2008-10-30,3.0,15.0,0.3318,0.0387,0.4064,-0.2695,-0.0682,True,classificada — no sinal operável
AKAM_2008Q4,AKAM,2009-02-05,3.0,19.0,0.3381,0.0861,0.4115,-0.069,0.2336,True,classificada — no sinal operável
AKAM_2009Q1,AKAM,2009-04-29,5.0,16.0,0.3041,-0.0103,0.4761,0.0137,-0.0715,True,classificada — no sinal operável
AKAM_2009Q2,AKAM,2009-07-29,1.0,16.0,,,0.325,0.0829,0.2589,False,sem distância de tom: <2 gestores identificados ou Q&A não detectado
AKAM_2009Q3,AKAM,2009-10-28,5.0,14.0,0.3852,-0.0028,0.5608,0.0712,0.1061,True,classificada — no sinal operável
AKAM_2009Q4,AKAM,2010-02-03,4.0,16.0,0.3769,0.0302,0.5367,0.1415,0.4894,True,classificada — no sinal operável
AKAM_2010Q1,AKAM,2010-04-28,1.0,18.0,,,0.5583,0.0947,0.1984,False,sem distância de tom: <2 gestores identificados ou Q&A não detectado
AKAM_2010Q2,AKAM,2010-07-29,5.0,16.0,0.2678,-0.0093,0.393,0.2569,0.3402,True,classificada — no sinal operável
AKAM_2010Q3,AKAM,2010-10-27,5.0,15.0,0.3172,-0.0151,0.491,-0.0233,-0.0904,True,classificada — no sinal operável
AKAM_2010Q4,AKAM,2011-02-09,5.0,13.0,0.3815,0.038,0.6208,-0.1317,-0.1811,True,classificada — no sinal operável
AKAM_2011Q1,AKAM,2011-04-28,5.0,17.0,0.3689,0.0013,0.5022,-0.0355,-0.3169,True,classificada — no sinal operável
AKAM_2011Q2,AKAM,2011-07-27,6.0,13.0,0.3669,0.0131,0.4624,-0.1839,-0.0498,True,classificada — no sinal operável
AKAM_2011Q3,AKAM,2011-10-26,6.0,17.0,0.4756,0.139,0.5744,-0.0398,0.1682,True,classificada — no sinal operável
AKAM_2011Q4,AKAM,2012-02-08,7.0,15.0,0.3622,0.0327,0.6214,-0.0534,-0.1796,True,classificada — no sinal operável
AKAM_2012Q1,AKAM,2012-04-25,6.0,18.0,0.3653,0.0444,0.5349,-0.1923,-0.2239,True,classificada — no sinal operável
AKAM_2012Q2,AKAM,2012-07-25,6.0,14.0,0.4025,0.0243,0.7214,0.11,0.0909,True,classificada — no sinal operável
AKAM_2012Q3,AKAM,2012-10-24,2.0,20.0,0.0011,-0.2261,0.6912,-0.1303,0.0108,True,classificada — no sinal operável
AKAM_2012Q4,AKAM,2013-02-06,5.0,12.0,0.3795,-0.0105,0.6169,0.1018,0.3399,True,classificada — no sinal operável
AKAM_2013Q1,AKAM,2013-04-24,5.0,15.0,0.434,0.0768,0.6981,0.097,0.0383,True,classificada — no sinal operável
AKAM_2013Q2,AKAM,2013-07-24,5.0,19.0,0.4284,0.0424,0.6857,0.1129,0.2562,True,classificada — no sinal operável
AKAM_2013Q3,AKAM,2013-10-23,5.0,16.0,0.3554,0.0084,0.5176,-0.05,0.0331,True,classificada — no sinal operável
AKAM_2013Q4,AKAM,2014-02-05,6.0,14.0,0.2956,-0.0482,0.523,0.1093,-0.0569,True,classificada — no sinal operável
AKAM_2014Q1,AKAM,2014-05-01,5.0,14.0,0.3539,0.0242,0.545,-0.0159,0.0684,True,classificada — no sinal operável
AKAM_2014Q2,AKAM,2014-07-30,6.0,16.0,0.2484,-0.0195,0.4182,0.0297,-0.0196,True,classificada — no sinal operável
AKAM_2014Q3,AKAM,2014-10-29,5.0,18.0,0.3225,-0.0038,0.5776,0.1554,0.0401,True,classificada — no sinal operável
AKAM_2014Q4,AKAM,2015-02-10,5.0,13.0,0.4052,0.0155,0.6413,0.094,0.1702,True,classificada — no sinal operável
AKAM_2015Q1,AKAM,2015-04-28,5.0,15.0,0.2808,-0.0148,0.406,0.0479,0.0019,True,classificada — no sinal operável
AKAM_2015Q2,AKAM,2015-07-28,2.0,18.0,0.0001,-0.1891,0.501,0.0018,0.1076,True,classificada — no sinal operável
AKAM_2015Q3,AKAM,2015-10-27,2.0,17.0,0.0002,-0.1699,0.3288,-0.0683,-0.2979,True,classificada — no sinal operável
AKAM_2015Q4,AKAM,2016-02-09,5.0,15.0,0.3158,-0.0077,0.5169,0.1628,0.106,True,classificada — no sinal operável
AKAM_2016Q1,AKAM,2016-04-26,5.0,18.0,0.3621,0.0016,0.5305,0.0146,0.115,True,classificada — no sinal operável
AKAM_2016Q2,AKAM,2016-07-26,5.0,14.0,0.2789,-0.0496,0.3393,0.0537,0.1485,True,classificada — no sinal operável
AKAM_2016Q3,AKAM,2016-10-25,5.0,17.0,0.3157,-0.0078,0.5225,0.0329,0.0531,True,classificada — no sinal operável
AKAM_2016Q4,AKAM,2017-02-07,5.0,16.0,0.3256,-0.0261,0.484,-0.0357,-0.243,True,classificada — no sinal operável
AKAM_2017Q1,AKAM,2017-05-02,5.0,13.0,0.2984,-0.078,0.4049,-0.1039,-0.1182,True,classificada — no sinal operável
AKAM_2017Q2,AKAM,2017-07-25,5.0,10.0,0.341,-0.0887,0.5781,-0.0907,0.0302,True,classificada — no sinal operável
AKAM_2017Q3,AKAM,2017-10-24,6.0,16.0,0.3751,-0.0186,0.5626,0.0007,0.2016,True,classificada — no sinal operável
AKAM_2017Q4,AKAM,2018-02-06,5.0,18.0,0.3506,0.0751,0.5865,0.1082,0.0875,True,classificada — no sinal operável
AKAM_2018Q1,AKAM,2018-04-30,4.0,15.0,0.3268,-0.0195,0.583,0.0281,0.0174,True,classificada — no sinal operável
AKAM_2018Q2,AKAM,2018-07-31,5.0,13.0,0.3749,-0.0015,0.6254,0.0707,-0.1169,True,classificada — no sinal operável
AKAM_2018Q3,AKAM,2018-10-29,5.0,9.0,0.3913,0.0017,0.732,-0.0053,-0.0696,True,classificada — no sinal operável
AKAM_2018Q4,AKAM,2019-02-12,5.0,11.0,0.3503,0.0173,0.5863,0.0335,0.0763,True,classificada — no sinal operável
AKAM_2019Q1,AKAM,2019-04-30,3.0,15.0,0.2808,-0.0657,0.6351,-0.107,-0.023,True,classificada — no sinal operável
AKAM_2019Q2,AKAM,2019-07-30,3.0,16.0,0.2864,-0.0383,0.4451,0.0375,0.0527,True,classificada — no sinal operável
AKAM_2019Q3,AKAM,2019-10-28,3.0,12.0,0.3705,-0.0128,0.6747,-0.0254,0.0422,True,classificada — no sinal operável
AKAM_2019Q4,AKAM,2020-02-11,3.0,15.0,0.2491,-0.0445,0.4872,-0.1991,-0.0419,True,classificada — no sinal operável
AKAM_2020Q1,AKAM,2020-04-28,3.0,14.0,0.3142,-0.0119,0.3441,0.0495,0.1421,True,classificada — no sinal operável
AKAM_2020Q2,AKAM,2020-07-28,3.0,16.0,0.1178,-0.1228,0.3159,0.031,-0.027,True,classificada — no sinal operável
AKAM_2020Q3,AKAM,2020-10-27,3.0,14.0,0.1941,-0.1038,0.4748,0.0253,0.1146,True,classificada — no sinal operável
AKAM_2020Q4,AKAM,2021-02-09,3.0,12.0,0.1952,-0.1146,0.4609,-0.097,0.0355,True,classificada — no sinal operável
AKAM_2021Q1,AKAM,2021-05-04,3.0,9.0,0.2516,-0.0814,0.6243,0.0559,0.1043,True,classificada — no sinal operável
AKAM_2021Q2,AKAM,2021-08-03,3.0,10.0,0.1758,-0.1336,0.4725,-0.0014,-0.0719,True,classificada — no sinal operável
AKAM_2021Q3,AKAM,2021-11-02,3.0,10.0,0.3643,0.0373,0.6473,0.0369,0.0824,True,classificada — no sinal operável
AKAM_2021Q4,AKAM,2022-02-15,4.0,12.0,0.1975,-0.1101,0.4753,0.0938,-0.0661,True,classificada — no sinal operável
AKAM_2022Q1,AKAM,2022-05-03,3.0,12.0,0.2263,-0.0395,0.2446,0.0373,-0.0308,True,classificada — no sinal operável
AKAM_2022Q2,AKAM,2022-08-09,3.0,11.0,0.2923,-0.0191,0.3401,-0.0547,-0.1213,True,classificada — no sinal operável
AKAM_2022Q3,AKAM,2022-11-08,3.0,13.0,0.3823,0.1424,0.2579,0.0868,0.0358,True,classificada — no sinal operável
AKAM_2022Q4,AKAM,2023-02-14,4.0,11.0,0.192,-0.0448,0.2898,-0.1104,0.0655,True,classificada — no sinal operável
AKAM_2023Q1,AKAM,2023-05-09,3.0,6.0,0.2459,-0.0471,0.6311,0.1132,0.2379,True,classificada — no sinal operável
AKAM_2023Q2,AKAM,2023-08-08,,,,,0.7604,0.0253,0.0684,False,sem distância de tom: <2 gestores identificados ou Q&A não detectado
AKAM_2023Q3,AKAM,2023-11-07,3.0,12.0,0.2367,-0.0448,0.3767,0.0484,0.1565,True,classificada — no sinal operável
AKAM_2023Q4,AKAM,2024-02-13,4.0,12.0,0.2134,-0.0028,0.3352,-0.0854,-0.2182,True,classificada — no sinal operável
AKAM_2024Q1,AKAM,2024-05-09,3.0,11.0,0.2271,-0.0021,0.2855,-0.041,0.0776,True,classificada — no sinal operável
AKAM_2024Q2,AKAM,2024-08-08,3.0,11.0,0.2969,0.0053,0.3972,-0.03,0.0684,True,classificada — no sinal operável
AKAM_2024Q3,AKAM,2024-11-07,3.0,6.0,0.3265,-0.0068,0.5273,0.0124,0.0354,True,classificada — no sinal operável
AKAM_2024Q4,AKAM,2025-02-20,3.0,12.0,0.2585,0.0063,0.4762,-0.0894,-0.1413,True,classificada — no sinal operável
AKAM_2025Q1,AKAM,2025-05-08,3.0,7.0,0.3248,0.0067,0.621,-0.0593,-0.1502,True,classificada — no sinal operável
ALTR_2005Q3,ALTR,2005-11-23,,,,,-0.1216,,,False,sem distância de tom: <2 gestores identificados ou Q&A não detectado
ALTR_2005Q4,ALTR,2006-01-30,3.0,11.0,0.2205,,0.1186,,,False,"distância de tom OK, mas sem pregão de decisão (call não alinhada a preços)"
ALTR_2006Q1,ALTR,2006-04-29,,,,,0.2536,,,False,sem distância de tom: <2 gestores identificados ou Q&A não detectado
ALTR_2006Q2,ALTR,2006-07-25,3.0,11.0,0.2902,,0.3559,,,False,"distância de tom OK, mas sem pregão de decisão (call não alinhada a preços)"
ALTR_2006Q3,ALTR,2006-11-07,3.0,14.0,0.2024,,0.2638,,,False,"distância de tom OK, mas sem pregão de decisão (call não alinhada a preços)"
ALTR_2006Q4,ALTR,2007-02-14,3.0,14.0,0.3078,,0.0848,,,False,"distância de tom OK, mas sem pregão de decisão (call não alinhada a preços)"
ALTR_2007Q1,ALTR,2007-04-24,3.0,12.0,0.2237,,0.2641,,,False,"distância de tom OK, mas sem pregão de decisão (call não alinhada a preços)"
ALTR_2007Q2,ALTR,2007-07-24,3.0,11.0,0.2261,,0.3954,,,False,"distância de tom OK, mas sem pregão de decisão (call não alinhada a preços)"
ALTR_2007Q3,ALTR,2007-10-24,5.0,8.0,0.332,,0.087,,,False,"distância de tom OK, mas sem pregão de decisão (call não alinhada a preços)"
ALTR_2007Q4,ALTR,2008-02-01,,,,,0.4824,,,False,sem distância de tom: <2 gestores identificados ou Q&A não detectado
ALTR_2008Q1,ALTR,2008-04-17,4.0,12.0,0.3113,,0.395,,,False,"distância de tom OK, mas sem pregão de decisão (call não alinhada a preços)"
ALTR_2008Q2,ALTR,2008-07-16,3.0,11.0,0.3217,,0.5367,,,False,"distância de tom OK, mas sem pregão de decisão (call não alinhada a preços)"
ALTR_2008Q3,ALTR,2008-10-15,3.0,11.0,0.2792,,0.3527,,,False,"distância de tom OK, mas sem pregão de decisão (call não alinhada a preços)"
ALTR_2008Q4,ALTR,2009-01-28,4.0,10.0,0.3433,,0.3753,,,False,"distância de tom OK, mas sem pregão de decisão (call não alinhada a preços)"
ALTR_2009Q1,ALTR,2009-04-21,3.0,12.0,0.275,,0.1156,,,False,"distância de tom OK, mas sem pregão de decisão (call não alinhada a preços)"
ALTR_2009Q2,ALTR,2009-07-15,3.0,13.0,0.2669,,0.3186,,,False,"distância de tom OK, mas sem pregão de decisão (call não alinhada a preços)"
ALTR_2009Q4,ALTR,2010-01-27,4.0,12.0,0.2346,,0.3971,,,False,"distância de tom OK, mas sem pregão de decisão (call não alinhada a preços)"
ALTR_2010Q1,ALTR,2010-04-21,3.0,15.0,0.3004,,0.5181,,,False,"distância de tom OK, mas sem pregão de decisão (call não alinhada a preços)"
ALTR_2010Q2,ALTR,2010-07-21,,,,,0.3734,,,False,sem distância de tom: <2 gestores identificados ou Q&A não detectado
ALTR_2010Q4,ALTR,2011-01-26,3.0,17.0,0.2865,,0.4544,,,False,"distância de tom OK, mas sem pregão de decisão (call não alinhada a preços)"
ALTR_2011Q1,ALTR,2011-04-27,3.0,14.0,0.2268,,0.2647,,,False,"distância de tom OK, mas sem pregão de decisão (call não alinhada a preços)"
ALTR_2011Q2,ALTR,2011-07-20,7.0,16.0,0.3863,,0.2367,,,False,"distância de tom OK, mas sem pregão de decisão (call não alinhada a preços)"
ALTR_2011Q3,ALTR,2011-10-21,,,,,-0.0731,,,False,sem distância de tom: <2 gestores identificados ou Q&A não detectado
ALTR_2011Q4,ALTR,2012-01-25,,,,,0.4354,,,False,sem distância de tom: <2 gestores identificados ou Q&A não detectado
ALTR_2012Q1,ALTR,2012-04-20,14.0,6.0,0.2576,,0.0675,,,False,"distância de tom OK, mas sem pregão de decisão (call não alinhada a preços)"
ALTR_2012Q2,ALTR,2012-07-25,4.0,15.0,0.2335,,0.376,,,False,"distância de tom OK, mas sem pregão de decisão (call não alinhada a preços)"
ALTR_2012Q3,ALTR,2012-10-24,3.0,15.0,0.2558,,0.2455,,,False,"distância de tom OK, mas sem pregão de decisão (call não alinhada a preços)"
ALTR_2012Q4,ALTR,2013-01-24,,,,,-0.0886,,,False,sem distância de tom: <2 gestores identificados ou Q&A não detectado
ALTR_2013Q1,ALTR,2013-04-26,5.0,16.0,0.2779,,0.3877,,,False,"distância de tom OK, mas sem pregão de decisão (call não alinhada a preços)"
ALTR_2013Q2,ALTR,2013-07-24,,,,,0.2378,,,False,sem distância de tom: <2 gestores identificados ou Q&A não detectado
ALTR_2013Q3,ALTR,2013-10-23,4.0,12.0,0.2977,,0.2417,,,False,"distância de tom OK, mas sem pregão de decisão (call não alinhada a preços)"
ALTR_2013Q4,ALTR,2014-01-24,3.0,18.0,0.2448,,0.2168,,,False,"distância de tom OK, mas sem pregão de decisão (call não alinhada a preços)"
ALTR_2014Q1,ALTR,2014-04-24,6.0,5.0,0.3423,,0.2375,,,False,"distância de tom OK, mas sem pregão de decisão (call não alinhada a preços)"
ALTR_2014Q2,ALTR,2014-07-25,3.0,11.0,0.295,,0.3973,,,False,"distância de tom OK, mas sem pregão de decisão (call não alinhada a preços)"
ALTR_2014Q3,ALTR,2014-10-24,4.0,15.0,0.3157,,0.1101,,,False,"distância de tom OK, mas sem pregão de decisão (call não alinhada a preços)"
ALTR_2014Q4,ALTR,2015-01-23,3.0,18.0,0.3196,,0.4471,,,False,"distância de tom OK, mas sem pregão de decisão (call não alinhada a preços)"
ALTR_2015Q1,ALTR,2015-04-24,4.0,13.0,0.2994,,0.1153,,,False,"distância de tom OK, mas sem pregão de decisão (call não alinhada a preços)"
AMAT_2006Q1,AMAT,2006-02-17,5.0,23.0,0.3002,,0.5493,-0.1121,-0.1355,False,"distância de tom OK, mas histórico curto para residualizar (<250 calls anteriores)"
AMAT_2006Q2,AMAT,2006-05-16,4.0,20.0,0.4023,,0.5478,-0.03,-0.0927,False,"distância de tom OK, mas histórico curto para residualizar (<250 calls anteriores)"
AMAT_2006Q3,AMAT,2006-08-15,5.0,12.0,0.3779,,0.5109,0.1098,0.1625,False,"distância de tom OK, mas histórico curto para residualizar (<250 calls anteriores)"
AMAT_2006Q4,AMAT,2006-11-15,6.0,14.0,0.3506,,0.3568,-0.0066,0.0308,False,"distância de tom OK, mas histórico curto para residualizar (<250 calls anteriores)"
AMAT_2007Q1,AMAT,2007-02-13,2.0,19.0,0.0001,,0.366,-0.0027,0.066,False,"distância de tom OK, mas histórico curto para residualizar (<250 calls anteriores)"
AMAT_2007Q3,AMAT,2007-08-14,5.0,16.0,0.3232,,0.3599,-0.0005,-0.1099,False,"distância de tom OK, mas histórico curto para residualizar (<250 calls anteriores)"
AMAT_2007Q4,AMAT,2007-11-14,2.0,16.0,0.0,,0.3418,-0.0274,0.0455,False,"distância de tom OK, mas histórico curto para residualizar (<250 calls anteriores)"
AMAT_2008Q1,AMAT,2008-02-12,5.0,15.0,0.2879,,0.3369,0.0895,0.0305,False,"distância de tom OK, mas histórico curto para residualizar (<250 calls anteriores)"
AMAT_2008Q2,AMAT,2008-05-14,2.0,12.0,0.0001,-0.1818,0.5069,0.0141,-0.0211,True,classificada — no sinal operável
AMAT_2008Q3,AMAT,2008-08-12,2.0,17.0,0.0,-0.1792,0.5526,-0.1206,-0.4303,True,classificada — no sinal operável
AMAT_2008Q4,AMAT,2008-11-13,2.0,19.0,0.0,-0.1767,0.3151,0.046,-0.0424,True,classificada — no sinal operável
AMAT_2009Q1,AMAT,2009-02-10,1.0,19.0,,,-0.0336,0.0707,0.2185,False,sem distância de tom: <2 gestores identificados ou Q&A não detectado
AMAT_2009Q2,AMAT,2009-05-12,5.0,16.0,0.3025,0.0074,0.3823,0.0009,0.192,True,classificada — no sinal operável
AMAT_2009Q3,AMAT,2009-08-11,5.0,16.0,0.3387,0.0455,0.4806,0.0164,-0.0281,True,classificada — no sinal operável
AMAT_2009Q4,AMAT,2009-11-12,2.0,21.0,0.0001,-0.183,0.5369,0.0544,0.007,True,classificada — no sinal operável
AMAT_2010Q1,AMAT,2010-02-17,1.0,18.0,,,0.4532,-0.007,0.0174,False,sem distância de tom: <2 gestores identificados ou Q&A não detectado
AMAT_2010Q2,AMAT,2010-05-19,5.0,14.0,0.3501,0.0009,0.5083,0.0731,-0.0846,True,classificada — no sinal operável
AMAT_2011Q1,AMAT,2011-02-24,5.0,12.0,0.4029,0.0673,0.6708,-0.0374,-0.1354,True,classificada — no sinal operável
AMAT_2011Q2,AMAT,2011-05-24,5.0,13.0,0.2734,0.0218,0.3618,-0.0436,-0.1425,True,classificada — no sinal operável
AMAT_2011Q3,AMAT,2011-08-24,5.0,14.0,0.2993,0.0207,0.2843,-0.0159,-0.0108,True,classificada — no sinal operável
AMAT_2011Q4,AMAT,2011-11-16,5.0,14.0,0.2978,0.0236,0.2952,-0.1352,0.0875,True,classificada — no sinal operável
AMAT_2012Q1,AMAT,2012-02-16,5.0,14.0,0.344,0.0256,0.5173,-0.0686,-0.2392,True,classificada — no sinal operável
AMAT_2012Q2,AMAT,2012-05-17,5.0,15.0,0.322,-0.0012,0.4448,0.0606,0.1551,True,classificada — no sinal operável
AMAT_2012Q3,AMAT,2012-08-15,5.0,12.0,0.2391,-0.0253,0.0684,0.0707,-0.0848,True,classificada — no sinal operável
AMAT_2012Q4,AMAT,2012-11-15,2.0,19.0,0.001,-0.1829,0.265,0.0862,0.3668,True,classificada — no sinal operável
AMAT_2013Q1,AMAT,2013-02-13,2.0,16.0,0.0001,-0.2199,0.6936,-0.0334,0.0748,True,classificada — no sinal operável
AMAT_2013Q2,AMAT,2013-05-16,2.0,17.0,0.0002,-0.2125,0.6198,0.0911,0.0593,True,classificada — no sinal operável
AMAT_2013Q3,AMAT,2013-08-15,2.0,17.0,0.0001,-0.2051,0.6486,0.0547,0.1685,True,classificada — no sinal operável
AMAT_2013Q4,AMAT,2013-11-14,2.0,18.0,0.0001,-0.1979,0.6359,-0.0532,0.077,True,classificada — no sinal operável
AMAT_2014Q1,AMAT,2014-02-12,1.0,18.0,,,0.4665,0.0579,0.0709,False,sem distância de tom: <2 gestores identificados ou Q&A não detectado
AMAT_2014Q2,AMAT,2014-05-16,2.0,19.0,0.0001,-0.1995,0.622,0.1273,0.1268,True,classificada — no sinal operável
AMAT_2014Q3,AMAT,2014-08-14,5.0,11.0,0.3809,0.0619,0.6678,-0.0177,0.0019,True,classificada — no sinal operável
AMAT_2014Q4,AMAT,2014-11-13,5.0,13.0,0.3854,0.0699,0.679,0.0578,0.0958,True,classificada — no sinal operável
AMAT_2015Q1,AMAT,2015-02-11,5.0,14.0,0.3809,0.026,0.6035,0.0292,-0.1538,True,classificada — no sinal operável
AMAT_2015Q2,AMAT,2015-05-14,2.0,18.0,0.0001,-0.1816,0.5984,-0.037,-0.167,True,classificada — no sinal operável
AMAT_2015Q3,AMAT,2015-08-13,2.0,16.0,0.0001,-0.1718,0.4627,-0.0604,0.0113,True,classificada — no sinal operável
AMAT_2015Q4,AMAT,2015-11-12,2.0,13.0,0.0001,-0.1745,0.6033,0.0603,-0.0178,True,classificada — no sinal operável
AMAT_2016Q1,AMAT,2016-02-19,2.0,17.0,0.0002,-0.1682,0.5684,0.1146,0.0705,True,classificada — no sinal operável
AMAT_2016Q2,AMAT,2016-05-19,1.0,15.0,,,0.6239,0.0927,0.28,False,sem distância de tom: <2 gestores identificados ou Q&A não detectado
AMAT_2016Q3,AMAT,2016-08-18,2.0,21.0,0.0,-0.1599,0.7088,0.0488,0.0391,True,classificada — no sinal operável
AMAT_2016Q4,AMAT,2016-11-17,1.0,19.0,,,0.6286,0.0681,0.2078,False,sem distância de tom: <2 gestores identificados ou Q&A não detectado
AMAT_2017Q1,AMAT,2017-02-15,5.0,14.0,0.4341,0.0734,0.7695,0.1059,0.2039,True,classificada — no sinal operável
AMAT_2017Q2,AMAT,2017-05-18,5.0,15.0,0.3473,0.0493,0.6257,-0.0147,-0.0407,True,classificada — no sinal operável
AMAT_2017Q3,AMAT,2017-08-17,6.0,13.0,0.3989,0.0807,0.6807,0.0757,0.2486,True,classificada — no sinal operável
AMAT_2017Q4,AMAT,2017-11-16,2.0,16.0,0.0002,-0.1327,0.8419,-0.1153,-0.0595,True,classificada — no sinal operável
AMAT_2018Q1,AMAT,2018-02-14,2.0,14.0,0.0001,-0.1298,0.8337,0.1416,0.0596,True,classificada — no sinal operável
AMAT_2018Q2,AMAT,2018-05-17,1.0,20.0,,,0.6727,-0.0353,-0.0531,False,sem distância de tom: <2 gestores identificados ou Q&A não detectado
AMAT_2018Q3,AMAT,2018-08-16,2.0,16.0,0.0001,-0.1179,0.6457,-0.1316,-0.2465,True,classificada — no sinal operável
AMAT_2018Q4,AMAT,2018-11-15,5.0,13.0,0.3802,0.025,0.5998,0.041,0.2261,True,classificada — no sinal operável
AMAT_2019Q1,AMAT,2019-02-14,3.0,12.0,0.3103,-0.0672,0.5622,0.0051,0.0468,True,classificada — no sinal operável
AMAT_2019Q2,AMAT,2019-05-16,4.0,12.0,0.4108,0.0565,0.6728,-0.061,0.0935,True,classificada — no sinal operável
AMAT_2019Q3,AMAT,2019-08-15,3.0,8.0,0.3105,-0.056,0.7681,0.1129,0.2484,True,classificada — no sinal operável
AMAT_2019Q4,AMAT,2019-11-14,3.0,11.0,0.339,-0.0453,0.7391,-0.0027,0.0872,True,classificada — no sinal operável
AMAT_2020Q1,AMAT,2020-02-12,4.0,9.0,0.2903,-0.0687,0.7243,-0.2352,-0.2262,True,classificada — no sinal operável
AMAT_2020Q2,AMAT,2020-05-14,3.0,8.0,0.2755,-0.1717,0.5928,0.0774,0.2289,True,classificada — no sinal operável
AMAT_2020Q3,AMAT,2020-08-13,2.0,13.0,0.0002,-0.1445,0.8006,-0.1594,0.0595,True,classificada — no sinal operável
AMAT_2020Q4,AMAT,2020-11-12,3.0,9.0,0.3739,0.0468,0.7801,0.2282,0.6425,True,classificada — no sinal operável
AMAT_2021Q1,AMAT,2021-02-18,3.0,14.0,0.3639,0.061,0.8349,-0.0537,0.0282,True,classificada — no sinal operável
AMAT_2021Q2,AMAT,2021-05-20,3.0,12.0,0.3805,0.0274,0.8435,0.0264,-0.0033,True,classificada — no sinal operável
AMAT_2021Q3,AMAT,2021-08-19,3.0,10.0,0.3835,-0.0298,0.8005,0.0414,0.1985,True,classificada — no sinal operável
AMAT_2021Q4,AMAT,2021-11-18,4.0,12.0,0.2648,-0.0785,0.4654,-0.0379,-0.1153,True,classificada — no sinal operável
AMAT_2022Q1,AMAT,2022-02-16,3.0,12.0,0.2848,-0.0414,0.5971,-0.0521,-0.2191,True,classificada — no sinal operável
AMAT_2022Q2,AMAT,2022-05-19,3.0,11.0,0.2836,-0.053,0.5661,-0.1482,-0.0635,True,classificada — no sinal operável
AMAT_2022Q3,AMAT,2022-08-18,3.0,15.0,0.2701,-0.0551,0.4534,-0.1564,-0.0201,True,classificada — no sinal operável
AMAT_2022Q4,AMAT,2022-11-17,3.0,15.0,0.2795,-0.0696,0.4984,-0.0522,0.0142,True,classificada — no sinal operável
AMAT_2023Q1,AMAT,2023-02-16,4.0,14.0,0.3538,-0.0473,0.4785,0.0647,0.1151,True,classificada — no sinal operável
AMAT_2023Q2,AMAT,2023-05-18,3.0,16.0,0.2875,-0.0344,0.5569,0.0824,0.1148,True,classificada — no sinal operável
AMAT_2023Q3,AMAT,2023-08-17,3.0,13.0,0.3139,-0.0226,0.7134,0.0236,0.1338,True,classificada — no sinal operável
AMAT_2023Q4,AMAT,2023-11-16,3.0,14.0,0.3362,0.0047,0.6684,0.1314,0.3345,True,classificada — no sinal operável
AMAT_2024Q1,AMAT,2024-02-15,3.0,15.0,0.3313,-0.0191,0.652,-0.0047,0.0612,True,classificada — no sinal operável
AMAT_2024Q2,AMAT,2024-05-16,3.0,13.0,0.3404,0.0267,0.735,0.1243,-0.0375,True,classificada — no sinal operável
AMAT_2024Q3,AMAT,2024-08-15,3.0,15.0,0.3624,-0.022,0.7468,-0.083,-0.1064,True,classificada — no sinal operável
AMAT_2024Q4,AMAT,2024-11-14,3.0,13.0,0.2738,-0.0395,0.6155,0.0087,0.0364,True,classificada — no sinal operável
AMAT_2025Q1,AMAT,2025-02-13,3.0,16.0,0.3116,-0.061,0.6407,-0.1088,0.0018,True,classificada — no sinal operável
AMAT_2025Q2,AMAT,2025-05-15,3.0,13.0,0.3916,0.0462,0.6748,0.0512,-0.0369,True,classificada — no sinal operável
AMD_2006Q1,AMD,2006-04-13,4.0,17.0,0.3009,,0.3546,-0.0257,-0.3237,False,"distância de tom OK, mas histórico curto para residualizar (<250 calls anteriores)"
AMD_2006Q2,AMD,2006-07-21,6.0,13.0,0.2409,,0.3222,0.328,0.1924,False,"distância de tom OK, mas histórico curto para residualizar (<250 calls anteriores)"
AMD_2006Q3,AMD,2006-10-19,4.0,15.0,0.266,,0.4108,0.0127,-0.1733,False,"distância de tom OK, mas histórico curto para residualizar (<250 calls anteriores)"
AMD_2006Q4,AMD,2007-01-24,6.0,11.0,0.3614,,0.3438,-0.0898,-0.0923,False,"distância de tom OK, mas histórico curto para residualizar (<250 calls anteriores)"
AMD_2007Q1,AMD,2007-04-20,5.0,15.0,0.2557,,0.0516,0.0998,0.1048,False,"distância de tom OK, mas histórico curto para residualizar (<250 calls anteriores)"
AMD_2007Q2,AMD,2007-07-20,8.0,7.0,0.3419,,0.318,-0.2199,-0.0619,False,"distância de tom OK, mas histórico curto para residualizar (<250 calls anteriores)"
AMD_2007Q3,AMD,2007-10-19,4.0,14.0,0.248,,0.3556,-0.1125,-0.4978,False,"distância de tom OK, mas histórico curto para residualizar (<250 calls anteriores)"
AMD_2007Q4,AMD,2008-01-20,3.0,16.0,0.3776,,0.4638,0.0396,-0.0654,False,"distância de tom OK, mas histórico curto para residualizar (<250 calls anteriores)"
AMD_2008Q1,AMD,2008-04-17,5.0,14.0,0.3526,0.18,0.2143,0.1379,-0.1693,True,classificada — no sinal operável
AMD_2008Q2,AMD,2008-07-17,7.0,12.0,0.3466,0.0483,0.4162,0.1487,-0.2037,True,classificada — no sinal operável
AMD_2009Q1,AMD,2008-08-04,2.0,18.0,0.0,-0.1821,0.4431,0.3312,-0.2424,True,classificada — no sinal operável
AMD_2009Q2,AMD,2008-10-15,5.0,14.0,0.3605,0.0391,0.4312,-0.3267,-0.4364,True,classificada — no sinal operável
AMD_2009Q3,AMD,2009-01-14,2.0,17.0,0.0001,-0.1707,-0.004,0.1256,0.6605,True,classificada — no sinal operável
AMD_2009Q4,AMD,2009-04-23,4.0,11.0,0.3109,0.0895,0.1607,0.2,0.0113,True,classificada — no sinal operável
AMD_2010Q1,AMD,2009-07-15,4.0,13.0,0.3244,0.124,-0.0243,-0.0564,0.559,True,classificada — no sinal operável
AMD_2010Q2,AMD,2009-10-14,5.0,16.0,0.3035,0.0306,0.3016,0.0435,0.4493,True,classificada — no sinal operável
AMD_2010Q4,AMD,2010-04-28,1.0,18.0,,,0.3226,-0.0928,-0.1773,False,sem distância de tom: <2 gestores identificados ou Q&A não detectado
AMD_2011Q3,AMD,2011-01-20,5.0,20.0,0.3066,0.018,0.2802,0.1278,0.0602,True,classificada — no sinal operável
AMD_2011Q4,AMD,2011-04-27,5.0,10.0,0.2741,0.0155,0.3719,-0.045,-0.1543,True,classificada — no sinal operável
AMD_2012Q1,AMD,2011-07-20,5.0,11.0,0.4067,0.0274,0.6541,-0.1214,-0.2671,True,classificada — no sinal operável
AMD_2012Q2,AMD,2011-10-19,5.0,17.0,0.3438,0.1376,0.2021,0.1525,0.3602,True,classificada — no sinal operável
AMD_2012Q3,AMD,2012-01-18,5.0,13.0,0.2818,0.0162,0.2664,0.2608,0.3239,True,classificada — no sinal operável
AMD_2012Q4,AMD,2012-04-25,5.0,11.0,0.3989,0.057,0.5687,-0.181,-0.4544,True,classificada — no sinal operável
AMD_2013Q1,AMD,2012-07-18,5.0,11.0,0.256,0.0082,0.2113,-0.1542,-0.4564,True,classificada — no sinal operável
AMD_2013Q2,AMD,2012-10-17,7.0,9.0,0.2156,-0.0454,0.2049,-0.3043,-0.1123,True,classificada — no sinal operável
AMD_2013Q3,AMD,2013-01-17,5.0,16.0,0.4158,0.0701,0.6686,0.0642,-0.0679,True,classificada — no sinal operável
AMD_2013Q4,AMD,2013-04-24,5.0,12.0,0.2603,-0.0357,0.3398,0.5247,0.3802,True,classificada — no sinal operável
AMD_2014Q1,AMD,2013-07-17,5.0,11.0,0.359,0.0742,0.5376,-0.1575,-0.0822,True,classificada — no sinal operável
AMD_2014Q2,AMD,2013-10-16,5.0,14.0,0.2917,-0.0052,0.3805,-0.1456,0.0631,True,classificada — no sinal operável
AMD_2014Q3,AMD,2014-01-21,2.0,16.0,0.0004,-0.1678,0.3185,-0.0264,0.1346,True,classificada — no sinal operável
AMD_2014Q4,AMD,2014-04-23,2.0,16.0,0.0,-0.1853,0.3259,-0.0609,-0.1194,True,classificada — no sinal operável
AMD_2015Q1,AMD,2014-07-22,1.0,15.0,,,0.1186,0.1204,-0.301,False,sem distância de tom: <2 gestores identificados ou Q&A não detectado
AMD_2015Q2,AMD,2014-10-16,5.0,13.0,0.3007,0.0249,0.2197,-0.0225,-0.1049,True,classificada — no sinal operável
AMD_2015Q3,AMD,2015-01-22,2.0,21.0,0.0002,-0.1584,0.1158,0.2339,-0.0605,True,classificada — no sinal operável
AMD_2015Q4,AMD,2015-04-22,2.0,16.0,0.0001,-0.1826,0.3038,0.0,-0.2149,True,classificada — no sinal operável
AMD_2016Q1,AMD,2015-07-22,2.0,14.0,0.0001,-0.1773,0.3154,-0.0556,0.1222,True,classificada — no sinal operável
AMD_2016Q2,AMD,2015-10-14,1.0,15.0,,,0.3761,0.0152,0.1218,False,sem distância de tom: <2 gestores identificados ou Q&A não detectado
AMD_2016Q3,AMD,2016-01-20,2.0,16.0,0.0001,-0.1851,0.4803,0.0495,0.4835,True,classificada — no sinal operável
AMD_2016Q4,AMD,2016-04-27,6.0,9.0,0.3805,0.0108,0.5169,0.1789,0.8564,True,classificada — no sinal operável
AMD_2017Q1,AMD,2016-07-27,2.0,15.0,0.0002,-0.1577,0.4693,0.1001,0.1046,True,classificada — no sinal operável
AMD_2017Q2,AMD,2016-10-19,2.0,17.0,0.0001,-0.1578,0.3617,0.2423,0.4317,True,classificada — no sinal operável
AMD_2017Q3,AMD,2017-01-25,5.0,11.0,0.3416,0.007,0.5335,0.3643,0.2957,True,classificada — no sinal operável
AMD_2017Q4,AMD,2017-04-26,5.0,12.0,0.3289,0.0158,0.569,-0.1824,0.099,True,classificada — no sinal operável
AMD_2018Q1,AMD,2017-07-26,2.0,21.0,0.0,-0.1247,0.3406,-0.1661,-0.0494,True,classificada — no sinal operável
AMD_2018Q2,AMD,2017-10-25,1.0,19.0,,,0.4983,-0.0859,0.0402,False,sem distância de tom: <2 gestores identificados ou Q&A não detectado
AMD_2018Q3,AMD,2018-01-24,2.0,18.0,0.0,-0.1329,0.4937,-0.0556,-0.2402,True,classificada — no sinal operável
AMD_2018Q4,AMD,2018-04-25,5.0,11.0,0.2485,0.0054,0.3963,0.2337,0.4765,True,classificada — no sinal operável
AMD_2019Q1,AMD,2018-07-25,2.0,12.0,0.0001,-0.1176,0.685,0.299,0.4621,True,classificada — no sinal operável
AMD_2019Q2,AMD,2018-10-24,1.0,12.0,,,0.5791,0.0815,0.1261,False,sem distância de tom: <2 gestores identificados ou Q&A não detectado
AMD_2019Q3,AMD,2019-01-24,3.0,14.0,0.3417,0.0367,0.579,0.1772,0.3178,True,classificada — no sinal operável
AMD_2019Q4,AMD,2019-04-24,3.0,15.0,0.2193,-0.1193,0.547,-0.0806,0.1897,True,classificada — no sinal operável
AMD_2020Q1,AMD,2019-07-24,3.0,17.0,0.3107,0.0087,0.4224,-0.0631,-0.0746,True,classificada — no sinal operável
AMD_2020Q2,AMD,2019-10-23,3.0,14.0,0.2836,0.0892,0.2792,0.2514,0.5944,True,classificada — no sinal operável
AMD_2020Q3,AMD,2020-01-28,2.0,8.0,0.2849,0.1028,0.0457,-0.0801,0.1603,True,classificada — no sinal operável
AMD_2020Q4,AMD,2020-04-22,3.0,12.0,0.3758,0.1415,0.2344,-0.0353,0.0907,True,classificada — no sinal operável
AMD_2021Q1,AMD,2020-07-30,3.0,15.0,0.36,0.0159,0.5753,0.0875,-0.0289,True,classificada — no sinal operável
AMD_2021Q2,AMD,2020-10-21,3.0,12.0,0.3741,0.0084,0.641,0.0739,0.165,True,classificada — no sinal operável
AMD_2021Q3,AMD,2021-10-26,3.0,11.0,0.3725,0.0578,0.6564,0.2974,-0.0898,True,classificada — no sinal operável
AMD_2021Q4,AMD,2022-02-01,3.0,12.0,0.3921,0.0759,0.7092,-0.1379,-0.2984,True,classificada — no sinal operável
AMD_2022Q1,AMD,2022-05-03,4.0,10.0,0.4525,0.1766,0.7193,0.106,-0.0009,True,classificada — no sinal operável
AMD_2022Q2,AMD,2022-08-02,4.0,9.0,0.3897,0.0519,0.58,-0.105,-0.3667,True,classificada — no sinal operável
AMD_2022Q3,AMD,2022-11-01,14.0,2.0,0.3027,-0.0093,0.1623,0.2298,0.4017,True,classificada — no sinal operável
AMD_2022Q4,AMD,2023-01-31,8.0,5.0,0.3688,-0.0109,0.4957,0.0251,0.1458,True,classificada — no sinal operável
AMD_2023Q1,AMD,2023-05-02,7.0,8.0,0.3775,0.052,0.628,0.4301,0.309,True,classificada — no sinal operável
AMD_2023Q2,AMD,2023-08-01,3.0,11.0,0.3861,0.0506,0.6498,-0.108,-0.1951,True,classificada — no sinal operável
AMD_2023Q3,AMD,2023-10-31,3.0,11.0,0.3718,0.0514,0.578,0.2291,0.7294,True,classificada — no sinal operável
AMD_2023Q4,AMD,2024-01-30,3.0,10.0,0.3908,0.0535,0.6769,0.1616,-0.0444,True,classificada — no sinal operável
AMD_2024Q1,AMD,2024-04-30,4.0,11.0,0.3592,0.0962,0.2588,0.1259,-0.0245,True,classificada — no sinal operável
AMD_2024Q2,AMD,2024-07-30,3.0,13.0,0.3993,0.032,0.6847,-0.029,0.061,True,classificada — no sinal operável
AMD_2024Q3,AMD,2024-10-29,3.0,12.0,0.4178,0.0348,0.7222,-0.1096,-0.2422,True,classificada — no sinal operável
AMD_2024Q4,AMD,2025-02-04,3.0,8.0,0.3446,0.0067,0.6635,-0.0814,-0.0835,True,classificada — no sinal operável
AMD_2025Q1,AMD,2025-05-06,3.0,10.0,0.4047,0.0613,0.716,0.1483,0.6191,True,classificada — no sinal operável
AMZN_2005Q4,AMZN,2006-02-03,6.0,10.0,0.3209,,0.4738,-0.0223,-0.0857,False,"distância de tom OK, mas histórico curto para residualizar (<250 calls anteriores)"
AMZN_2006Q1,AMZN,2006-04-25,4.0,11.0,0.1964,,0.3035,-0.0042,-0.0495,False,"distância de tom OK, mas histórico curto para residualizar (<250 calls anteriores)"
AMZN_2006Q2,AMZN,2006-07-25,1.0,13.0,,,0.3455,-0.0216,0.1433,False,sem distância de tom: <2 gestores identificados ou Q&A não detectado
AMZN_2006Q3,AMZN,2006-10-24,2.0,11.0,0.2867,,0.4031,0.1517,-0.0121,False,"distância de tom OK, mas histórico curto para residualizar (<250 calls anteriores)"
AMZN_2006Q4,AMZN,2007-02-02,2.0,13.0,0.3152,,0.4582,0.0357,0.6974,False,"distância de tom OK, mas histórico curto para residualizar (<250 calls anteriores)"
AMZN_2007Q1,AMZN,2007-04-25,4.0,9.0,0.3627,,0.5059,0.2274,0.5253,False,"distância de tom OK, mas histórico curto para residualizar (<250 calls anteriores)"
AMZN_2007Q2,AMZN,2007-07-25,2.0,15.0,0.3734,,0.677,-0.0908,0.1858,False,"distância de tom OK, mas histórico curto para residualizar (<250 calls anteriores)"
AMZN_2007Q3,AMZN,2007-10-24,2.0,14.0,0.3439,,0.5119,-0.0771,-0.1205,False,"distância de tom OK, mas histórico curto para residualizar (<250 calls anteriores)"
AMZN_2007Q4,AMZN,2008-01-31,3.0,12.0,0.3214,,0.6145,-0.2099,0.0043,False,"distância de tom OK, mas histórico curto para residualizar (<250 calls anteriores)"
AMZN_2008Q1,AMZN,2008-04-24,4.0,12.0,0.352,0.0077,0.5416,0.0199,-0.0923,True,classificada — no sinal operável
AMZN_2008Q2,AMZN,2008-07-23,2.0,12.0,0.2758,0.0742,0.564,0.0912,-0.3417,True,classificada — no sinal operável
AMZN_2008Q3,AMZN,2008-10-23,,,,,0.3432,-0.1537,0.1091,False,sem distância de tom: <2 gestores identificados ou Q&A não detectado
AMZN_2008Q4,AMZN,2009-01-30,4.0,13.0,0.296,0.0055,0.2107,0.0534,0.3481,True,classificada — no sinal operável
AMZN_2009Q1,AMZN,2009-04-24,2.0,17.0,0.3776,0.1513,0.5344,-0.0655,0.0311,True,classificada — no sinal operável
AMZN_2009Q2,AMZN,2009-07-24,2.0,16.0,0.1536,-0.1342,0.5921,-0.0202,0.0836,True,classificada — no sinal operável
AMZN_2009Q3,AMZN,2009-10-22,2.0,18.0,0.1282,-0.177,0.527,0.1676,0.0834,True,classificada — no sinal operável
AMZN_2009Q4,AMZN,2010-01-29,2.0,11.0,0.336,0.0171,0.5215,0.0191,0.113,True,classificada — no sinal operável
AMZN_2010Q1,AMZN,2010-04-23,15.0,,0.2908,,0.4692,-0.1472,-0.1699,False,"distância de tom OK, mas confundidor ausente (analyst_tone, analyst_tone_distance)"
AMZN_2010Q2,AMZN,2010-07-23,2.0,14.0,0.2774,-0.0279,0.455,0.0705,0.395,True,classificada — no sinal operável
AMZN_2010Q3,AMZN,2010-10-22,2.0,14.0,0.377,0.0539,0.4435,-0.0069,0.0308,True,classificada — no sinal operável
AMZN_2010Q4,AMZN,2011-01-28,2.0,14.0,0.3537,-0.0149,0.6347,-0.0042,0.1507,True,classificada — no sinal operável
AMZN_2011Q1,AMZN,2011-04-27,2.0,18.0,0.2504,-0.0242,0.3287,-0.0049,0.1355,True,classificada — no sinal operável
AMZN_2011Q2,AMZN,2011-07-27,2.0,11.0,0.3382,-0.0116,0.6012,-0.1399,0.0174,True,classificada — no sinal operável
AMZN_2011Q3,AMZN,2011-10-26,4.0,12.0,0.4777,0.163,0.5085,-0.107,-0.0435,True,classificada — no sinal operável
AMZN_2011Q4,AMZN,2012-02-01,2.0,10.0,0.4059,0.0185,0.5772,-0.0019,0.2817,True,classificada — no sinal operável
AMZN_2012Q1,AMZN,2012-04-27,2.0,17.0,0.3482,0.056,0.4388,-0.0411,0.0597,True,classificada — no sinal operável
AMZN_2012Q2,AMZN,2012-07-26,2.0,16.0,0.3099,0.0157,0.3892,0.091,0.0144,True,classificada — no sinal operável
AMZN_2012Q3,AMZN,2012-10-26,3.0,13.0,0.3587,0.0512,0.4742,0.0633,0.1235,True,classificada — no sinal operável
AMZN_2012Q4,AMZN,2013-01-30,2.0,15.0,0.3049,0.0329,0.4307,-0.0662,-0.1031,True,classificada — no sinal operável
AMZN_2013Q1,AMZN,2013-04-25,5.0,13.0,0.4733,0.202,0.3868,-0.0305,0.1238,True,classificada — no sinal operável
AMZN_2013Q2,AMZN,2013-07-25,1.0,20.0,,,0.4872,-0.0318,0.0908,False,sem distância de tom: <2 gestores identificados ou Q&A não detectado
AMZN_2013Q3,AMZN,2013-07-31,2.0,11.0,0.0001,-0.1764,0.5244,-0.0735,0.1785,True,classificada — no sinal operável
AMZN_2013Q4,AMZN,2013-11-06,2.0,15.0,0.0001,-0.1475,0.4542,0.0874,0.0147,True,classificada — no sinal operável
AMZN_2014Q1,AMZN,2014-04-24,2.0,23.0,0.0001,-0.1633,0.4052,-0.0127,0.1339,True,classificada — no sinal operável
AMZN_2014Q2,AMZN,2014-07-24,1.0,18.0,,,0.4948,0.045,-0.0136,False,sem distância de tom: <2 gestores identificados ou Q&A não detectado
AMZN_2014Q3,AMZN,2014-10-23,1.0,18.0,,,0.4537,0.1696,0.0888,False,sem distância de tom: <2 gestores identificados ou Q&A não detectado
AMZN_2014Q4,AMZN,2015-01-29,2.0,20.0,0.0,-0.154,0.396,0.1136,0.2179,True,classificada — no sinal operável
AMZN_2015Q1,AMZN,2015-04-23,2.0,18.0,0.0,-0.1555,0.4217,-0.0259,0.0984,True,classificada — no sinal operável
AMZN_2015Q2,AMZN,2015-07-23,1.0,21.0,,,0.5035,-0.146,-0.0401,False,sem distância de tom: <2 gestores identificados ou Q&A não detectado
AMZN_2015Q3,AMZN,2015-10-23,1.0,20.0,,,0.4419,0.1273,-0.0017,False,sem distância de tom: <2 gestores identificados ou Q&A não detectado
AMZN_2015Q4,AMZN,2016-01-28,1.0,21.0,,,0.594,-0.034,0.0525,False,sem distância de tom: <2 gestores identificados ou Q&A não detectado
AMZN_2016Q1,AMZN,2016-04-29,1.0,18.0,,,0.51,0.0887,0.1429,False,sem distância de tom: <2 gestores identificados ou Q&A não detectado
AMZN_2016Q2,AMZN,2016-07-28,2.0,17.0,0.0,-0.144,0.5939,0.0052,0.0753,True,classificada — no sinal operável
AMZN_2016Q3,AMZN,2016-10-27,2.0,14.0,0.0001,-0.1278,0.3526,-0.0195,0.0619,True,classificada — no sinal operável
AMZN_2016Q4,AMZN,2017-02-02,2.0,15.0,0.0002,-0.1257,0.3418,0.0494,0.1622,True,classificada — no sinal operável
AMZN_2017Q1,AMZN,2017-04-27,2.0,16.0,0.0002,-0.1286,0.4703,0.0495,0.1024,True,classificada — no sinal operável
AMZN_2017Q2,AMZN,2017-07-27,2.0,13.0,0.0002,-0.119,0.5529,-0.0661,-0.0388,True,classificada — no sinal operável
AMZN_2017Q3,AMZN,2017-10-26,2.0,13.0,0.0002,-0.1195,0.4651,0.1301,0.3398,True,classificada — no sinal operável
AMZN_2017Q4,AMZN,2018-02-01,2.0,11.0,0.2129,0.1096,0.4259,0.0313,0.0641,True,classificada — no sinal operável
AMZN_2018Q1,AMZN,2018-04-26,2.0,12.0,0.0002,-0.1097,0.4911,-0.0146,0.1065,True,classificada — no sinal operável
AMZN_2018Q2,AMZN,2018-07-26,2.0,12.0,0.0001,-0.1084,0.5035,0.0156,-0.1129,True,classificada — no sinal operável
AMZN_2018Q3,AMZN,2018-10-25,2.0,14.0,0.0003,-0.1018,0.3551,-0.0414,-0.0338,True,classificada — no sinal operável
AMZN_2018Q4,AMZN,2019-01-31,1.0,13.0,,,0.4986,0.035,0.1598,False,sem distância de tom: <2 gestores identificados ou Q&A não detectado
AMZN_2019Q1,AMZN,2019-04-25,1.0,14.0,,,0.3939,-0.0548,0.0232,False,sem distância de tom: <2 gestores identificados ou Q&A não detectado
AMZN_2019Q2,AMZN,2019-07-25,3.0,11.0,0.2147,0.031,0.3597,-0.0991,-0.0926,True,classificada — no sinal operável
AMZN_2019Q3,AMZN,2019-10-24,1.0,14.0,,,0.369,-0.0205,0.0511,False,sem distância de tom: <2 gestores identificados ou Q&A não detectado
AMZN_2019Q4,AMZN,2020-01-30,3.0,11.0,0.187,0.0657,0.3352,-0.0475,0.206,True,classificada — no sinal operável
AMZN_2020Q1,AMZN,2020-04-30,2.0,9.0,0.2771,0.0587,0.3199,0.0574,0.306,True,classificada — no sinal operável
AMZN_2020Q2,AMZN,2020-07-30,2.0,8.0,0.0436,-0.2496,0.453,0.0486,-0.025,True,classificada — no sinal operável
AMZN_2020Q3,AMZN,2020-10-29,2.0,6.0,0.0869,-0.1895,0.4656,0.0033,0.0586,True,classificada — no sinal operável
AMZN_2020Q4,AMZN,2021-02-02,3.0,6.0,0.2348,-0.0902,0.491,-0.1306,-0.033,True,classificada — no sinal operável
AMZN_2021Q1,AMZN,2021-04-29,3.0,7.0,0.3081,-0.0071,0.7101,-0.0857,0.0212,True,classificada — no sinal operável
AMZN_2021Q2,AMZN,2021-07-29,2.0,8.0,0.1461,-0.1984,0.6429,0.0005,0.0133,True,classificada — no sinal operável
AMZN_2021Q3,AMZN,2021-10-28,3.0,7.0,0.1008,-0.2122,0.4796,0.0793,-0.1274,True,classificada — no sinal operável
AMZN_2021Q4,AMZN,2022-02-03,3.0,8.0,0.2901,0.0031,0.5929,-0.1167,-0.2519,True,classificada — no sinal operável
AMZN_2022Q1,AMZN,2022-04-28,2.0,7.0,0.1813,-0.1065,0.3004,-0.1132,0.0393,True,classificada — no sinal operável
AMZN_2022Q2,AMZN,2022-07-28,2.0,6.0,0.0659,-0.3182,0.5264,-0.0308,-0.1426,True,classificada — no sinal operável
AMZN_2022Q3,AMZN,2022-10-27,2.0,7.0,0.3196,-0.0218,0.4092,-0.0404,0.027,True,classificada — no sinal operável
AMZN_2022Q4,AMZN,2023-02-02,3.0,6.0,0.2391,-0.0498,0.4704,-0.1093,-0.012,True,classificada — no sinal operável
AMZN_2023Q1,AMZN,2023-04-27,3.0,5.0,0.2842,-0.033,0.5392,0.1149,0.2272,True,classificada — no sinal operável
AMZN_2023Q2,AMZN,2023-08-03,3.0,6.0,0.345,-0.0412,0.7463,-0.0208,-0.0288,True,classificada — no sinal operável
AMZN_2023Q3,AMZN,2023-10-26,3.0,5.0,0.3151,-0.0447,0.718,0.2164,0.3191,True,classificada — no sinal operável
AMZN_2023Q4,AMZN,2024-02-01,3.0,6.0,0.2998,-0.0101,0.6972,0.0496,0.0918,True,classificada — no sinal operável
AMZN_2024Q1,AMZN,2024-04-30,4.0,6.0,0.2393,-0.1116,0.5396,-0.0128,0.0294,True,classificada — no sinal operável
AMZN_2024Q2,AMZN,2024-08-01,3.0,6.0,0.1797,-0.228,0.6575,0.0705,0.1558,True,classificada — no sinal operável
AMZN_2024Q3,AMZN,2024-10-31,3.0,6.0,0.3572,-0.0444,0.7685,0.0588,0.2164,True,classificada — no sinal operável
AMZN_2024Q4,AMZN,2025-02-06,3.0,6.0,0.3407,-0.0254,0.6903,-0.1633,-0.1738,True,classificada — no sinal operável
AMZN_2025Q1,AMZN,2025-05-01,3.0,6.0,0.179,-0.1157,0.4801,0.0795,0.1218,True,classificada — no sinal operável
ANET_2014Q2,ANET,2014-08-07,3.0,15.0,0.1197,,0.2179,0.1061,0.0615,False,"distância de tom OK, mas confundidor ausente (size_proxy)"
ANET_2014Q3,ANET,2014-11-06,2.0,22.0,0.0,-0.1909,0.3025,-0.1779,-0.2391,True,classificada — no sinal operável
ANET_2014Q4,ANET,2015-02-19,6.0,18.0,0.3293,0.0492,0.3632,-0.0043,-0.0655,True,classificada — no sinal operável
ANET_2015Q1,ANET,2015-05-14,3.0,16.0,0.1672,-0.0766,0.2832,0.254,0.2261,True,classificada — no sinal operável
ANET_2015Q2,ANET,2015-08-06,4.0,17.0,0.1788,-0.0769,0.2461,-0.0942,-0.2378,True,classificada — no sinal operável
ANET_2015Q3,ANET,2015-11-05,4.0,19.0,0.1632,-0.086,0.2348,0.141,-0.1705,True,classificada — no sinal operável
ANET_2015Q4,ANET,2016-02-18,4.0,24.0,0.181,-0.0345,0.1717,-0.0584,0.0974,True,classificada — no sinal operável
ANET_2016Q1,ANET,2016-05-06,2.0,24.0,0.0001,-0.171,0.3845,0.1163,0.0739,True,classificada — no sinal operável
ANET_2016Q2,ANET,2016-08-05,2.0,24.0,0.0002,-0.1608,0.2929,0.1248,0.1372,True,classificada — no sinal operável
ANET_2016Q3,ANET,2016-11-03,2.0,21.0,0.0001,-0.1634,0.2561,0.1465,0.1806,True,classificada — no sinal operável
ANET_2016Q4,ANET,2017-02-16,2.0,24.0,0.0001,-0.158,0.4866,0.1741,0.2926,True,classificada — no sinal operável
ANET_2017Q1,ANET,2017-05-04,2.0,24.0,0.0002,-0.1486,0.4396,0.1107,0.0367,True,classificada — no sinal operável
ANET_2017Q2,ANET,2017-08-03,5.0,18.0,0.278,0.0182,0.3868,0.059,0.177,True,classificada — no sinal operável
ANET_2017Q3,ANET,2017-11-02,2.0,18.0,0.0002,-0.1337,0.2836,0.0379,0.3148,True,classificada — no sinal operável
ANET_2017Q4,ANET,2018-02-15,2.0,23.0,0.0,-0.1317,0.3942,0.0752,-0.0408,True,classificada — no sinal operável
ANET_2018Q1,ANET,2018-05-03,5.0,23.0,0.2856,0.0279,0.3488,0.1,0.1146,True,classificada — no sinal operável
ANET_2018Q2,ANET,2018-08-02,2.0,23.0,0.0001,-0.1302,0.3576,0.1097,-0.145,True,classificada — no sinal operável
ANET_2018Q3,ANET,2018-11-02,2.0,23.0,0.0001,-0.1268,0.3841,-0.105,-0.1247,True,classificada — no sinal operável
ANET_2018Q4,ANET,2019-02-14,4.0,20.0,0.2512,0.0187,0.4668,0.1519,-0.0236,True,classificada — no sinal operável
ANET_2019Q1,ANET,2019-05-02,3.0,21.0,0.2326,-0.0318,0.211,-0.0784,0.0394,True,classificada — no sinal operável
ANET_2019Q2,ANET,2019-08-01,4.0,18.0,0.1803,-0.0432,0.1744,-0.1104,-0.0333,True,classificada — no sinal operável
ANET_2019Q3,ANET,2019-11-01,3.0,23.0,0.1993,-0.0057,0.1363,0.0233,0.233,True,classificada — no sinal operável
ANET_2019Q4,ANET,2020-02-13,3.0,24.0,0.2766,0.059,0.1288,-0.278,-0.0548,True,classificada — no sinal operável
ANET_2020Q1,ANET,2020-05-05,2.0,21.0,0.177,0.0306,0.2716,0.1073,0.2784,True,classificada — no sinal operável
ANET_2020Q2,ANET,2020-08-04,3.0,21.0,0.2541,0.0181,0.2283,-0.0785,-0.1285,True,classificada — no sinal operável
ANET_2020Q3,ANET,2020-11-02,5.0,23.0,0.2601,-0.033,0.5451,0.1171,0.3029,True,classificada — no sinal operável
ANET_2020Q4,ANET,2021-02-18,4.0,21.0,0.2319,0.0122,0.3758,-0.1224,-0.0044,True,classificada — no sinal operável
ANET_2021Q1,ANET,2021-05-04,4.0,21.0,0.1861,-0.0228,0.3178,0.0868,0.1984,True,classificada — no sinal operável
ANET_2021Q2,ANET,2021-08-02,4.0,21.0,0.3236,0.0628,0.4071,0.0139,0.124,True,classificada — no sinal operável
ANET_2021Q3,ANET,2021-11-01,3.0,19.0,0.2133,-0.0084,0.3223,-0.0082,0.0156,True,classificada — no sinal operável
ANET_2021Q4,ANET,2022-02-14,4.0,17.0,0.2548,-0.0464,0.5296,-0.0652,-0.2096,True,classificada — no sinal operável
ANET_2022Q1,ANET,2022-05-02,3.0,23.0,0.1658,-0.0264,0.2305,-0.0994,0.0376,True,classificada — no sinal operável
ANET_2022Q2,ANET,2022-08-01,4.0,18.0,0.2614,-0.0845,0.5093,-0.0147,-0.0117,True,classificada — no sinal operável
ANET_2022Q3,ANET,2022-10-31,4.0,18.0,0.2085,-0.0726,0.3844,0.1572,0.0842,True,classificada — no sinal operável
ANET_2022Q4,ANET,2023-02-13,4.0,23.0,0.2211,-0.0819,0.4945,0.1432,0.0256,True,classificada — no sinal operável
ANET_2023Q1,ANET,2023-05-01,3.0,22.0,0.2754,0.0282,0.4626,0.1447,0.2773,True,classificada — no sinal operável
ANET_2023Q2,ANET,2023-07-31,3.0,19.0,0.2498,-0.0202,0.4507,0.0448,-0.0074,True,classificada — no sinal operável
ANET_2023Q3,ANET,2023-10-30,3.0,21.0,0.296,0.0698,0.4863,0.1287,0.3313,True,classificada — no sinal operável
ANET_2023Q4,ANET,2024-02-12,4.0,12.0,0.2238,-0.109,0.4449,0.0885,0.2016,True,classificada — no sinal operável
ANET_2024Q1,ANET,2024-05-07,8.0,16.0,0.3543,0.1097,0.2225,0.0474,0.1207,True,classificada — no sinal operável
ANET_2024Q2,ANET,2024-07-30,4.0,19.0,0.2097,-0.0868,0.4507,0.0093,0.1609,True,classificada — no sinal operável
ANET_2024Q3,ANET,2024-11-07,4.0,12.0,0.2846,0.0189,0.5178,0.0424,0.1498,True,classificada — no sinal operável
ANET_2024Q4,ANET,2025-02-18,4.0,17.0,0.3165,0.025,0.44,-0.1922,-0.0746,True,classificada — no sinal operável
ANET_2025Q1,ANET,2025-05-06,3.0,17.0,0.2146,-0.028,0.3162,0.1083,0.616,True,classificada — no sinal operável
ANSS_2007Q2,ANSS,2007-08-02,1.0,8.0,,,0.5926,,,False,sem distância de tom: <2 gestores identificados ou Q&A não detectado
ANSS_2008Q1,ANSS,2008-05-13,1.0,11.0,,,0.4935,,,False,sem distância de tom: <2 gestores identificados ou Q&A não detectado
ANSS_2008Q2,ANSS,2008-08-07,4.0,7.0,0.2758,,0.552,,,False,"distância de tom OK, mas sem pregão de decisão (call não alinhada a preços)"
ANSS_2008Q3,ANSS,2008-11-07,2.0,13.0,0.0001,,0.5511,,,False,"distância de tom OK, mas sem pregão de decisão (call não alinhada a preços)"
ANSS_2008Q4,ANSS,2009-02-26,1.0,12.0,,,0.5545,,,False,sem distância de tom: <2 gestores identificados ou Q&A não detectado
ANSS_2011Q2,ANSS,2011-08-04,5.0,11.0,0.3163,,0.2876,,,False,"distância de tom OK, mas sem pregão de decisão (call não alinhada a preços)"
ANSS_2011Q3,ANSS,2011-11-03,4.0,11.0,0.2296,,0.3263,,,False,"distância de tom OK, mas sem pregão de decisão (call não alinhada a preços)"
ANSS_2011Q4,ANSS,2012-02-23,3.0,11.0,0.1374,,0.1974,,,False,"distância de tom OK, mas sem pregão de decisão (call não alinhada a preços)"
ANSS_2012Q1,ANSS,2012-05-03,4.0,12.0,0.1131,,0.171,,,False,"distância de tom OK, mas sem pregão de decisão (call não alinhada a preços)"
ANSS_2012Q2,ANSS,2012-08-02,4.0,10.0,0.1391,,0.2787,,,False,"distância de tom OK, mas sem pregão de decisão (call não alinhada a preços)"
ANSS_2012Q3,ANSS,2012-11-01,5.0,8.0,0.191,,-0.0145,,,False,"distância de tom OK, mas sem pregão de decisão (call não alinhada a preços)"
ANSS_2012Q4,ANSS,2013-02-28,4.0,10.0,0.1367,,0.1073,,,False,"distância de tom OK, mas sem pregão de decisão (call não alinhada a preços)"
ANSS_2013Q1,ANSS,2013-05-02,5.0,9.0,0.071,,-0.0242,,,False,"distância de tom OK, mas sem pregão de decisão (call não alinhada a preços)"
ANSS_2013Q2,ANSS,2013-08-01,4.0,10.0,0.17,,0.1861,,,False,"distância de tom OK, mas sem pregão de decisão (call não alinhada a preços)"
ANSS_2013Q3,ANSS,2013-11-07,4.0,8.0,0.1542,,0.2256,,,False,"distância de tom OK, mas sem pregão de decisão (call não alinhada a preços)"
ANSS_2013Q4,ANSS,2014-02-27,4.0,8.0,0.2012,,0.2246,,,False,"distância de tom OK, mas sem pregão de decisão (call não alinhada a preços)"
ANSS_2014Q1,ANSS,2014-05-01,4.0,6.0,0.1835,,0.3149,,,False,"distância de tom OK, mas sem pregão de decisão (call não alinhada a preços)"
ANSS_2014Q2,ANSS,2014-08-05,4.0,7.0,0.1484,,0.3001,,,False,"distância de tom OK, mas sem pregão de decisão (call não alinhada a preços)"
ANSS_2014Q3,ANSS,2014-11-05,4.0,8.0,0.216,,0.3875,,,False,"distância de tom OK, mas sem pregão de decisão (call não alinhada a preços)"
ANSS_2014Q4,ANSS,2015-02-26,3.0,8.0,0.1665,,0.3518,,,False,"distância de tom OK, mas sem pregão de decisão (call não alinhada a preços)"
ANSS_2015Q1,ANSS,2015-05-10,3.0,9.0,0.2047,,0.2685,,,False,"distância de tom OK, mas sem pregão de decisão (call não alinhada a preços)"
ANSS_2015Q2,ANSS,2015-08-05,4.0,7.0,0.1882,,0.2388,,,False,"distância de tom OK, mas sem pregão de decisão (call não alinhada a preços)"
ANSS_2015Q3,ANSS,2015-11-05,4.0,9.0,0.1865,,0.1511,,,False,"distância de tom OK, mas sem pregão de decisão (call não alinhada a preços)"
ANSS_2015Q4,ANSS,2016-02-25,4.0,9.0,0.2705,,0.3266,,,False,"distância de tom OK, mas sem pregão de decisão (call não alinhada a preços)"
ANSS_2016Q1,ANSS,2016-05-05,4.0,10.0,0.197,,0.1836,,,False,"distância de tom OK, mas sem pregão de decisão (call não alinhada a preços)"
ANSS_2016Q2,ANSS,2016-08-05,3.0,3.0,0.2265,,0.4698,,,False,"distância de tom OK, mas sem pregão de decisão (call não alinhada a preços)"
ANSS_2016Q3,ANSS,2016-11-03,5.0,11.0,0.3507,,0.4016,,,False,"distância de tom OK, mas sem pregão de decisão (call não alinhada a preços)"
ANSS_2016Q4,ANSS,2017-02-23,5.0,11.0,0.3272,,0.5329,,,False,"distância de tom OK, mas sem pregão de decisão (call não alinhada a preços)"
ANSS_2017Q1,ANSS,2017-05-06,4.0,12.0,0.3315,,0.5731,,,False,"distância de tom OK, mas sem pregão de decisão (call não alinhada a preços)"
ANSS_2017Q2,ANSS,2017-08-06,6.0,9.0,0.3253,,0.4817,,,False,"distância de tom OK, mas sem pregão de decisão (call não alinhada a preços)"
ANSS_2017Q3,ANSS,2017-11-02,5.0,12.0,0.364,,0.5694,,,False,"distância de tom OK, mas sem pregão de decisão (call não alinhada a preços)"
ANSS_2017Q4,ANSS,2018-02-22,5.0,10.0,0.2737,,0.4989,,,False,"distância de tom OK, mas sem pregão de decisão (call não alinhada a preços)"
ANSS_2018Q1,ANSS,2018-05-03,5.0,10.0,0.3517,,0.555,,,False,"distância de tom OK, mas sem pregão de decisão (call não alinhada a preços)"
ANSS_2018Q2,ANSS,2018-08-07,5.0,8.0,0.3137,,0.4695,,,False,"distância de tom OK, mas sem pregão de decisão (call não alinhada a preços)"
ANSS_2018Q3,ANSS,2018-11-08,5.0,12.0,0.4246,,0.7423,,,False,"distância de tom OK, mas sem pregão de decisão (call não alinhada a preços)"
ANSS_2018Q4,ANSS,2019-02-28,3.0,13.0,0.3001,,0.5292,,,False,"distância de tom OK, mas sem pregão de decisão (call não alinhada a preços)"
ANSS_2019Q1,ANSS,2019-05-02,3.0,13.0,0.3401,,0.6072,,,False,"distância de tom OK, mas sem pregão de decisão (call não alinhada a preços)"
ANSS_2019Q2,ANSS,2019-08-06,3.0,12.0,0.2924,,0.5132,,,False,"distância de tom OK, mas sem pregão de decisão (call não alinhada a preços)"
ANSS_2019Q3,ANSS,2019-11-07,3.0,13.0,0.3301,,0.6119,,,False,"distância de tom OK, mas sem pregão de decisão (call não alinhada a preços)"
ANSS_2019Q4,ANSS,2020-02-27,3.0,13.0,0.3383,,0.6118,,,False,"distância de tom OK, mas sem pregão de decisão (call não alinhada a preços)"
ANSS_2020Q1,ANSS,2020-05-08,3.0,5.0,0.2703,,0.3206,,,False,"distância de tom OK, mas sem pregão de decisão (call não alinhada a preços)"
ANSS_2020Q2,ANSS,2020-08-06,3.0,10.0,0.3523,,0.5515,,,False,"distância de tom OK, mas sem pregão de decisão (call não alinhada a preços)"
ANSS_2020Q3,ANSS,2020-11-05,3.0,8.0,0.3101,,0.4702,,,False,"distância de tom OK, mas sem pregão de decisão (call não alinhada a preços)"
ANSS_2020Q4,ANSS,2021-02-25,4.0,9.0,0.2859,,0.602,,,False,"distância de tom OK, mas sem pregão de decisão (call não alinhada a preços)"
ANSS_2021Q1,ANSS,2021-05-06,3.0,11.0,0.3089,,0.536,,,False,"distância de tom OK, mas sem pregão de decisão (call não alinhada a preços)"
ANSS_2021Q2,ANSS,2021-08-05,3.0,8.0,0.3391,,0.6303,,,False,"distância de tom OK, mas sem pregão de decisão (call não alinhada a preços)"
ANSS_2021Q3,ANSS,2021-11-04,3.0,9.0,0.359,,0.6424,,,False,"distância de tom OK, mas sem pregão de decisão (call não alinhada a preços)"
ANSS_2021Q4,ANSS,2022-02-24,3.0,9.0,0.3544,,0.5916,,,False,"distância de tom OK, mas sem pregão de decisão (call não alinhada a preços)"
ANSS_2022Q1,ANSS,2022-05-05,3.0,8.0,0.3201,,0.5928,,,False,"distância de tom OK, mas sem pregão de decisão (call não alinhada a preços)"
ANSS_2022Q2,ANSS,2022-08-04,3.0,8.0,0.3632,,0.6994,,,False,"distância de tom OK, mas sem pregão de decisão (call não alinhada a preços)"
ANSS_2022Q3,ANSS,2022-11-03,4.0,7.0,0.2476,,0.6176,,,False,"distância de tom OK, mas sem pregão de decisão (call não alinhada a preços)"
ANSS_2022Q4,ANSS,2023-02-23,3.0,6.0,0.3636,,0.7341,,,False,"distância de tom OK, mas sem pregão de decisão (call não alinhada a preços)"
ANSS_2023Q1,ANSS,2023-05-04,3.0,8.0,0.3717,,0.7145,,,False,"distância de tom OK, mas sem pregão de decisão (call não alinhada a preços)"
ANSS_2023Q2,ANSS,2023-08-03,3.0,6.0,0.3128,,0.5813,,,False,"distância de tom OK, mas sem pregão de decisão (call não alinhada a preços)"
ANSS_2023Q3,ANSS,2023-11-02,3.0,7.0,0.2993,,0.5473,,,False,"distância de tom OK, mas sem pregão de decisão (call não alinhada a preços)"
APH_2007Q3,APH,2007-10-18,2.0,11.0,0.0002,,0.6509,-0.0368,-0.1029,False,"distância de tom OK, mas histórico curto para residualizar (<250 calls anteriores)"
APH_2007Q4,APH,2008-01-17,3.0,14.0,0.3426,,0.5992,0.019,0.2184,False,"distância de tom OK, mas histórico curto para residualizar (<250 calls anteriores)"
APH_2008Q1,APH,2008-04-17,3.0,12.0,0.3596,0.0631,0.6484,0.0552,0.1444,True,classificada — no sinal operável
APH_2008Q2,APH,2008-07-17,2.0,13.0,0.0001,-0.1816,0.6595,0.0184,-0.4705,True,classificada — no sinal operável
APH_2008Q3,APH,2008-10-17,2.0,15.0,0.0,-0.1747,0.5598,-0.1978,-0.0885,True,classificada — no sinal operável
APH_2008Q4,APH,2009-01-15,4.0,10.0,0.3012,-0.0228,0.412,0.0201,0.1774,True,classificada — no sinal operável
APH_2009Q1,APH,2009-04-17,4.0,13.0,0.3372,-0.0069,0.4728,0.0866,0.0903,True,classificada — no sinal operável
APH_2009Q2,APH,2009-07-16,4.0,11.0,0.3438,-0.0208,0.6591,-0.0042,0.2301,True,classificada — no sinal operável
APH_2009Q3,APH,2009-10-15,1.0,13.0,,,0.7202,0.0368,0.0757,False,sem distância de tom: <2 gestores identificados ou Q&A não detectado
APH_2009Q4,APH,2010-01-21,1.0,12.0,,,0.6865,-0.0109,0.1072,False,sem distância de tom: <2 gestores identificados ou Q&A não detectado
APH_2010Q1,APH,2010-04-20,1.0,12.0,,,0.654,-0.0892,-0.1001,False,sem distância de tom: <2 gestores identificados ou Q&A não detectado
APH_2010Q2,APH,2010-07-21,1.0,16.0,,,0.5927,-0.0376,0.1319,False,sem distância de tom: <2 gestores identificados ou Q&A não detectado
APH_2010Q3,APH,2010-10-20,1.0,13.0,,,0.4787,0.0294,0.0697,False,sem distância de tom: <2 gestores identificados ou Q&A não detectado
APH_2010Q4,APH,2011-01-19,4.0,11.0,0.3897,0.065,0.6142,0.0813,-0.0291,True,classificada — no sinal operável
APH_2011Q1,APH,2011-04-20,4.0,10.0,0.3924,0.0594,0.6258,-0.0139,-0.0874,True,classificada — no sinal operável
APH_2011Q2,APH,2011-07-20,,,,,0.6487,-0.1567,-0.1237,False,sem distância de tom: <2 gestores identificados ou Q&A não detectado
APH_2011Q3,APH,2011-10-19,4.0,11.0,0.3086,-0.0334,0.2998,0.0963,0.3293,True,classificada — no sinal operável
APH_2011Q4,APH,2012-01-18,4.0,13.0,0.3779,0.031,0.6022,0.0558,0.0905,True,classificada — no sinal operável
APH_2012Q1,APH,2012-04-18,4.0,12.0,0.431,0.0639,0.7259,-0.105,0.0114,True,classificada — no sinal operável
APH_2012Q2,APH,2012-07-18,4.0,13.0,0.4212,0.0339,0.6737,0.0606,0.0256,True,classificada — no sinal operável
APH_2012Q3,APH,2012-10-17,4.0,12.0,0.3511,-0.0209,0.5828,-0.021,0.0991,True,classificada — no sinal operável
APH_2012Q4,APH,2013-01-17,5.0,10.0,0.496,0.1092,0.5662,0.0404,0.0696,True,classificada — no sinal operável
APH_2013Q1,APH,2013-04-18,4.0,11.0,0.4478,0.0852,0.711,0.1538,0.0591,True,classificada — no sinal operável
APH_2013Q2,APH,2013-07-18,4.0,9.0,0.4039,0.0107,0.6982,-0.0182,0.0404,True,classificada — no sinal operável
APH_2013Q3,APH,2013-10-17,4.0,12.0,0.4517,0.0463,0.7142,0.0267,0.1268,True,classificada — no sinal operável
APH_2013Q4,APH,2014-01-22,4.0,13.0,0.4283,0.0124,0.7463,-0.0274,0.0563,True,classificada — no sinal operável
APH_2014Q1,APH,2014-04-23,3.0,11.0,0.3611,0.0314,0.7196,-0.0074,0.0108,True,classificada — no sinal operável
APH_2014Q2,APH,2014-07-23,1.0,14.0,,,0.6004,0.0744,0.025,False,sem distância de tom: <2 gestores identificados ou Q&A não detectado
APH_2014Q3,APH,2014-10-22,3.0,10.0,0.3685,-0.0275,0.6388,0.0698,0.1467,True,classificada — no sinal operável
APH_2014Q4,APH,2015-01-21,1.0,14.0,,,0.601,0.0512,0.0514,False,sem distância de tom: <2 gestores identificados ou Q&A não detectado
APH_2015Q1,APH,2015-04-22,2.0,13.0,0.0,-0.2011,0.519,0.0286,0.0097,True,classificada — no sinal operável
APH_2015Q2,APH,2015-07-22,4.0,10.0,0.3682,-0.037,0.6179,-0.0504,-0.0603,True,classificada — no sinal operável
APH_2015Q3,APH,2015-10-21,1.0,13.0,,,0.3293,0.0793,-0.0345,False,sem distância de tom: <2 gestores identificados ou Q&A não detectado
APH_2015Q4,APH,2016-01-20,4.0,10.0,0.4115,0.0227,0.6419,0.1102,0.2354,True,classificada — no sinal operável
APH_2016Q1,APH,2016-04-20,1.0,14.0,,,0.6862,-0.0439,0.0252,False,sem distância de tom: <2 gestores identificados ou Q&A não detectado
APH_2016Q2,APH,2016-07-20,2.0,14.0,0.0003,-0.1774,0.7103,0.0226,0.0707,True,classificada — no sinal operável
APH_2016Q3,APH,2016-10-19,3.0,11.0,0.3685,0.027,0.7962,0.0458,0.0574,True,classificada — no sinal operável
APH_2016Q4,APH,2017-01-25,1.0,12.0,,,0.6966,0.0399,0.0652,False,sem distância de tom: <2 gestores identificados ou Q&A não detectado
APH_2017Q1,APH,2017-04-26,1.0,13.0,,,0.6764,0.0353,0.0426,False,sem distância de tom: <2 gestores identificados ou Q&A não detectado
APH_2017Q2,APH,2017-07-26,1.0,12.0,,,0.5616,0.059,0.1585,False,sem distância de tom: <2 gestores identificados ou Q&A não detectado
APH_2017Q3,APH,2017-10-25,1.0,13.0,,,0.7258,0.0419,0.0651,False,sem distância de tom: <2 gestores identificados ou Q&A não detectado
APH_2017Q4,APH,2018-01-24,1.0,12.0,,,0.6055,-0.0073,-0.0923,False,sem distância de tom: <2 gestores identificados ou Q&A não detectado
APH_2018Q1,APH,2018-04-25,1.0,14.0,,,0.6704,0.0559,0.1218,False,sem distância de tom: <2 gestores identificados ou Q&A não detectado
APH_2018Q2,APH,2018-07-25,1.0,13.0,,,0.7877,-0.0004,-0.1136,False,sem distância de tom: <2 gestores identificados ou Q&A não detectado
APH_2018Q3,APH,2018-10-24,1.0,11.0,,,0.6955,0.0053,0.0172,False,sem distância de tom: <2 gestores identificados ou Q&A não detectado
APH_2018Q4,APH,2019-01-23,3.0,10.0,0.1186,-0.3564,0.6117,0.1255,0.2261,True,classificada — no sinal operável
APH_2019Q1,APH,2019-04-24,2.0,10.0,0.3241,-0.021,0.5001,-0.1253,-0.0948,True,classificada — no sinal operável
APH_2019Q2,APH,2019-07-24,3.0,10.0,0.4421,0.0458,0.4869,-0.0462,0.0786,True,classificada — no sinal operável
APH_2019Q3,APH,2019-10-24,2.0,12.0,0.0543,-0.3128,0.42,0.0006,0.0117,True,classificada — no sinal operável
APH_2019Q4,APH,2020-01-22,2.0,14.0,0.208,-0.1785,0.5672,-0.0382,-0.2256,True,classificada — no sinal operável
APH_2020Q1,APH,2020-04-22,2.0,15.0,0.1598,-0.145,0.3683,0.0761,0.2351,True,classificada — no sinal operável
APH_2020Q2,APH,2020-07-22,2.0,15.0,0.1412,-0.1599,0.5679,0.0272,0.0997,True,classificada — no sinal operável
APH_2020Q3,APH,2020-10-21,2.0,17.0,0.0171,-0.2868,0.7026,0.1049,0.1513,True,classificada — no sinal operável
APH_2020Q4,APH,2021-01-27,2.0,15.0,0.0392,-0.3444,0.7627,-0.0145,0.0613,True,classificada — no sinal operável
APH_2021Q1,APH,2021-04-28,2.0,13.0,0.0795,-0.2188,0.6509,-0.017,0.0377,True,classificada — no sinal operável
APH_2021Q2,APH,2021-07-28,2.0,11.0,0.0421,-0.2699,0.6403,0.0588,0.1049,True,classificada — no sinal operável
APH_2021Q3,APH,2021-10-27,2.0,13.0,0.095,-0.1984,0.5239,0.0699,-0.0141,True,classificada — no sinal operável
APH_2021Q4,APH,2022-01-26,2.0,14.0,0.0648,-0.2709,0.6011,-0.0088,-0.0927,True,classificada — no sinal operável
APH_2022Q1,APH,2022-04-27,2.0,13.0,0.133,-0.2381,0.6948,-0.0198,0.0789,True,classificada — no sinal operável
APH_2022Q2,APH,2022-07-27,3.0,13.0,0.0483,-0.3025,0.6427,0.0462,-0.0262,True,classificada — no sinal operável
APH_2022Q3,APH,2022-10-26,2.0,13.0,0.095,-0.3014,0.6214,0.0891,0.069,True,classificada — no sinal operável
APH_2022Q4,APH,2023-01-25,2.0,13.0,0.05,-0.3051,0.6386,-0.0378,-0.0681,True,classificada — no sinal operável
APH_2023Q1,APH,2023-04-26,2.0,10.0,0.1116,-0.3229,0.5369,0.003,0.2072,True,classificada — no sinal operável
APH_2023Q2,APH,2023-07-26,2.0,10.0,0.0529,-0.3526,0.7296,-0.0446,-0.1125,True,classificada — no sinal operável
APH_2023Q3,APH,2023-10-25,2.0,11.0,0.1343,-0.2527,0.6282,0.1218,0.2531,True,classificada — no sinal operável
APH_2023Q4,APH,2024-01-24,3.0,11.0,0.5539,0.193,0.6598,0.081,0.1722,True,classificada — no sinal operável
APH_2024Q1,APH,2024-04-24,3.0,11.0,0.0428,-0.2359,0.4619,0.1838,0.0737,True,classificada — no sinal operável
APH_2024Q2,APH,2024-07-24,2.0,14.0,0.1104,-0.2398,0.7366,0.0629,0.0671,True,classificada — no sinal operável
APH_2024Q3,APH,2024-10-23,2.0,12.0,0.0306,-0.325,0.7043,0.0544,-0.0262,True,classificada — no sinal operável
APH_2024Q4,APH,2025-01-22,2.0,13.0,0.0684,-0.2888,0.7767,-0.1335,-0.0853,True,classificada — no sinal operável
APH_2025Q1,APH,2025-04-23,3.0,13.0,0.3489,0.0476,0.6327,0.1763,0.4438,True,classificada — no sinal operável
ATVI_2015Q1,ATVI,2015-05-06,8.0,7.0,0.4545,,0.8583,,,False,"distância de tom OK, mas sem pregão de decisão (call não alinhada a preços)"
ATVI_2015Q2,ATVI,2015-08-04,10.0,6.0,0.4863,,0.8299,,,False,"distância de tom OK, mas sem pregão de decisão (call não alinhada a preços)"
ATVI_2015Q3,ATVI,2015-11-04,10.0,7.0,0.3879,,0.8156,,,False,"distância de tom OK, mas sem pregão de decisão (call não alinhada a preços)"
ATVI_2015Q4,ATVI,2016-02-11,12.0,3.0,0.4277,,0.7046,,,False,"distância de tom OK, mas sem pregão de decisão (call não alinhada a preços)"
ATVI_2016Q1,ATVI,2016-05-05,,,,,0.8026,,,False,sem distância de tom: <2 gestores identificados ou Q&A não detectado
ATVI_2016Q2,ATVI,2016-08-04,6.0,11.0,0.4465,,0.7044,,,False,"distância de tom OK, mas sem pregão de decisão (call não alinhada a preços)"
ATVI_2016Q3,ATVI,2016-11-03,7.0,8.0,0.3909,,0.7312,,,False,"distância de tom OK, mas sem pregão de decisão (call não alinhada a preços)"
ATVI_2016Q4,ATVI,2017-02-09,6.0,12.0,0.4693,,0.8161,,,False,"distância de tom OK, mas sem pregão de decisão (call não alinhada a preços)"
ATVI_2017Q1,ATVI,2017-05-04,,,,,0.7953,,,False,sem distância de tom: <2 gestores identificados ou Q&A não detectado
ATVI_2017Q2,ATVI,2017-08-03,6.0,11.0,0.4668,,0.7959,,,False,"distância de tom OK, mas sem pregão de decisão (call não alinhada a preços)"
ATVI_2017Q3,ATVI,2017-11-02,6.0,11.0,0.4967,,0.8074,,,False,"distância de tom OK, mas sem pregão de decisão (call não alinhada a preços)"
ATVI_2017Q4,ATVI,2018-02-08,6.0,12.0,0.4595,,0.8273,,,False,"distância de tom OK, mas sem pregão de decisão (call não alinhada a preços)"
ATVI_2018Q1,ATVI,2018-05-03,,,,,0.8025,,,False,sem distância de tom: <2 gestores identificados ou Q&A não detectado
ATVI_2018Q2,ATVI,2018-08-02,,,,,0.8138,,,False,sem distância de tom: <2 gestores identificados ou Q&A não detectado
ATVI_2018Q3,ATVI,2018-11-08,7.0,10.0,0.4482,,0.7693,,,False,"distância de tom OK, mas sem pregão de decisão (call não alinhada a preços)"
ATVI_2018Q4,ATVI,2019-02-12,8.0,9.0,0.4115,,0.7057,,,False,"distância de tom OK, mas sem pregão de decisão (call não alinhada a preços)"
ATVI_2019Q1,ATVI,2019-05-02,4.0,11.0,0.3133,,0.7752,,,False,"distância de tom OK, mas sem pregão de decisão (call não alinhada a preços)"
ATVI_2019Q2,ATVI,2019-08-08,,,,,0.8153,,,False,sem distância de tom: <2 gestores identificados ou Q&A não detectado
ATVI_2019Q3,ATVI,2019-11-07,5.0,10.0,0.3899,,0.6834,,,False,"distância de tom OK, mas sem pregão de decisão (call não alinhada a preços)"
ATVI_2019Q4,ATVI,2020-02-06,4.0,11.0,0.3395,,0.7896,,,False,"distância de tom OK, mas sem pregão de decisão (call não alinhada a preços)"
ATVI_2020Q1,ATVI,2020-05-05,4.0,12.0,0.2928,,0.7113,,,False,"distância de tom OK, mas sem pregão de decisão (call não alinhada a preços)"
ATVI_2020Q2,ATVI,2020-08-04,4.0,12.0,0.3671,,0.8042,,,False,"distância de tom OK, mas sem pregão de decisão (call não alinhada a preços)"
ATVI_2020Q3,ATVI,2020-10-29,4.0,8.0,0.3718,,0.8733,,,False,"distância de tom OK, mas sem pregão de decisão (call não alinhada a preços)"
ATVI_2020Q4,ATVI,2021-02-05,,,,,0.8815,,,False,sem distância de tom: <2 gestores identificados ou Q&A não detectado
ATVI_2021Q1,ATVI,2021-05-04,5.0,12.0,0.3075,,0.8611,,,False,"distância de tom OK, mas sem pregão de decisão (call não alinhada a preços)"
ATVI_2021Q2,ATVI,2021-08-03,4.0,10.0,0.3238,,0.7687,,,False,"distância de tom OK, mas sem pregão de decisão (call não alinhada a preços)"
ATVI_2021Q3,ATVI,2021-11-02,4.0,12.0,0.3128,,0.7863,,,False,"distância de tom OK, mas sem pregão de decisão (call não alinhada a preços)"
AVGO_2005Q4,AVGO,2006-01-31,6.0,19.0,0.2639,,0.5681,0.0576,-0.1218,False,"distância de tom OK, mas confundidor ausente (size_proxy)"
AVGO_2006Q1,AVGO,2006-04-21,5.0,16.0,0.3319,,0.5242,0.0576,-0.1218,False,"distância de tom OK, mas confundidor ausente (size_proxy)"
AVGO_2006Q2,AVGO,2006-07-20,5.0,16.0,0.3341,,0.3529,0.0576,-0.1218,False,"distância de tom OK, mas confundidor ausente (size_proxy)"
AVGO_2006Q3,AVGO,2006-10-20,4.0,15.0,0.2778,,0.352,0.0576,-0.1218,False,"distância de tom OK, mas confundidor ausente (size_proxy)"
AVGO_2006Q4,AVGO,2007-02-08,6.0,18.0,0.3579,,0.5221,0.0576,-0.1218,False,"distância de tom OK, mas confundidor ausente (size_proxy)"
AVGO_2007Q2,AVGO,2007-07-19,4.0,10.0,0.3649,,0.5186,0.0576,-0.1218,False,"distância de tom OK, mas confundidor ausente (size_proxy)"
AVGO_2007Q3,AVGO,2007-10-23,2.0,19.0,0.0001,,0.5633,0.0576,-0.1218,False,"distância de tom OK, mas confundidor ausente (size_proxy)"
AVGO_2007Q4,AVGO,2008-01-25,5.0,19.0,0.2706,,0.4665,0.0576,-0.1218,False,"distância de tom OK, mas confundidor ausente (size_proxy)"
AVGO_2008Q1,AVGO,2008-04-22,2.0,17.0,0.0,,0.4704,0.0576,-0.1218,False,"distância de tom OK, mas confundidor ausente (size_proxy)"
AVGO_2008Q2,AVGO,2008-07-23,5.0,22.0,0.3027,,0.457,0.0576,-0.1218,False,"distância de tom OK, mas confundidor ausente (size_proxy)"
AVGO_2008Q3,AVGO,2008-10-22,2.0,25.0,0.0,,0.5176,0.0576,-0.1218,False,"distância de tom OK, mas confundidor ausente (size_proxy)"
AVGO_2008Q4,AVGO,2009-01-29,4.0,22.0,0.3367,,0.366,0.0576,-0.1218,False,"distância de tom OK, mas confundidor ausente (size_proxy)"
AVGO_2009Q1,AVGO,2009-04-21,5.0,21.0,0.2866,,0.2616,0.0576,-0.1218,False,"distância de tom OK, mas confundidor ausente (size_proxy)"
AVGO_2009Q2,AVGO,2009-07-23,5.0,20.0,0.3133,,0.4685,0.0576,-0.1218,False,"distância de tom OK, mas confundidor ausente (size_proxy)"
AVGO_2009Q3,AVGO,2009-10-22,4.0,15.0,0.3206,,0.3873,-0.0428,0.0942,False,"distância de tom OK, mas confundidor ausente (size_proxy)"
AVGO_2009Q4,AVGO,2010-02-04,1.0,21.0,,,0.552,0.1139,0.1272,False,sem distância de tom: <2 gestores identificados ou Q&A não detectado
AVGO_2010Q1,AVGO,2010-04-28,1.0,25.0,,,0.5543,0.0005,0.022,False,sem distância de tom: <2 gestores identificados ou Q&A não detectado
AVGO_2010Q2,AVGO,2010-07-27,5.0,22.0,0.255,-0.022,0.4103,-0.0934,0.0214,True,classificada — no sinal operável
AVGO_2010Q3,AVGO,2010-10-26,5.0,23.0,0.3252,0.0041,0.4911,0.1235,0.21,True,classificada — no sinal operável
AVGO_2010Q4,AVGO,2011-02-02,5.0,19.0,0.3207,-0.0191,0.5765,0.1393,0.1336,True,classificada — no sinal operável
AVGO_2011Q1,AVGO,2011-04-26,5.0,20.0,0.2587,-0.0763,0.3563,0.0694,0.1394,True,classificada — no sinal operável
AVGO_2011Q2,AVGO,2011-07-25,5.0,24.0,0.3316,0.037,0.4754,-0.1937,-0.0647,True,classificada — no sinal operável
AVGO_2011Q3,AVGO,2011-10-25,5.0,27.0,0.275,-0.0096,0.2624,-0.1673,-0.0163,True,classificada — no sinal operável
AVGO_2011Q4,AVGO,2011-12-02,5.0,27.0,0.1807,-0.0273,-0.0421,-0.0936,0.1249,True,classificada — no sinal operável
AVGO_2012Q1,AVGO,2012-05-01,5.0,20.0,0.3782,0.033,0.5223,-0.0302,0.0859,True,classificada — no sinal operável
AVGO_2012Q2,AVGO,2012-05-22,4.0,13.0,0.2822,0.0099,0.2601,0.0929,0.1531,True,classificada — no sinal operável
AVGO_2012Q3,AVGO,2012-08-17,4.0,12.0,0.2048,-0.0858,0.2997,-0.0441,-0.1096,True,classificada — no sinal operável
AVGO_2012Q4,AVGO,2012-11-29,5.0,13.0,0.157,-0.0868,0.1765,-0.0805,-0.0256,True,classificada — no sinal operável
AVGO_2013Q1,AVGO,2013-02-26,5.0,10.0,0.1482,-0.0042,-0.0498,0.06,0.0244,True,classificada — no sinal operável
AVGO_2013Q2,AVGO,2013-07-23,5.0,19.0,0.2472,-0.0669,0.3012,-0.0182,0.2698,True,classificada — no sinal operável
AVGO_2013Q3,AVGO,2013-08-27,5.0,8.0,0.229,-0.0625,0.3601,0.0922,0.1294,True,classificada — no sinal operável
AVGO_2013Q4,AVGO,2014-01-30,5.0,21.0,0.2963,-0.0255,0.4433,0.1469,0.1845,True,classificada — no sinal operável
AVGO_2014Q1,AVGO,2014-04-24,4.0,12.0,0.4127,0.0765,0.5349,0.0879,0.1227,True,classificada — no sinal operável
AVGO_2014Q2,AVGO,2014-07-22,5.0,22.0,0.2053,-0.0404,0.3102,0.009,0.034,True,classificada — no sinal operável
AVGO_2014Q3,AVGO,2014-10-21,4.0,24.0,0.2948,-0.0066,0.3711,0.0821,0.2801,True,classificada — no sinal operável
AVGO_2014Q4,AVGO,2014-12-03,4.0,8.0,0.3301,0.05,0.522,-0.0266,0.2639,True,classificada — no sinal operável
AVGO_2015Q1,AVGO,2015-02-25,6.0,9.0,0.2071,-0.01,0.3634,0.0149,0.1515,True,classificada — no sinal operável
AVGO_2015Q2,AVGO,2015-05-27,6.0,10.0,0.3508,0.0782,0.5204,-0.0371,-0.2496,True,classificada — no sinal operável
AVGO_2015Q3,AVGO,2015-08-26,5.0,10.0,0.2412,0.001,0.4141,0.0551,0.0684,True,classificada — no sinal operável
AVGO_2015Q4,AVGO,2015-12-02,5.0,11.0,0.2537,0.0519,0.3176,-0.0148,0.0114,True,classificada — no sinal operável
AVGO_2016Q1,AVGO,2016-03-04,5.0,9.0,0.2547,0.0045,0.431,0.0745,0.1267,True,classificada — no sinal operável
AVGO_2016Q2,AVGO,2016-06-02,5.0,8.0,0.2787,-0.0081,0.3751,-0.0667,0.0676,True,classificada — no sinal operável
AVGO_2016Q3,AVGO,2016-09-01,5.0,12.0,0.2509,0.0105,0.3622,-0.0363,-0.0775,True,classificada — no sinal operável
AVGO_2016Q4,AVGO,2016-12-08,5.0,10.0,0.3046,0.0458,0.5522,0.0036,0.2586,True,classificada — no sinal operável
AVGO_2017Q1,AVGO,2017-03-01,4.0,9.0,0.3964,0.1024,0.6403,-0.0137,0.0734,True,classificada — no sinal operável
AVGO_2017Q2,AVGO,2017-06-01,4.0,12.0,0.2942,0.038,0.4906,-0.0583,-0.0059,True,classificada — no sinal operável
AVGO_2017Q3,AVGO,2017-08-24,5.0,9.0,0.335,0.0486,0.4958,-0.0625,0.0961,True,classificada — no sinal operável
AVGO_2017Q4,AVGO,2017-12-06,4.0,8.0,0.351,0.0682,0.5072,-0.003,-0.0707,True,classificada — no sinal operável
AVGO_2018Q1,AVGO,2018-03-15,4.0,8.0,0.348,0.1071,0.553,-0.0379,0.0357,True,classificada — no sinal operável
AVGO_2018Q2,AVGO,2018-06-07,4.0,9.0,0.3189,0.0521,0.4667,-0.0233,-0.1475,True,classificada — no sinal operável
AVGO_2018Q3,AVGO,2018-09-06,3.0,12.0,0.289,-0.07,0.5724,0.0975,0.0212,True,classificada — no sinal operável
AVGO_2018Q4,AVGO,2018-12-07,5.0,14.0,0.287,0.0388,0.5145,0.0918,0.1953,True,classificada — no sinal operável
AVGO_2019Q1,AVGO,2019-03-14,3.0,12.0,0.2801,0.062,0.4352,0.1166,-0.0081,True,classificada — no sinal operável
AVGO_2019Q2,AVGO,2019-06-13,3.0,12.0,0.2841,-0.0029,0.3494,0.1278,0.1757,True,classificada — no sinal operável
AVGO_2019Q3,AVGO,2019-09-12,3.0,9.0,0.3434,0.0806,0.4533,-0.0476,0.084,True,classificada — no sinal operável
AVGO_2019Q4,AVGO,2019-12-12,3.0,9.0,0.2962,0.0768,0.4224,-0.0212,-0.4043,True,classificada — no sinal operável
AVGO_2020Q1,AVGO,2020-03-12,4.0,12.0,0.2093,0.0057,0.3235,0.1722,0.3247,True,classificada — no sinal operável
AVGO_2020Q2,AVGO,2020-06-04,3.0,10.0,0.3452,-0.0223,0.5043,0.0074,0.1851,True,classificada — no sinal operável
AVGO_2020Q3,AVGO,2020-09-03,3.0,11.0,0.3173,0.0519,0.5129,0.0235,0.1177,True,classificada — no sinal operável
AVGO_2020Q4,AVGO,2020-12-10,5.0,7.0,0.3788,0.0633,0.5144,0.1218,0.1752,True,classificada — no sinal operável
AVGO_2021Q1,AVGO,2021-03-04,4.0,10.0,0.2644,-0.0451,0.357,0.0838,0.0312,True,classificada — no sinal operável
AVGO_2021Q2,AVGO,2021-06-03,3.0,10.0,0.2271,0.0193,0.4065,0.0028,0.0564,True,classificada — no sinal operável
AVGO_2021Q3,AVGO,2021-09-02,3.0,9.0,0.2925,0.0554,0.5308,-0.0332,0.1222,True,classificada — no sinal operável
AVGO_2021Q4,AVGO,2021-12-09,3.0,8.0,0.3647,0.0699,0.6222,0.0018,-0.068,True,classificada — no sinal operável
AVGO_2022Q1,AVGO,2022-03-03,4.0,9.0,0.335,0.0287,0.5793,0.0648,-0.0205,True,classificada — no sinal operável
AVGO_2022Q2,AVGO,2022-06-01,4.0,6.0,0.3145,-0.0742,0.6639,-0.1663,-0.131,True,classificada — no sinal operável
AVGO_2022Q3,AVGO,2022-09-01,4.0,11.0,0.4134,0.152,0.4397,-0.1108,0.0721,True,classificada — no sinal operável
AVGO_2022Q4,AVGO,2022-12-08,4.0,13.0,0.3606,0.0706,0.3748,0.0523,0.1283,True,classificada — no sinal operável
AVGO_2023Q1,AVGO,2023-03-02,3.0,10.0,0.2727,0.0071,0.5156,0.0461,0.2881,True,classificada — no sinal operável
AVGO_2023Q2,AVGO,2023-06-01,4.0,13.0,0.2793,0.0723,0.4629,0.1144,0.1735,True,classificada — no sinal operável
AVGO_2023Q3,AVGO,2023-08-31,3.0,11.0,0.1964,-0.0504,0.1991,-0.0692,0.032,True,classificada — no sinal operável
AVGO_2023Q4,AVGO,2023-12-07,4.0,10.0,0.3009,0.0308,0.4396,0.172,0.4001,True,classificada — no sinal operável
AVGO_2024Q1,AVGO,2024-03-07,3.0,12.0,0.2121,-0.0121,0.391,-0.0376,0.0093,True,classificada — no sinal operável
AVGO_2024Q2,AVGO,2024-06-12,4.0,13.0,0.2771,0.0807,0.3035,0.0056,-0.0346,True,classificada — no sinal operável
AVGO_2024Q3,AVGO,2024-09-05,3.0,15.0,0.1856,-0.0533,0.2562,0.2371,0.1946,True,classificada — no sinal operável
AVGO_2024Q4,AVGO,2024-12-12,3.0,12.0,0.2407,-0.0149,0.3466,0.0688,-0.1156,True,classificada — no sinal operável
AVGO_2025Q1,AVGO,2025-03-06,4.0,10.0,0.1516,-0.0508,0.1529,-0.2184,0.3888,True,classificada — no sinal operável
BKNG_2005Q4,BKNG,2006-02-17,5.0,4.0,0.2963,,0.4327,-0.0195,0.2434,False,"distância de tom OK, mas histórico curto para residualizar (<250 calls anteriores)"
BKNG_2006Q1,BKNG,2006-05-03,4.0,5.0,0.2583,,0.5162,0.1929,-0.0407,False,"distância de tom OK, mas histórico curto para residualizar (<250 calls anteriores)"
BKNG_2006Q2,BKNG,2006-08-07,3.0,8.0,0.3027,,0.4477,0.0342,0.33,False,"distância de tom OK, mas histórico curto para residualizar (<250 calls anteriores)"
BKNG_2006Q3,BKNG,2006-11-08,3.0,8.0,0.2343,,0.423,-0.0599,0.0583,False,"distância de tom OK, mas histórico curto para residualizar (<250 calls anteriores)"
BKNG_2006Q4,BKNG,2007-02-12,4.0,4.0,0.3593,,0.511,0.0427,0.1231,False,"distância de tom OK, mas histórico curto para residualizar (<250 calls anteriores)"
BKNG_2007Q1,BKNG,2007-05-08,3.0,9.0,0.2344,,0.3786,-0.0497,0.0426,False,"distância de tom OK, mas histórico curto para residualizar (<250 calls anteriores)"
BKNG_2007Q2,BKNG,2007-08-07,3.0,9.0,0.2433,,0.4164,0.0606,0.1456,False,"distância de tom OK, mas histórico curto para residualizar (<250 calls anteriores)"
BKNG_2007Q3,BKNG,2007-11-13,3.0,10.0,0.3095,,0.3745,0.0502,-0.0727,False,"distância de tom OK, mas histórico curto para residualizar (<250 calls anteriores)"
BKNG_2007Q4,BKNG,2008-02-14,4.0,7.0,0.3773,,0.6532,0.0011,0.2486,False,"distância de tom OK, mas histórico curto para residualizar (<250 calls anteriores)"
BKNG_2008Q1,BKNG,2008-05-08,4.0,8.0,0.3195,-0.0119,0.593,-0.0954,-0.3137,True,classificada — no sinal operável
BKNG_2008Q2,BKNG,2008-08-06,4.0,8.0,0.331,0.0015,0.3741,-0.0221,-0.4368,True,classificada — no sinal operável
BKNG_2008Q3,BKNG,2008-11-06,4.0,6.0,0.3449,0.0415,0.2535,0.2183,0.3991,True,classificada — no sinal operável
BKNG_2008Q4,BKNG,2009-02-19,4.0,10.0,0.2947,0.048,0.2178,-0.0125,0.3021,True,classificada — no sinal operável
BKNG_2009Q1,BKNG,2009-05-11,4.0,8.0,0.3356,0.0082,0.3722,0.059,0.3738,True,classificada — no sinal operável
BKNG_2009Q2,BKNG,2009-08-10,4.0,11.0,0.3452,0.0621,0.5002,0.0759,0.1543,True,classificada — no sinal operável
BKNG_2009Q3,BKNG,2009-11-09,4.0,10.0,0.3414,0.0251,0.579,0.1171,0.0589,True,classificada — no sinal operável
BKNG_2009Q4,BKNG,2010-02-17,4.0,12.0,0.261,0.0201,0.2486,0.0673,-0.1522,True,classificada — no sinal operável
BKNG_2010Q3,BKNG,2010-11-08,4.0,10.0,0.2919,-0.053,0.5543,0.0553,0.1174,True,classificada — no sinal operável
BKNG_2010Q4,BKNG,2011-02-23,4.0,12.0,0.3431,0.019,0.5031,0.0201,0.0521,True,classificada — no sinal operável
BKNG_2011Q1,BKNG,2011-05-05,4.0,10.0,0.3623,0.0083,0.5303,-0.0521,-0.0889,True,classificada — no sinal operável
BKNG_2011Q2,BKNG,2011-08-04,4.0,10.0,0.3219,0.0114,0.4258,-0.0175,-0.0818,True,classificada — no sinal operável
BKNG_2011Q3,BKNG,2011-11-07,4.0,14.0,0.3057,0.0256,0.412,-0.0687,0.0353,True,classificada — no sinal operável
BKNG_2011Q4,BKNG,2012-02-27,5.0,13.0,0.252,0.0178,0.3143,0.1481,0.0285,True,classificada — no sinal operável
BKNG_2012Q1,BKNG,2012-05-09,4.0,15.0,0.3118,0.0125,0.3144,-0.0836,-0.2003,True,classificada — no sinal operável
BKNG_2012Q2,BKNG,2012-08-07,3.0,11.0,0.3002,0.0437,0.1429,0.0503,0.1035,True,classificada — no sinal operável
BKNG_2012Q3,BKNG,2012-11-01,4.0,13.0,0.3311,0.0352,0.3929,0.0273,0.045,True,classificada — no sinal operável
BKNG_2013Q1,BKNG,2013-05-09,3.0,17.0,0.3122,-0.0023,0.4668,0.1098,0.2584,True,classificada — no sinal operável
BKNG_2013Q2,BKNG,2013-08-08,4.0,16.0,0.3335,0.0263,0.4996,-0.0266,0.0665,True,classificada — no sinal operável
BKNG_2013Q3,BKNG,2013-11-07,5.0,11.0,0.3636,0.0238,0.6014,0.1162,0.1438,True,classificada — no sinal operável
BKNG_2013Q4,BKNG,2014-02-20,4.0,15.0,0.2679,0.0239,0.4088,-0.0445,-0.1133,True,classificada — no sinal operável
BKNG_2014Q1,BKNG,2014-05-08,3.0,12.0,0.2971,-0.0165,0.4676,0.129,0.1678,True,classificada — no sinal operável
BKNG_2014Q2,BKNG,2014-08-11,3.0,13.0,0.2957,-0.0372,0.51,-0.0817,-0.1436,True,classificada — no sinal operável
BKNG_2014Q3,BKNG,2014-11-04,3.0,10.0,0.2696,-0.0332,0.402,0.0153,-0.0762,True,classificada — no sinal operável
BKNG_2014Q4,BKNG,2015-02-20,3.0,10.0,0.2627,-0.0674,0.4694,-0.0311,-0.0072,True,classificada — no sinal operável
BKNG_2015Q1,BKNG,2015-05-07,3.0,14.0,0.2933,-0.0444,0.5252,-0.0376,0.1037,True,classificada — no sinal operável
BKNG_2015Q2,BKNG,2015-08-05,4.0,11.0,0.2932,-0.0328,0.51,-0.1011,0.0612,True,classificada — no sinal operável
BKNG_2015Q3,BKNG,2015-11-09,4.0,13.0,0.2911,-0.0074,0.4551,-0.0428,-0.2723,True,classificada — no sinal operável
BKNG_2015Q4,BKNG,2016-02-17,4.0,11.0,0.29,-0.0108,0.4702,0.0851,0.0309,True,classificada — no sinal operável
BKNG_2016Q1,BKNG,2016-05-04,4.0,14.0,0.3702,0.0327,0.4585,0.0381,0.0935,True,classificada — no sinal operável
BKNG_2016Q2,BKNG,2016-08-05,4.0,15.0,0.3207,-0.0045,0.4666,0.0151,0.0159,True,classificada — no sinal operável
BKNG_2016Q3,BKNG,2016-11-07,4.0,15.0,0.401,0.0833,0.6243,-0.0084,0.0397,True,classificada — no sinal operável
BKNG_2016Q4,BKNG,2017-02-27,5.0,18.0,0.3883,0.069,0.5562,0.0496,0.0939,True,classificada — no sinal operável
BKNG_2017Q1,BKNG,2017-05-09,4.0,17.0,0.349,0.0412,0.5283,0.0208,0.1053,True,classificada — no sinal operável
BKNG_2017Q2,BKNG,2017-08-08,4.0,15.0,0.3359,-0.0055,0.4651,-0.0341,-0.0039,True,classificada — no sinal operável
BKNG_2017Q3,BKNG,2017-11-06,5.0,18.0,0.4439,0.1358,0.4251,-0.0158,0.0778,True,classificada — no sinal operável
BKNG_2017Q4,BKNG,2018-02-27,5.0,,0.3932,,0.6863,0.0018,0.0122,False,"distância de tom OK, mas confundidor ausente (analyst_tone, analyst_tone_distance)"
BKNG_2018Q1,BKNG,2018-05-09,3.0,13.0,0.2225,-0.038,0.4351,0.0422,-0.0024,True,classificada — no sinal operável
BKNG_2018Q2,BKNG,2018-08-09,3.0,12.0,0.2502,-0.0873,0.4314,-0.0048,0.0201,True,classificada — no sinal operável
BKNG_2018Q3,BKNG,2018-11-05,3.0,12.0,0.268,0.093,0.4095,-0.0535,-0.0561,True,classificada — no sinal operável
BKNG_2018Q4,BKNG,2019-02-27,2.0,15.0,0.0711,-0.2594,0.4978,-0.0143,-0.0388,True,classificada — no sinal operável
BKNG_2019Q1,BKNG,2019-05-09,2.0,13.0,0.033,-0.3093,0.3235,-0.024,0.0636,True,classificada — no sinal operável
BKNG_2019Q2,BKNG,2019-08-08,2.0,13.0,0.0073,-0.295,0.5691,0.0341,0.0444,True,classificada — no sinal operável
BKNG_2019Q3,BKNG,2019-11-07,2.0,14.0,0.0389,-0.2579,0.4504,-0.0061,-0.0168,True,classificada — no sinal operável
BKNG_2019Q4,BKNG,2020-02-27,2.0,12.0,0.1246,-0.1625,0.41,-0.2364,0.0033,True,classificada — no sinal operável
BKNG_2020Q1,BKNG,2020-05-07,,,,,0.1238,0.2775,0.2157,False,sem distância de tom: <2 gestores identificados ou Q&A não detectado
BKNG_2020Q2,BKNG,2020-08-07,2.0,12.0,0.0909,-0.2072,0.4053,0.0748,0.0047,True,classificada — no sinal operável
BKNG_2020Q3,BKNG,2020-11-05,3.0,9.0,0.1805,-0.0029,0.1269,0.2369,0.2199,True,classificada — no sinal operável
BKNG_2020Q4,BKNG,2021-02-24,2.0,9.0,0.1006,-0.2001,0.3979,-0.0624,-0.0334,True,classificada — no sinal operável
BKNG_2021Q1,BKNG,2021-05-06,2.0,8.0,0.1288,-0.2395,0.6554,-0.0059,-0.0452,True,classificada — no sinal operável
BKNG_2021Q2,BKNG,2021-08-04,2.0,10.0,0.061,-0.2953,0.6365,0.07,0.1413,True,classificada — no sinal operável
BKNG_2021Q3,BKNG,2021-11-03,2.0,7.0,0.0859,-0.2547,0.7223,-0.1672,-0.04,True,classificada — no sinal operável
BKNG_2021Q4,BKNG,2022-02-23,2.0,5.0,0.05,-0.2373,0.5574,0.0464,-0.0516,True,classificada — no sinal operável
BKNG_2022Q1,BKNG,2022-05-04,2.0,7.0,0.1046,-0.2315,0.6163,0.0156,-0.1534,True,classificada — no sinal operável
BKNG_2022Q2,BKNG,2022-08-03,2.0,9.0,0.0818,-0.284,0.6655,-0.0254,-0.0059,True,classificada — no sinal operável
BKNG_2022Q3,BKNG,2022-11-02,,,,,0.5672,0.1279,0.3278,False,sem distância de tom: <2 gestores identificados ou Q&A não detectado
BKNG_2022Q4,BKNG,2023-02-23,2.0,7.0,0.0503,-0.2847,0.5925,0.0285,0.0806,True,classificada — no sinal operável
BKNG_2023Q1,BKNG,2023-05-04,2.0,13.0,0.1148,-0.1852,0.6596,0.0056,0.0877,True,classificada — no sinal operável
BKNG_2023Q2,BKNG,2023-08-03,2.0,11.0,0.0948,-0.2386,0.6744,-0.0127,-0.1232,True,classificada — no sinal operável
BKNG_2023Q3,BKNG,2023-11-02,2.0,10.0,0.027,-0.2738,0.6124,0.1275,0.304,True,classificada — no sinal operável
BKNG_2023Q4,BKNG,2024-02-22,2.0,7.0,0.0473,-0.3065,0.6516,-0.0174,0.0369,True,classificada — no sinal operável
BKNG_2024Q1,BKNG,2024-05-02,2.0,12.0,0.1505,-0.1261,0.4128,0.0172,-0.0984,True,classificada — no sinal operável
BKNG_2024Q2,BKNG,2024-08-01,2.0,10.0,0.0762,-0.2589,0.5571,0.1805,0.3511,True,classificada — no sinal operável
BKNG_2024Q3,BKNG,2024-10-30,3.0,9.0,0.406,0.0099,0.8234,0.0989,-0.007,True,classificada — no sinal operável
BKNG_2024Q4,BKNG,2025-02-20,2.0,6.0,0.0648,-0.333,0.7883,-0.1125,0.0174,True,classificada — no sinal operável
BKNG_2025Q1,BKNG,2025-04-29,2.0,7.0,0.0579,-0.3365,0.6799,0.1627,0.1882,True,classificada — no sinal operável
BR_2008Q1,BR,2007-11-07,4.0,3.0,0.3172,,0.5247,0.1405,0.0435,False,"distância de tom OK, mas histórico curto para residualizar (<250 calls anteriores)"
BR_2008Q2,BR,2008-02-07,6.0,6.0,0.2645,,0.3496,-0.1419,-0.0752,False,"distância de tom OK, mas histórico curto para residualizar (<250 calls anteriores)"
BR_2008Q3,BR,2008-05-08,5.0,2.0,0.3453,0.0094,0.5951,0.1528,0.0201,True,classificada — no sinal operável
BR_2008Q4,BR,2008-08-14,5.0,7.0,0.3141,-0.0565,0.5645,-0.14,-0.4144,True,classificada — no sinal operável
BR_2009Q1,BR,2008-11-06,5.0,5.0,0.3056,-0.0616,0.5943,-0.0274,0.2651,True,classificada — no sinal operável
BR_2009Q2,BR,2009-02-03,5.0,5.0,0.3698,0.0806,0.6786,0.0765,0.2708,True,classificada — no sinal operável
BR_2009Q3,BR,2009-05-11,5.0,4.0,0.3492,0.0808,0.2368,-0.0285,0.0248,True,classificada — no sinal operável
BR_2009Q4,BR,2009-08-11,5.0,5.0,0.3394,-0.0028,0.5884,0.124,0.2029,True,classificada — no sinal operável
BR_2010Q3,BR,2010-05-10,5.0,6.0,0.3577,-0.0071,0.6298,-0.138,-0.0545,True,classificada — no sinal operável
BR_2011Q1,BR,2010-11-06,3.0,6.0,0.2588,-0.0211,0.4737,0.0345,0.0918,True,classificada — no sinal operável
BR_2011Q4,BR,2011-08-11,4.0,6.0,0.2807,-0.1046,0.4716,-0.0473,0.0247,True,classificada — no sinal operável
BR_2012Q1,BR,2011-11-03,5.0,5.0,0.3345,-0.0315,0.5677,-0.0058,0.093,True,classificada — no sinal operável
BR_2012Q2,BR,2012-02-07,5.0,7.0,0.3014,-0.0505,0.5045,-0.0115,-0.0938,True,classificada — no sinal operável
BR_2012Q3,BR,2012-05-08,6.0,3.0,0.309,-0.0233,0.4495,-0.0287,-0.0114,True,classificada — no sinal operável
BR_2012Q4,BR,2012-08-09,5.0,7.0,0.3142,-0.0174,0.5068,0.1031,0.0482,True,classificada — no sinal operável
BR_2013Q1,BR,2012-11-06,3.0,4.0,0.2564,-0.0724,0.4263,0.0399,-0.0122,True,classificada — no sinal operável
BR_2013Q2,BR,2013-02-07,3.0,4.0,0.3346,-0.0866,0.6742,0.0598,0.1696,True,classificada — no sinal operável
BR_2013Q3,BR,2013-05-07,5.0,6.0,0.2989,-0.0496,0.5269,0.0173,0.1304,True,classificada — no sinal operável
BR_2013Q4,BR,2013-08-08,5.0,6.0,0.3168,-0.015,0.5334,-0.0072,0.1385,True,classificada — no sinal operável
BR_2014Q1,BR,2013-11-07,5.0,6.0,0.3737,0.0098,0.6141,0.0869,0.0486,True,classificada — no sinal operável
BR_2014Q2,BR,2014-02-06,5.0,6.0,0.4099,-0.0048,0.7114,0.0652,0.0641,True,classificada — no sinal operável
BR_2014Q3,BR,2014-05-09,5.0,6.0,0.4447,0.103,0.71,0.0651,0.0485,True,classificada — no sinal operável
BR_2014Q4,BR,2014-08-07,5.0,7.0,0.4161,0.0201,0.685,0.0854,0.1239,True,classificada — no sinal operável
BR_2015Q1,BR,2014-11-06,5.0,5.0,0.4447,0.0026,0.7626,0.0134,0.1457,True,classificada — no sinal operável
BR_2015Q2,BR,2015-02-05,5.0,6.0,0.3036,-0.0698,0.5665,0.0519,0.078,True,classificada — no sinal operável
BR_2015Q3,BR,2015-05-08,5.0,6.0,0.3542,0.0327,0.6273,0.0314,0.1052,True,classificada — no sinal operável
BR_2015Q4,BR,2015-08-07,4.0,4.0,0.4051,-0.0543,0.7225,-0.0628,0.0227,True,classificada — no sinal operável
BR_2016Q1,BR,2015-11-07,3.0,4.0,0.3279,-0.0247,0.6808,-0.0512,-0.0797,True,classificada — no sinal operável
BR_2016Q2,BR,2016-02-04,4.0,5.0,0.3601,0.0199,0.646,0.0912,0.1321,True,classificada — no sinal operável
BR_2016Q3,BR,2016-05-05,5.0,6.0,0.3048,-0.0104,0.5192,0.0961,0.1667,True,classificada — no sinal operável
BR_2016Q4,BR,2016-08-09,5.0,4.0,0.3847,-0.0405,0.6952,0.0418,-0.0398,True,classificada — no sinal operável
BR_2017Q1,BR,2016-11-09,2.0,7.0,0.0001,-0.1685,0.5316,0.0617,0.0923,True,classificada — no sinal operável
BR_2017Q2,BR,2017-02-08,5.0,5.0,0.3735,-0.0744,0.6528,0.0095,0.0429,True,classificada — no sinal operável
BR_2017Q3,BR,2017-05-10,5.0,4.0,0.4278,0.025,0.8063,0.0502,0.0607,True,classificada — no sinal operável
BR_2017Q4,BR,2017-08-10,2.0,9.0,0.0001,-0.1527,0.7341,0.1158,0.2653,True,classificada — no sinal operável
BR_2018Q1,BR,2017-11-08,2.0,9.0,0.0001,-0.1503,0.5644,-0.0134,0.02,True,classificada — no sinal operável
BR_2018Q2,BR,2018-02-08,2.0,8.0,0.0001,-0.1467,0.7609,0.1829,0.282,True,classificada — no sinal operável
BR_2018Q3,BR,2018-05-08,2.0,8.0,0.0002,-0.1353,0.8422,0.0548,0.1508,True,classificada — no sinal operável
BR_2018Q4,BR,2018-08-07,2.0,10.0,0.0001,-0.1377,0.6548,0.055,-0.099,True,classificada — no sinal operável
BR_2019Q1,BR,2018-11-06,2.0,11.0,0.0004,-0.128,0.7299,-0.0723,-0.0783,True,classificada — no sinal operável
BR_2019Q2,BR,2019-02-07,3.0,5.0,0.379,-0.01,0.6167,0.0185,0.2041,True,classificada — no sinal operável
BR_2019Q3,BR,2019-05-07,4.0,6.0,0.427,-0.0441,0.7695,0.1151,0.0731,True,classificada — no sinal operável
BR_2019Q4,BR,2019-08-01,3.0,6.0,0.4338,-0.0265,0.8761,0.0078,-0.0236,True,classificada — no sinal operável
BR_2020Q1,BR,2019-11-06,3.0,5.0,0.4133,-0.0637,0.7755,0.0495,0.01,True,classificada — no sinal operável
BR_2020Q2,BR,2020-01-31,3.0,6.0,0.3687,-0.053,0.6182,-0.1504,-0.0579,True,classificada — no sinal operável
BR_2020Q3,BR,2020-05-08,3.0,5.0,0.4129,0.0292,0.8331,0.0713,0.1425,True,classificada — no sinal operável
BR_2020Q4,BR,2020-08-11,6.0,6.0,0.474,0.1208,0.8141,-0.0552,0.041,True,classificada — no sinal operável
BR_2021Q1,BR,2020-10-30,4.0,5.0,0.072,-0.1951,0.5027,0.0731,0.0631,True,classificada — no sinal operável
BR_2021Q2,BR,2021-02-02,3.0,7.0,0.3421,0.0531,0.5421,-0.0586,0.1061,True,classificada — no sinal operável
BR_2021Q3,BR,2021-05-04,4.0,6.0,0.388,0.0375,0.688,-0.0353,0.0681,True,classificada — no sinal operável
BR_2021Q4,BR,2021-08-12,3.0,7.0,0.3941,-0.0343,0.7695,-0.0196,0.0334,True,classificada — no sinal operável
BR_2022Q1,BR,2021-11-03,7.0,2.0,0.3094,0.0114,0.3541,0.0022,-0.1255,True,classificada — no sinal operável
BR_2022Q2,BR,2022-02-01,3.0,6.0,0.3724,-0.01,0.7318,-0.0492,-0.0441,True,classificada — no sinal operável
BR_2022Q3,BR,2022-05-03,3.0,5.0,0.429,0.0303,0.8691,0.0179,0.1445,True,classificada — no sinal operável
BR_2022Q4,BR,2022-08-12,3.0,4.0,0.4338,0.0817,0.9181,-0.0725,-0.2192,True,classificada — no sinal operável
BR_2023Q1,BR,2022-11-02,4.0,3.0,0.4618,0.0282,0.8151,0.0955,0.1349,True,classificada — no sinal operável
BR_2023Q2,BR,2023-02-02,3.0,5.0,0.3437,-0.0354,0.6344,-0.0584,0.0124,True,classificada — no sinal operável
BR_2023Q3,BR,2023-05-02,3.0,6.0,0.3735,0.0066,0.6553,-0.0391,0.08,True,classificada — no sinal operável
BR_2023Q4,BR,2023-08-08,3.0,7.0,0.3554,0.0011,0.6545,0.0562,0.0051,True,classificada — no sinal operável
BR_2024Q1,BR,2023-11-02,3.0,5.0,0.4065,0.0486,0.7972,0.0862,0.1081,True,classificada — no sinal operável
BR_2024Q2,BR,2024-02-01,3.0,7.0,0.4177,0.0019,0.8087,0.0225,-0.0244,True,classificada — no sinal operável
BR_2024Q3,BR,2024-05-08,3.0,3.0,0.441,0.028,0.9241,0.0323,0.1308,True,classificada — no sinal operável
BR_2024Q4,BR,2024-08-06,3.0,5.0,0.4387,0.0533,0.9125,0.002,-0.002,True,classificada — no sinal operável
BR_2025Q1,BR,2024-11-05,7.0,,0.3106,,0.7162,0.0477,0.0717,False,"distância de tom OK, mas confundidor ausente (analyst_tone, analyst_tone_distance)"
BR_2025Q2,BR,2025-01-31,3.0,6.0,0.3768,-0.0212,0.6965,0.0597,-0.0092,True,classificada — no sinal operável
BR_2025Q3,BR,2025-05-01,3.0,6.0,0.3862,-0.031,0.7503,0.0482,0.0618,True,classificada — no sinal operável
CDNS_2017Q1,CDNS,2017-04-25,2.0,11.0,0.0003,-0.1555,0.5157,0.0713,0.1454,True,classificada — no sinal operável
CDNS_2017Q2,CDNS,2017-07-24,2.0,12.0,0.0002,-0.1505,0.6143,0.0549,0.191,True,classificada — no sinal operável
CDNS_2017Q3,CDNS,2017-10-27,5.0,6.0,0.3744,-0.0078,0.6303,0.0482,0.0202,True,classificada — no sinal operável
CDNS_2017Q4,CDNS,2018-01-31,5.0,7.0,0.3132,0.0034,0.524,-0.1151,-0.0998,True,classificada — no sinal operável
CDNS_2018Q1,CDNS,2018-04-23,4.0,8.0,0.4115,0.0449,0.6253,0.0484,0.1257,True,classificada — no sinal operável
CDNS_2018Q2,CDNS,2018-07-23,5.0,7.0,0.4489,0.0496,0.6395,-0.0087,-0.1242,True,classificada — no sinal operável
CDNS_2018Q3,CDNS,2018-10-22,5.0,8.0,0.3808,0.0558,0.587,-0.0278,0.0465,True,classificada — no sinal operável
CDNS_2018Q4,CDNS,2019-02-19,3.0,9.0,0.3454,-0.0039,0.644,0.0781,0.1337,True,classificada — no sinal operável
CDNS_2019Q1,CDNS,2019-04-22,3.0,7.0,0.357,-0.006,0.6124,-0.046,0.0607,True,classificada — no sinal operável
CDNS_2019Q2,CDNS,2019-07-22,3.0,10.0,0.2866,0.0127,0.3801,-0.0445,-0.0888,True,classificada — no sinal operável
CDNS_2019Q3,CDNS,2019-10-21,3.0,11.0,0.3447,-0.0021,0.5338,-0.0186,0.0718,True,classificada — no sinal operável
CDNS_2019Q4,CDNS,2020-02-12,3.0,8.0,0.3204,-0.0077,0.5791,-0.1887,0.0519,True,classificada — no sinal operável
CDNS_2020Q1,CDNS,2020-04-20,3.0,12.0,0.3396,0.0532,0.4087,0.1179,0.3568,True,classificada — no sinal operável
CDNS_2020Q2,CDNS,2020-07-20,3.0,8.0,0.3336,0.0419,0.4382,0.0245,0.0859,True,classificada — no sinal operável
CDNS_2020Q3,CDNS,2020-10-20,3.0,13.0,0.3489,0.0571,0.5675,-0.014,0.231,True,classificada — no sinal operável
CDNS_2020Q4,CDNS,2021-02-22,3.0,12.0,0.3844,0.1384,0.6425,-0.0538,-0.0891,True,classificada — no sinal operável
CDNS_2021Q1,CDNS,2021-04-26,3.0,12.0,0.3343,0.121,0.396,-0.0593,0.0697,True,classificada — no sinal operável
CDNS_2021Q2,CDNS,2021-07-26,4.0,8.0,0.332,-0.0007,0.6339,0.0898,0.146,True,classificada — no sinal operável
CDNS_2021Q3,CDNS,2021-10-25,5.0,10.0,0.3842,0.0649,0.5707,0.063,-0.1664,True,classificada — no sinal operável
CDNS_2021Q4,CDNS,2022-02-22,3.0,9.0,0.3683,0.0432,0.6179,0.047,-0.0173,True,classificada — no sinal operável
CDNS_2022Q1,CDNS,2022-04-25,3.0,9.0,0.3833,0.0669,0.6339,-0.0886,0.0807,True,classificada — no sinal operável
CDNS_2022Q2,CDNS,2022-07-25,3.0,8.0,0.3862,0.0556,0.717,0.0745,-0.0715,True,classificada — no sinal operável
CDNS_2022Q3,CDNS,2022-10-24,3.0,11.0,0.3113,0.0183,0.5542,0.0442,0.1534,True,classificada — no sinal operável
CDNS_2022Q4,CDNS,2023-02-13,3.0,10.0,0.3715,0.0228,0.6049,0.0493,0.0461,True,classificada — no sinal operável
CDNS_2023Q1,CDNS,2023-04-24,3.0,12.0,0.3257,0.0101,0.5412,0.0257,0.1879,True,classificada — no sinal operável
CDNS_2023Q2,CDNS,2023-07-24,3.0,12.0,0.3144,0.0814,0.5854,-0.0272,0.0294,True,classificada — no sinal operável
CDNS_2023Q3,CDNS,2023-10-23,3.0,11.0,0.3163,0.0021,0.5301,0.1521,0.2566,True,classificada — no sinal operável
CDNS_2023Q4,CDNS,2024-02-12,3.0,10.0,0.3264,0.0273,0.619,0.0559,-0.0191,True,classificada — no sinal operável
CDNS_2024Q1,CDNS,2024-04-22,3.0,9.0,0.3551,0.0128,0.5611,0.0435,0.0179,True,classificada — no sinal operável
CDNS_2024Q2,CDNS,2024-07-22,3.0,11.0,0.3007,0.0196,0.4642,-0.0157,-0.0956,True,classificada — no sinal operável
CDNS_2024Q3,CDNS,2024-10-28,3.0,12.0,0.406,0.0531,0.6559,0.1279,0.083,True,classificada — no sinal operável
CDNS_2024Q4,CDNS,2025-02-18,3.0,12.0,0.367,-0.0143,0.5741,-0.093,0.123,True,classificada — no sinal operável
CDNS_2025Q1,CDNS,2025-04-28,3.0,14.0,0.3529,0.0551,0.586,-0.0036,0.2645,True,classificada — no sinal operável
CDW_2019Q1,CDW,2019-05-01,3.0,7.0,0.2484,-0.0345,0.4987,-0.0801,0.1042,True,classificada — no sinal operável
CDW_2019Q2,CDW,2019-07-31,3.0,8.0,0.3061,-0.0559,0.5768,-0.0296,0.0675,True,classificada — no sinal operável
CDW_2019Q3,CDW,2019-11-01,3.0,9.0,0.3103,-0.0243,0.6026,0.0088,0.0316,True,classificada — no sinal operável
CDW_2019Q4,CDW,2020-02-06,3.0,9.0,0.3191,-0.0036,0.5507,-0.2672,-0.2041,True,classificada — no sinal operável
CDW_2020Q1,CDW,2020-05-06,3.0,10.0,0.2624,-0.0438,0.4416,0.1813,0.1004,True,classificada — no sinal operável
CDW_2020Q2,CDW,2020-08-05,5.0,8.0,0.3483,0.0367,0.4499,-0.0289,0.1317,True,classificada — no sinal operável
CDW_2020Q3,CDW,2020-11-02,4.0,10.0,0.2785,-0.0752,0.4573,0.012,0.0874,True,classificada — no sinal operável
CDW_2020Q4,CDW,2021-02-10,3.0,8.0,0.3187,0.0083,0.5558,0.0222,0.0441,True,classificada — no sinal operável
CDW_2021Q1,CDW,2021-05-05,3.0,9.0,0.3148,-0.0536,0.5368,-0.0185,0.1031,True,classificada — no sinal operável
CDW_2021Q2,CDW,2021-08-04,3.0,9.0,0.3566,-0.0122,0.6499,0.0719,-0.0022,True,classificada — no sinal operável
CDW_2021Q3,CDW,2021-11-03,3.0,8.0,0.2831,-0.0123,0.48,0.0249,0.0319,True,classificada — no sinal operável
CDW_2021Q4,CDW,2022-02-09,3.0,9.0,0.3865,-0.0027,0.7213,-0.086,-0.1158,True,classificada — no sinal operável
CDW_2022Q1,CDW,2022-05-04,4.0,7.0,0.4172,0.0443,0.6602,0.0056,0.031,True,classificada — no sinal operável
CDW_2022Q2,CDW,2022-08-03,3.0,7.0,0.3419,-0.0406,0.6257,-0.0556,-0.0441,True,classificada — no sinal operável
CDW_2022Q3,CDW,2022-11-02,3.0,8.0,0.3714,0.0055,0.6851,0.1244,0.1898,True,classificada — no sinal operável
CDW_2022Q4,CDW,2023-02-08,3.0,9.0,0.32,0.0007,0.4873,-0.0622,-0.1696,True,classificada — no sinal operável
CDW_2023Q1,CDW,2023-05-03,4.0,7.0,0.2185,-0.0801,0.307,0.0712,0.2253,True,classificada — no sinal operável
CDW_2023Q2,CDW,2023-08-02,4.0,8.0,0.3268,-0.0297,0.6524,0.0828,0.0277,True,classificada — no sinal operável
CDW_2023Q3,CDW,2023-11-01,3.0,8.0,0.3245,-0.0515,0.5119,0.0647,0.1654,True,classificada — no sinal operável
CDW_2023Q4,CDW,2024-02-07,3.0,7.0,0.3672,0.021,0.6706,0.0462,-0.0704,True,classificada — no sinal operável
CDW_2024Q1,CDW,2024-05-01,6.0,5.0,0.2742,0.0431,0.0051,0.0343,-0.0121,True,classificada — no sinal operável
CDW_2024Q2,CDW,2024-07-31,3.0,8.0,0.2898,-0.0472,0.4084,0.035,0.0201,True,classificada — no sinal operável
CDW_2024Q3,CDW,2024-10-30,3.0,7.0,0.2525,-0.038,0.1578,-0.0927,0.0234,True,classificada — no sinal operável
CDW_2024Q4,CDW,2025-02-05,3.0,7.0,0.3922,0.0411,0.6893,-0.1752,-0.1401,True,classificada — no sinal operável
CDW_2025Q1,CDW,2025-05-07,3.0,9.0,0.3495,0.0119,0.5807,0.0065,-0.0859,True,classificada — no sinal operável
CIEN_2006Q1,CIEN,2006-03-02,5.0,15.0,0.3295,,0.5239,0.1253,-0.0302,False,"distância de tom OK, mas histórico curto para residualizar (<250 calls anteriores)"
CIEN_2006Q2,CIEN,2006-06-01,6.0,12.0,0.3252,,0.3864,0.0169,-0.0888,False,"distância de tom OK, mas histórico curto para residualizar (<250 calls anteriores)"
CIEN_2006Q3,CIEN,2006-08-31,17.0,2.0,0.2168,,0.2783,-0.0389,-0.0954,False,"distância de tom OK, mas histórico curto para residualizar (<250 calls anteriores)"
CIEN_2006Q4,CIEN,2006-12-14,,,,,0.4441,0.0197,-0.0875,False,sem distância de tom: <2 gestores identificados ou Q&A não detectado
CIEN_2007Q1,CIEN,2007-03-01,6.0,12.0,0.3053,,0.4365,-0.0127,0.2123,False,"distância de tom OK, mas histórico curto para residualizar (<250 calls anteriores)"
CIEN_2007Q2,CIEN,2007-05-31,20.0,,0.2326,,0.433,0.0571,0.124,False,"distância de tom OK, mas confundidor ausente (analyst_tone, analyst_tone_distance)"
CIEN_2007Q3,CIEN,2007-09-25,5.0,15.0,0.3178,,0.4648,0.2027,-0.0825,False,"distância de tom OK, mas histórico curto para residualizar (<250 calls anteriores)"
CIEN_2007Q4,CIEN,2007-12-13,,,,,0.3569,-0.2628,-0.2517,False,sem distância de tom: <2 gestores identificados ou Q&A não detectado
CIEN_2008Q1,CIEN,2008-03-07,17.0,,0.2662,,0.4333,0.2094,0.0498,False,"distância de tom OK, mas confundidor ausente (analyst_tone, analyst_tone_distance)"
CIEN_2008Q2,CIEN,2008-06-05,6.0,14.0,0.2436,-0.0157,0.3455,-0.215,-0.5402,True,classificada — no sinal operável
CIEN_2008Q3,CIEN,2008-09-04,6.0,10.0,0.3199,0.0052,0.1689,-0.3072,-0.4748,True,classificada — no sinal operável
CIEN_2008Q4,CIEN,2008-12-11,5.0,13.0,0.2466,0.0777,0.1062,0.2576,0.1263,True,classificada — no sinal operável
CIEN_2009Q1,CIEN,2009-03-05,5.0,10.0,0.1711,-0.0166,-0.1044,0.4541,0.9066,True,classificada — no sinal operável
CIEN_2009Q2,CIEN,2009-06-04,4.0,13.0,0.1995,-0.0363,0.165,-0.2129,0.0285,True,classificada — no sinal operável
CIEN_2009Q3,CIEN,2009-09-03,5.0,12.0,0.3006,0.0527,0.3953,0.0767,-0.0798,True,classificada — no sinal operável
CIEN_2009Q4,CIEN,2009-12-10,6.0,14.0,0.2637,0.0121,0.4403,-0.0168,0.3213,True,classificada — no sinal operável
CPAY_2018Q1,CPAY,2018-05-03,6.0,11.0,0.0868,-0.0898,0.1208,-0.0061,0.0888,True,classificada — no sinal operável
CPAY_2018Q2,CPAY,2018-08-02,9.0,6.0,0.2019,0.0241,0.2747,-0.0256,-0.0881,True,classificada — no sinal operável
CPAY_2018Q3,CPAY,2018-10-30,4.0,8.0,0.2007,0.0247,0.1692,-0.0282,0.0291,True,classificada — no sinal operável
CPAY_2018Q4,CPAY,2019-02-06,6.0,10.0,0.4273,0.1808,0.3767,0.0719,0.2524,True,classificada — no sinal operável
CPAY_2019Q1,CPAY,2019-05-07,8.0,8.0,0.3777,0.2304,0.2104,0.004,0.0756,True,classificada — no sinal operável
CPAY_2019Q2,CPAY,2019-08-06,7.0,9.0,0.3493,0.1382,0.2447,0.0805,0.0466,True,classificada — no sinal operável
CPAY_2019Q3,CPAY,2019-11-06,6.0,9.0,0.3013,0.0615,0.2469,0.0681,0.0646,True,classificada — no sinal operável
CPAY_2019Q4,CPAY,2020-02-06,7.0,9.0,0.4105,0.2069,0.1519,-0.282,-0.1976,True,classificada — no sinal operável
CPAY_2020Q1,CPAY,2020-05-07,5.0,7.0,0.4415,0.3136,-0.1671,0.0644,0.0102,True,classificada — no sinal operável
CPAY_2020Q2,CPAY,2020-08-06,3.0,9.0,0.1566,0.0311,-0.0679,-0.03,-0.0335,True,classificada — no sinal operável
CPAY_2020Q3,CPAY,2020-11-05,3.0,11.0,0.1805,0.0319,-0.0712,0.1401,0.076,True,classificada — no sinal operável
CPAY_2020Q4,CPAY,2021-02-04,4.0,13.0,0.3582,0.2037,0.0819,0.0786,0.0892,True,classificada — no sinal operável
CPAY_2021Q1,CPAY,2021-05-05,5.0,11.0,0.3853,0.162,0.1234,-0.0344,-0.1369,True,classificada — no sinal operável
CPAY_2021Q2,CPAY,2021-08-04,3.0,12.0,0.173,0.0251,0.1447,0.0103,-0.0679,True,classificada — no sinal operável
CPAY_2021Q3,CPAY,2021-11-03,5.0,9.0,0.2399,-0.051,0.2417,-0.1389,-0.0316,True,classificada — no sinal operável
CPAY_2021Q4,CPAY,2022-02-08,4.0,11.0,0.0967,-0.0635,0.0507,-0.0695,-0.0987,True,classificada — no sinal operável
CPAY_2022Q1,CPAY,2022-05-05,3.0,12.0,0.2093,0.0381,0.1751,0.0208,-0.0651,True,classificada — no sinal operável
CPAY_2022Q2,CPAY,2022-08-03,3.0,4.0,0.1357,-0.1019,0.0817,-0.0506,-0.1626,True,classificada — no sinal operável
CPAY_2022Q3,CPAY,2022-11-02,6.0,13.0,0.3195,0.1152,0.1412,0.0997,0.2394,True,classificada — no sinal operável
CPAY_2022Q4,CPAY,2023-02-08,5.0,10.0,0.3454,0.1623,0.1005,-0.0936,0.056,True,classificada — no sinal operável
CPAY_2023Q1,CPAY,2023-05-03,6.0,9.0,0.4103,0.1636,0.1687,0.0524,0.1069,True,classificada — no sinal operável
CPAY_2023Q2,CPAY,2023-08-08,3.0,13.0,0.1518,-0.0511,0.3804,0.0796,-0.0738,True,classificada — no sinal operável
CPAY_2023Q3,CPAY,2023-11-08,3.0,11.0,0.2888,0.0644,0.1776,0.0991,0.1734,True,classificada — no sinal operável
CPAY_2023Q4,CPAY,2024-02-07,4.0,11.0,0.369,0.1871,0.0191,0.087,0.1257,True,classificada — no sinal operável
CPAY_2024Q1,CPAY,2024-05-09,3.0,11.0,0.2197,-0.0423,0.3748,-0.0916,-0.0045,True,classificada — no sinal operável
CPAY_2024Q3,CPAY,2024-11-07,3.0,7.0,0.3462,-0.0003,0.6189,0.0165,0.0375,True,classificada — no sinal operável
CPAY_2024Q4,CPAY,2025-02-05,3.0,9.0,0.3547,0.0439,0.6004,-0.1123,-0.1384,True,classificada — no sinal operável
CPAY_2025Q1,CPAY,2025-05-06,3.0,13.0,0.2704,-0.0206,0.5318,0.0454,-0.0051,True,classificada — no sinal operável
CRM_2008Q1,CRM,2007-05-16,5.0,17.0,0.3727,,0.6262,0.0188,-0.0436,False,"distância de tom OK, mas histórico curto para residualizar (<250 calls anteriores)"
CRM_2008Q2,CRM,2007-08-15,4.0,9.0,0.3951,,0.5727,0.0726,0.2026,False,"distância de tom OK, mas histórico curto para residualizar (<250 calls anteriores)"
CRM_2008Q3,CRM,2007-11-15,6.0,12.0,0.2953,,0.5727,0.1815,0.0354,False,"distância de tom OK, mas histórico curto para residualizar (<250 calls anteriores)"
CRM_2008Q4,CRM,2008-02-27,6.0,9.0,0.4465,,0.6971,-0.0235,0.2054,False,"distância de tom OK, mas histórico curto para residualizar (<250 calls anteriores)"
CRM_2009Q1,CRM,2008-05-21,4.0,10.0,0.3516,0.0544,0.5361,0.1515,0.0287,True,classificada — no sinal operável
CRM_2009Q2,CRM,2008-08-20,5.0,13.0,0.3758,0.0443,0.6285,-0.0455,-0.593,True,classificada — no sinal operável
CRM_2009Q3,CRM,2008-11-21,5.0,13.0,0.3237,0.0293,0.4529,0.3571,0.2076,True,classificada — no sinal operável
CRM_2009Q4,CRM,2009-02-26,5.0,10.0,0.3469,-0.0104,0.6778,0.2193,0.3513,True,classificada — no sinal operável
CRM_2010Q2,CRM,2009-08-20,4.0,11.0,0.4093,0.0352,0.6638,0.1051,0.2316,True,classificada — no sinal operável
CRM_2010Q3,CRM,2009-11-17,4.0,8.0,0.3321,-0.0332,0.5345,0.018,0.0814,True,classificada — no sinal operável
CRM_2010Q4,CRM,2010-02-28,1.0,14.0,,,0.606,0.1038,0.2843,False,sem distância de tom: <2 gestores identificados ou Q&A não detectado
CRM_2011Q1,CRM,2010-05-21,5.0,8.0,0.3114,0.0067,0.5716,0.1162,0.3695,True,classificada — no sinal operável
CRM_2011Q4,CRM,2011-02-25,5.0,10.0,0.2596,-0.0188,0.548,-0.0647,0.1221,True,classificada — no sinal operável
CRM_2012Q1,CRM,2011-05-20,5.0,10.0,0.3857,0.0198,0.6318,-0.002,-0.2303,True,classificada — no sinal operável
CRM_2012Q2,CRM,2011-08-19,5.0,11.0,0.3285,0.0216,0.551,0.1238,0.1035,True,classificada — no sinal operável
CRM_2012Q3,CRM,2011-11-17,6.0,15.0,0.389,0.0766,0.6376,-0.1338,0.0683,True,classificada — no sinal operável
CRM_2012Q4,CRM,2012-02-23,5.0,11.0,0.3683,0.0877,0.5826,0.0574,0.0348,True,classificada — no sinal operável
CRM_2013Q1,CRM,2012-05-17,5.0,15.0,0.3669,-0.0092,0.558,-0.0462,0.0246,True,classificada — no sinal operável
CRM_2013Q2,CRM,2012-08-23,6.0,14.0,0.3282,0.0196,0.5682,0.0885,0.1357,True,classificada — no sinal operável
CRM_2013Q3,CRM,2012-11-20,5.0,13.0,0.3492,0.0145,0.6254,0.1331,0.1363,True,classificada — no sinal operável
CRM_2014Q1,CRM,2013-05-23,2.0,14.0,0.0001,-0.2066,0.4831,-0.1357,0.0234,True,classificada — no sinal operável
CRM_2014Q2,CRM,2013-08-29,2.0,15.0,0.0001,-0.2051,0.7474,0.0889,0.1057,True,classificada — no sinal operável
CRM_2014Q3,CRM,2013-11-18,2.0,14.0,0.0001,-0.1943,0.6412,-0.0363,0.138,True,classificada — no sinal operável
CRM_2014Q4,CRM,2014-02-28,3.0,11.0,0.3388,0.0082,0.6943,-0.0587,-0.1322,True,classificada — no sinal operável
CRM_2015Q1,CRM,2014-05-20,2.0,21.0,0.0001,-0.188,0.6941,0.1004,0.0449,True,classificada — no sinal operável
CRM_2015Q2,CRM,2014-08-21,7.0,7.0,0.3204,-0.0528,0.6759,-0.0098,0.0541,True,classificada — no sinal operável
CRM_2015Q3,CRM,2014-11-19,5.0,9.0,0.4105,0.055,0.7278,0.0072,0.053,True,classificada — no sinal operável
CRM_2015Q4,CRM,2015-02-26,2.0,12.0,0.0004,-0.1868,0.6729,-0.0472,0.0405,True,classificada — no sinal operável
CRM_2016Q1,CRM,2015-05-20,2.0,14.0,0.0007,-0.1851,0.7489,0.0203,-0.02,True,classificada — no sinal operável
CRM_2016Q2,CRM,2015-08-20,2.0,17.0,0.0001,-0.1782,0.7704,0.0455,0.121,True,classificada — no sinal operável
CRM_2016Q3,CRM,2015-11-18,6.0,6.0,0.409,0.0615,0.7874,-0.0496,-0.2106,True,classificada — no sinal operável
CRM_2016Q4,CRM,2016-02-25,2.0,15.0,0.0002,-0.1642,0.6082,0.0326,0.1993,True,classificada — no sinal operável
CRM_2017Q1,CRM,2016-05-18,2.0,15.0,0.0001,-0.1687,0.7878,-0.0214,-0.0722,True,classificada — no sinal operável
CRM_2017Q2,CRM,2016-09-01,2.0,15.0,0.0,-0.147,0.6138,-0.0721,-0.0992,True,classificada — no sinal operável
CRM_2017Q3,CRM,2016-11-17,2.0,14.0,0.0001,-0.1489,0.6428,-0.1264,0.0328,True,classificada — no sinal operável
CRM_2017Q4,CRM,2017-02-28,7.0,7.0,0.4419,-0.007,0.7708,-0.0059,0.0964,True,classificada — no sinal operável
CRM_2018Q1,CRM,2017-05-18,4.0,11.0,0.2642,-0.0625,0.6174,-0.0375,-0.0008,True,classificada — no sinal operável
CRM_2018Q2,CRM,2017-08-22,2.0,13.0,0.0002,-0.1441,0.7457,0.0295,0.1653,True,classificada — no sinal operável
CRM_2018Q3,CRM,2017-11-21,4.0,13.0,0.3012,0.0631,0.6804,-0.0302,0.0759,True,classificada — no sinal operável
CRM_2018Q4,CRM,2018-02-28,2.0,16.0,0.0002,-0.1317,0.7708,-0.0381,0.0694,True,classificada — no sinal operável
CRM_2019Q1,CRM,2018-05-29,2.0,15.0,0.0001,-0.1303,0.6597,0.007,0.1465,True,classificada — no sinal operável
CRM_2019Q2,CRM,2018-08-29,2.0,15.0,0.0001,-0.1245,0.6803,0.0523,-0.0693,True,classificada — no sinal operável
CRM_2019Q3,CRM,2018-11-28,2.0,13.0,0.0001,-0.1199,0.7535,-0.0206,0.1334,True,classificada — no sinal operável
CRM_2019Q4,CRM,2019-03-04,5.0,9.0,0.2664,0.0466,0.703,0.0037,-0.0927,True,classificada — no sinal operável
CRM_2020Q1,CRM,2019-06-04,6.0,7.0,0.3196,0.0008,0.6756,-0.0099,-0.0281,True,classificada — no sinal operável
CRM_2020Q2,CRM,2019-08-22,5.0,9.0,0.4165,0.1069,0.769,-0.0193,0.0412,True,classificada — no sinal operável
CRM_2020Q3,CRM,2019-12-03,4.0,8.0,0.283,0.1099,0.6716,0.0361,0.0575,True,classificada — no sinal operável
CRM_2020Q4,CRM,2020-02-25,5.0,8.0,0.292,0.0026,0.8404,-0.167,-0.0001,True,classificada — no sinal operável
CRM_2021Q1,CRM,2020-05-29,4.0,10.0,0.3582,0.1902,0.7022,0.0591,0.5963,True,classificada — no sinal operável
CRM_2021Q2,CRM,2020-08-26,3.0,11.0,0.3649,0.226,0.7419,-0.0909,-0.0231,True,classificada — no sinal operável
CRM_2021Q3,CRM,2020-12-01,4.0,8.0,0.3323,0.0972,0.7854,-0.0131,-0.0894,True,classificada — no sinal operável
CRM_2021Q4,CRM,2021-02-25,3.0,9.0,0.378,0.1731,0.721,-0.0885,0.0013,True,classificada — no sinal operável
CRM_2022Q1,CRM,2021-05-27,3.0,7.0,0.3833,0.1818,0.7674,0.0224,0.1194,True,classificada — no sinal operável
CRM_2022Q2,CRM,2021-08-25,5.0,5.0,0.3046,0.0516,0.905,0.0587,0.0801,True,classificada — no sinal operável
CRM_2022Q3,CRM,2021-11-30,6.0,5.0,0.3806,0.1222,0.7855,-0.0587,-0.2244,True,classificada — no sinal operável
CRM_2022Q4,CRM,2022-03-01,7.0,2.0,0.2498,-0.1137,0.7064,-0.0054,-0.2585,True,classificada — no sinal operável
CRM_2023Q1,CRM,2022-05-31,5.0,8.0,0.2851,-0.0713,0.7939,-0.0729,-0.103,True,classificada — no sinal operável
CRM_2023Q2,CRM,2022-08-24,4.0,9.0,0.3201,0.0812,0.6457,-0.128,-0.1147,True,classificada — no sinal operável
CRM_2023Q3,CRM,2022-11-30,6.0,5.0,0.3584,0.0544,0.6015,-0.1014,0.2635,True,classificada — no sinal operável
CRM_2023Q4,CRM,2023-03-01,4.0,8.0,0.3253,-0.0637,0.8354,0.018,0.1567,True,classificada — no sinal operável
CRM_2024Q1,CRM,2023-05-31,4.0,10.0,0.2711,0.0041,0.5757,0.0146,0.0328,True,classificada — no sinal operável
CRM_2024Q2,CRM,2023-08-30,5.0,9.0,0.3018,0.0551,0.8903,-0.1106,0.0103,True,classificada — no sinal operável
CRM_2024Q3,CRM,2023-11-29,4.0,7.0,0.3231,0.0609,0.8299,0.0566,0.2724,True,classificada — no sinal operável
CRM_2024Q4,CRM,2024-02-28,4.0,7.0,0.2485,0.0125,0.7298,0.0052,-0.0934,True,classificada — no sinal operável
CRM_2025Q1,CRM,2024-05-29,4.0,8.0,0.3276,-0.1915,0.7143,0.1509,0.1607,True,classificada — no sinal operável
CRM_2025Q2,CRM,2024-08-28,4.0,5.0,0.3308,-0.0178,0.7832,0.0224,0.2683,True,classificada — no sinal operável
CRM_2025Q3,CRM,2024-12-03,5.0,5.0,0.4076,0.0564,0.7153,-0.0914,-0.2279,True,classificada — no sinal operável
CRM_2025Q4,CRM,2025-02-26,4.0,7.0,0.3341,-0.0025,0.7333,-0.0625,-0.0671,True,classificada — no sinal operável
CRWD_2020Q1,CRWD,2019-07-18,3.0,15.0,0.3382,,0.6333,0.1279,-0.389,False,"distância de tom OK, mas confundidor ausente (size_proxy)"
CRWD_2020Q2,CRWD,2019-09-05,3.0,12.0,0.3278,0.0709,0.5325,-0.199,-0.3102,True,classificada — no sinal operável
CRWD_2020Q3,CRWD,2019-12-05,3.0,12.0,0.3889,0.0571,0.7099,0.0139,-0.153,True,classificada — no sinal operável
CRWD_2020Q4,CRWD,2020-03-19,5.0,10.0,0.2744,0.0043,0.4763,0.3698,1.034,True,classificada — no sinal operável
CRWD_2021Q1,CRWD,2020-06-02,3.0,10.0,0.3223,0.0047,0.5646,0.0297,0.2576,True,classificada — no sinal operável
CRWD_2021Q2,CRWD,2020-09-02,3.0,14.0,0.3767,0.0758,0.6731,0.0677,0.0827,True,classificada — no sinal operável
CRWD_2021Q3,CRWD,2020-12-02,3.0,10.0,0.3998,0.0324,0.6799,0.2568,0.1479,True,classificada — no sinal operável
CRWD_2021Q4,CRWD,2021-03-16,3.0,9.0,0.3518,-0.0036,0.7108,0.0709,0.1474,True,classificada — no sinal operável
CRWD_2022Q1,CRWD,2021-06-03,4.0,12.0,0.4185,0.0814,0.7394,0.1641,0.2442,True,classificada — no sinal operável
CRWD_2022Q2,CRWD,2021-08-31,3.0,13.0,0.4076,0.0423,0.7586,-0.1004,-0.2053,True,classificada — no sinal operável
CRWD_2022Q3,CRWD,2021-12-01,3.0,14.0,0.3857,0.0129,0.7385,-0.0155,-0.0815,True,classificada — no sinal operável
CRWD_2022Q4,CRWD,2022-03-09,3.0,14.0,0.3667,0.0366,0.7115,0.155,-0.0482,True,classificada — no sinal operável
CRWD_2023Q1,CRWD,2022-06-02,3.0,15.0,0.3992,0.0478,0.7709,0.1276,0.0428,True,classificada — no sinal operável
CRWD_2023Q2,CRWD,2022-08-30,3.0,14.0,0.3748,0.0563,0.6998,-0.1598,-0.3002,True,classificada — no sinal operável
CRWD_2023Q3,CRWD,2022-11-29,3.0,14.0,0.3333,-0.021,0.5863,-0.0688,0.1011,True,classificada — no sinal operável
CRWD_2023Q4,CRWD,2023-03-07,3.0,14.0,0.3496,-0.0123,0.6582,-0.0382,0.1517,True,classificada — no sinal operável
CRWD_2024Q1,CRWD,2023-05-31,3.0,17.0,0.3957,0.0063,0.7109,0.001,0.0168,True,classificada — no sinal operável
CRWD_2024Q2,CRWD,2023-08-30,3.0,15.0,0.3515,0.0268,0.6255,0.0861,0.5213,True,classificada — no sinal operável
CRWD_2024Q3,CRWD,2023-11-28,3.0,14.0,0.3626,0.0316,0.7004,0.1642,0.4734,True,classificada — no sinal operável
CRWD_2024Q4,CRWD,2024-03-05,3.0,10.0,0.3598,0.0673,0.6838,-0.1413,-0.1513,True,classificada — no sinal operável
CRWD_2025Q1,CRWD,2024-06-04,3.0,10.0,0.3158,-0.0445,0.6238,0.1646,-0.225,True,classificada — no sinal operável
CRWD_2025Q2,CRWD,2024-08-28,3.0,13.0,0.3151,0.0012,0.5787,0.091,0.3904,True,classificada — no sinal operável
CRWD_2025Q3,CRWD,2024-11-26,3.0,11.0,0.341,0.0177,0.6891,-0.0118,0.0654,True,classificada — no sinal operável
CRWD_2025Q4,CRWD,2025-03-04,4.0,10.0,0.4077,0.0167,0.6652,0.0271,0.3514,True,classificada — no sinal operável
CSCO_2006Q1,CSCO,2005-11-21,,,,,0.7441,0.0124,0.16,False,sem distância de tom: <2 gestores identificados ou Q&A não detectado
CSCO_2006Q2,CSCO,2006-02-09,8.0,19.0,0.2786,,0.4279,0.0666,0.063,False,"distância de tom OK, mas histórico curto para residualizar (<250 calls anteriores)"
CSCO_2006Q3,CSCO,2006-05-09,5.0,15.0,0.3274,,0.5877,-0.0688,-0.1905,False,"distância de tom OK, mas histórico curto para residualizar (<250 calls anteriores)"
CSCO_2006Q4,CSCO,2006-08-08,5.0,17.0,0.2988,,0.6003,0.1097,0.2715,False,"distância de tom OK, mas histórico curto para residualizar (<250 calls anteriores)"
CSCO_2007Q1,CSCO,2006-11-08,5.0,21.0,0.3256,,0.5574,-0.0168,0.0036,False,"distância de tom OK, mas histórico curto para residualizar (<250 calls anteriores)"
CSCO_2007Q2,CSCO,2007-02-06,5.0,17.0,0.3487,,0.6446,-0.0863,-0.0091,False,"distância de tom OK, mas histórico curto para residualizar (<250 calls anteriores)"
CSCO_2007Q3,CSCO,2007-05-08,5.0,17.0,0.3795,,0.7028,-0.0433,0.0988,False,"distância de tom OK, mas histórico curto para residualizar (<250 calls anteriores)"
CSCO_2007Q4,CSCO,2007-08-07,5.0,17.0,0.3622,,0.6652,0.0228,0.0626,False,"distância de tom OK, mas histórico curto para residualizar (<250 calls anteriores)"
CSCO_2008Q1,CSCO,2007-11-07,5.0,13.0,0.3285,,0.4584,-0.0973,-0.2259,False,"distância de tom OK, mas histórico curto para residualizar (<250 calls anteriores)"
CSCO_2008Q2,CSCO,2008-02-06,7.0,13.0,0.4064,,0.4171,0.1034,0.1799,False,"distância de tom OK, mas histórico curto para residualizar (<250 calls anteriores)"
CSCO_2008Q3,CSCO,2008-05-06,5.0,13.0,0.356,0.0173,0.6369,0.0491,-0.1371,True,classificada — no sinal operável
CSCO_2008Q4,CSCO,2008-08-05,5.0,12.0,0.3423,0.0588,0.594,-0.0693,-0.2815,True,classificada — no sinal operável
CSCO_2009Q1,CSCO,2008-11-06,6.0,10.0,0.4298,0.1549,0.4274,0.0041,-0.0192,True,classificada — no sinal operável
CSCO_2009Q2,CSCO,2009-02-04,5.0,12.0,0.3042,0.0813,0.2706,-0.0875,0.2619,True,classificada — no sinal operável
CSCO_2009Q3,CSCO,2009-05-07,5.0,10.0,0.295,0.0461,0.4024,0.0458,0.1742,True,classificada — no sinal operável
CSCO_2009Q4,CSCO,2009-08-06,5.0,15.0,0.3212,0.0845,0.4443,-0.0289,0.0356,True,classificada — no sinal operável
CSCO_2010Q1,CSCO,2009-11-05,5.0,13.0,0.3106,0.1206,0.5369,0.0211,-0.0089,True,classificada — no sinal operável
CSCO_2010Q2,CSCO,2010-02-03,6.0,13.0,0.4126,0.1231,0.6384,0.0769,0.1341,True,classificada — no sinal operável
CSCO_2010Q3,CSCO,2010-05-13,5.0,14.0,0.3383,-0.0347,0.6348,-0.099,-0.1544,True,classificada — no sinal operável
CSCO_2011Q2,CSCO,2011-02-10,5.0,13.0,0.3088,0.1015,0.5359,-0.0659,-0.111,True,classificada — no sinal operável
CSCO_2011Q3,CSCO,2011-05-11,6.0,10.0,0.313,-0.0413,0.542,-0.1085,-0.1874,True,classificada — no sinal operável
CSCO_2011Q4,CSCO,2011-08-10,6.0,11.0,0.4011,0.0486,0.5925,0.0239,0.1898,True,classificada — no sinal operável
CSCO_2012Q1,CSCO,2011-11-10,6.0,15.0,0.3917,0.0055,0.6166,-0.0138,0.0695,True,classificada — no sinal operável
CSCO_2012Q2,CSCO,2012-02-08,7.0,10.0,0.4172,0.0495,0.628,-0.0213,-0.0682,True,classificada — no sinal operável
CSCO_2012Q3,CSCO,2012-05-09,5.0,12.0,0.3417,0.0606,0.5518,-0.0256,0.0041,True,classificada — no sinal operável
CSCO_2012Q4,CSCO,2012-08-15,5.0,15.0,0.3039,0.0378,0.462,0.0462,-0.0299,True,classificada — no sinal operável
CSCO_2013Q1,CSCO,2012-11-14,5.0,17.0,0.3436,0.0533,0.6243,0.1272,0.1913,True,classificada — no sinal operável
CSCO_2013Q2,CSCO,2013-02-13,5.0,13.0,0.4075,0.1084,0.6048,0.0503,0.024,True,classificada — no sinal operável
CSCO_2013Q3,CSCO,2013-05-15,5.0,14.0,0.3474,0.1056,0.5343,0.0247,0.13,True,classificada — no sinal operável
CSCO_2013Q4,CSCO,2013-08-14,5.0,12.0,0.3449,0.0308,0.5132,-0.0029,-0.0199,True,classificada — no sinal operável
CSCO_2014Q1,CSCO,2013-11-13,5.0,9.0,0.2989,-0.0974,0.3577,-0.0334,0.0856,True,classificada — no sinal operável
CSCO_2014Q2,CSCO,2014-02-12,5.0,13.0,0.3132,0.0109,0.4549,-0.0291,0.0462,True,classificada — no sinal operável
CSCO_2014Q3,CSCO,2014-05-14,5.0,11.0,0.2721,0.0166,0.4079,0.0177,0.0462,True,classificada — no sinal operável
CSCO_2014Q4,CSCO,2014-08-13,5.0,12.0,0.2878,0.0126,0.4965,0.0088,0.0161,True,classificada — no sinal operável
CSCO_2015Q1,CSCO,2014-11-12,5.0,9.0,0.3834,0.1096,0.6485,0.0774,0.1886,True,classificada — no sinal operável
CSCO_2015Q2,CSCO,2015-02-12,5.0,13.0,0.3566,0.0484,0.6979,-0.0368,-0.0037,True,classificada — no sinal operável
CSCO_2015Q3,CSCO,2015-05-13,7.0,9.0,0.3878,0.0914,0.6042,-0.0256,-0.0401,True,classificada — no sinal operável
CSCO_2015Q4,CSCO,2015-08-12,5.0,13.0,0.4082,0.0666,0.6427,-0.0959,-0.02,True,classificada — no sinal operável
CSCO_2016Q1,CSCO,2015-11-12,5.0,14.0,0.363,0.0547,0.5063,0.0076,-0.0095,True,classificada — no sinal operável
CSCO_2016Q2,CSCO,2016-02-10,5.0,12.0,0.3172,0.0435,0.4869,0.1565,0.1185,True,classificada — no sinal operável
CSCO_2016Q3,CSCO,2016-05-18,5.0,13.0,0.3661,0.1012,0.471,0.0343,0.1075,True,classificada — no sinal operável
CSCO_2016Q4,CSCO,2016-08-17,4.0,12.0,0.3769,0.057,0.4539,0.0141,0.051,True,classificada — no sinal operável
CSCO_2017Q1,CSCO,2016-11-16,4.0,12.0,0.3779,0.0447,0.43,0.0227,0.1377,True,classificada — no sinal operável
CSCO_2017Q2,CSCO,2017-02-15,5.0,13.0,0.3867,0.0348,0.5376,0.0292,0.0257,True,classificada — no sinal operável
CSCO_2017Q3,CSCO,2017-05-17,5.0,12.0,0.2981,-0.0452,0.3275,0.017,0.0496,True,classificada — no sinal operável
CSCO_2017Q4,CSCO,2017-08-16,4.0,12.0,0.3563,0.0472,0.4541,0.0302,0.0903,True,classificada — no sinal operável
CSCO_2018Q1,CSCO,2017-11-15,5.0,14.0,0.389,0.0648,0.5569,0.0597,0.2392,True,classificada — no sinal operável
CSCO_2018Q2,CSCO,2018-02-14,5.0,13.0,0.4018,0.0752,0.6381,-0.0013,0.0101,True,classificada — no sinal operável
CSCO_2018Q3,CSCO,2018-05-16,,,,,0.3316,0.026,0.0249,False,sem distância de tom: <2 gestores identificados ou Q&A não detectado
CSCO_2018Q4,CSCO,2018-08-15,4.0,12.0,0.3707,0.0083,0.5603,0.0356,-0.0075,True,classificada — no sinal operável
CSCO_2019Q1,CSCO,2018-11-14,,,,,0.5724,-0.0556,0.0691,False,sem distância de tom: <2 gestores identificados ou Q&A não detectado
CSCO_2019Q2,CSCO,2019-02-13,,,,,0.5474,0.089,0.0803,False,sem distância de tom: <2 gestores identificados ou Q&A não detectado
CSCO_2019Q3,CSCO,2019-05-15,,,,,0.4024,0.0088,-0.0616,False,sem distância de tom: <2 gestores identificados ou Q&A não detectado
CSCO_2019Q4,CSCO,2019-08-14,,,,,0.365,0.0564,0.0291,False,sem distância de tom: <2 gestores identificados ou Q&A não detectado
CSCO_2020Q1,CSCO,2019-11-13,,,,,0.4247,-0.0057,0.0385,False,sem distância de tom: <2 gestores identificados ou Q&A não detectado
CSCO_2020Q2,CSCO,2020-02-12,6.0,10.0,0.3043,0.0131,0.3673,-0.2017,-0.1019,True,classificada — no sinal operável
CSCO_2020Q3,CSCO,2020-05-13,3.0,11.0,0.2932,-0.0591,0.4426,0.0378,0.1163,True,classificada — no sinal operável
CSCO_2020Q4,CSCO,2020-08-12,5.0,10.0,0.3693,0.05,0.5373,-0.0893,-0.1076,True,classificada — no sinal operável
CSCO_2021Q1,CSCO,2020-11-12,,,,,0.559,0.0738,0.138,False,sem distância de tom: <2 gestores identificados ou Q&A não detectado
CSCO_2021Q2,CSCO,2021-02-09,3.0,12.0,0.3128,-0.0161,0.5434,0.0574,0.153,True,classificada — no sinal operável
CSCO_2021Q3,CSCO,2021-05-19,,,,,0.674,0.0329,0.1017,False,sem distância de tom: <2 gestores identificados ou Q&A não detectado
CSCO_2021Q4,CSCO,2021-08-18,,,,,0.5732,0.0382,0.0479,False,sem distância de tom: <2 gestores identificados ou Q&A não detectado
CSCO_2022Q1,CSCO,2021-11-17,3.0,13.0,0.3171,0.0151,0.5217,0.1466,0.0639,True,classificada — no sinal operável
CSCO_2022Q2,CSCO,2022-02-16,,,,,0.4474,0.0085,-0.1227,False,sem distância de tom: <2 gestores identificados ou Q&A não detectado
CSCO_2022Q3,CSCO,2022-05-18,,,,,0.2293,0.0077,0.1569,False,sem distância de tom: <2 gestores identificados ou Q&A não detectado
CSCO_2022Q4,CSCO,2022-08-17,,,,,0.5012,-0.1305,-0.09,False,sem distância de tom: <2 gestores identificados ou Q&A não detectado
CSCO_2023Q1,CSCO,2022-11-16,,,,,-0.0131,0.0351,0.1079,False,sem distância de tom: <2 gestores identificados ou Q&A não detectado
CSCO_2023Q2,CSCO,2023-02-15,,,,,0.4794,0.004,-0.0401,False,sem distância de tom: <2 gestores identificados ou Q&A não detectado
CSCO_2023Q3,CSCO,2023-05-17,,,,,0.6074,0.1379,0.2051,False,sem distância de tom: <2 gestores identificados ou Q&A não detectado
CSCO_2023Q4,CSCO,2023-08-16,,,,,0.4851,0.0294,-0.0163,False,sem distância de tom: <2 gestores identificados ou Q&A não detectado
CSCO_2024Q1,CSCO,2023-11-15,,,,,0.3915,0.0519,0.0297,False,sem distância de tom: <2 gestores identificados ou Q&A não detectado
CSCO_2024Q2,CSCO,2024-02-14,15.0,2.0,0.1837,-0.0821,0.3764,0.0139,0.0376,True,classificada — no sinal operável
CSCO_2024Q3,CSCO,2024-05-15,3.0,14.0,0.3326,0.1071,0.5561,-0.0879,-0.0226,True,classificada — no sinal operável
CSCO_2024Q4,CSCO,2024-08-14,14.0,2.0,0.2005,-0.0545,0.5661,0.0215,0.2135,True,classificada — no sinal operável
CSCO_2025Q1,CSCO,2024-11-13,,,,,0.6448,-0.0063,0.1024,False,sem distância de tom: <2 gestores identificados ou Q&A não detectado
CSCO_2025Q2,CSCO,2025-02-12,,,,,0.5601,-0.0847,-0.0666,False,sem distância de tom: <2 gestores identificados ou Q&A não detectado
CSCO_2025Q3,CSCO,2025-05-14,,,,,0.5537,0.0162,0.1054,False,sem distância de tom: <2 gestores identificados ou Q&A não detectado
CTSH_2006Q1,CTSH,2006-05-03,6.0,7.0,0.3871,,0.6194,-0.0661,-0.0007,False,"distância de tom OK, mas histórico curto para residualizar (<250 calls anteriores)"
CTSH_2006Q2,CTSH,2006-08-02,5.0,9.0,0.3682,,0.6365,0.0409,0.1209,False,"distância de tom OK, mas histórico curto para residualizar (<250 calls anteriores)"
CTSH_2006Q3,CTSH,2006-11-02,6.0,8.0,0.3728,,0.5633,0.1126,0.2542,False,"distância de tom OK, mas histórico curto para residualizar (<250 calls anteriores)"
CTSH_2006Q4,CTSH,2007-02-05,5.0,8.0,0.3517,,0.6057,-0.0363,-0.1261,False,"distância de tom OK, mas histórico curto para residualizar (<250 calls anteriores)"
CTSH_2007Q1,CTSH,2007-05-02,2.0,11.0,0.0001,,0.5806,-0.0768,-0.0449,False,"distância de tom OK, mas histórico curto para residualizar (<250 calls anteriores)"
CTSH_2007Q2,CTSH,2007-08-01,2.0,10.0,0.0001,,0.5284,-0.1157,-0.0052,False,"distância de tom OK, mas histórico curto para residualizar (<250 calls anteriores)"
CTSH_2007Q3,CTSH,2007-11-06,4.0,9.0,0.3953,,0.5953,-0.0131,-0.1523,False,"distância de tom OK, mas histórico curto para residualizar (<250 calls anteriores)"
CTSH_2007Q4,CTSH,2008-02-07,2.0,9.0,0.0001,,0.5342,-0.1291,-0.0625,False,"distância de tom OK, mas histórico curto para residualizar (<250 calls anteriores)"
CTSH_2008Q1,CTSH,2008-05-07,2.0,9.0,0.0,-0.185,0.4488,0.1419,-0.0053,True,classificada — no sinal operável
CTSH_2008Q2,CTSH,2008-08-01,3.0,8.0,0.2494,0.0082,0.244,-0.0003,-0.3483,True,classificada — no sinal operável
CTSH_2008Q3,CTSH,2008-11-05,1.0,12.0,,,0.4623,-0.0937,0.0275,False,sem distância de tom: <2 gestores identificados ou Q&A não detectado
CTSH_2008Q4,CTSH,2009-02-13,2.0,8.0,0.0,-0.1804,0.2776,0.0951,0.2958,True,classificada — no sinal operável
CTSH_2009Q1,CTSH,2009-05-05,2.0,12.0,0.0002,-0.1788,0.3952,-0.0122,0.238,True,classificada — no sinal operável
CTSH_2009Q2,CTSH,2009-08-04,2.0,15.0,0.0001,-0.1823,0.5083,0.025,0.1565,True,classificada — no sinal operável
CTSH_2009Q3,CTSH,2009-11-03,5.0,10.0,0.3475,0.0403,0.5637,0.0924,0.0845,True,classificada — no sinal operável
CTSH_2009Q4,CTSH,2010-02-09,2.0,15.0,0.0001,-0.1757,0.3427,0.1234,0.1453,True,classificada — no sinal operável
CTSH_2010Q1,CTSH,2010-05-04,5.0,8.0,0.2771,-0.047,0.397,-0.0433,0.0398,True,classificada — no sinal operável
CTSH_2010Q2,CTSH,2010-08-03,6.0,10.0,0.3335,-0.012,0.579,-0.0687,0.0538,True,classificada — no sinal operável
CTSH_2010Q3,CTSH,2010-11-01,5.0,11.0,0.3089,-0.0276,0.4795,-0.0286,0.0906,True,classificada — no sinal operável
CTSH_2010Q4,CTSH,2011-02-07,5.0,14.0,0.2719,-0.0284,0.3979,0.0445,0.0313,True,classificada — no sinal operável
CTSH_2011Q1,CTSH,2011-05-03,5.0,13.0,0.3233,0.0177,0.3825,-0.0481,-0.0956,True,classificada — no sinal operável
CTSH_2011Q2,CTSH,2011-08-02,5.0,14.0,0.356,0.0146,0.6029,-0.1363,0.0407,True,classificada — no sinal operável
CTSH_2011Q3,CTSH,2011-11-02,5.0,11.0,0.3518,-0.0228,0.5688,-0.0081,0.0656,True,classificada — no sinal operável
CTSH_2011Q4,CTSH,2012-02-08,6.0,9.0,0.3574,0.0253,0.3517,0.0444,-0.1356,True,classificada — no sinal operável
CTSH_2012Q1,CTSH,2012-05-07,6.0,14.0,0.2611,-0.0445,0.2324,-0.0433,-0.0515,True,classificada — no sinal operável
CTSH_2012Q2,CTSH,2012-08-06,2.0,15.0,0.0021,-0.2061,0.5009,0.0034,0.0316,True,classificada — no sinal operável
CTSH_2012Q3,CTSH,2012-11-07,2.0,15.0,0.0037,-0.19,0.3988,0.0273,0.1527,True,classificada — no sinal operável
CTSH_2012Q4,CTSH,2013-02-07,6.0,11.0,0.3572,-0.0096,0.549,0.0493,-0.1118,True,classificada — no sinal operável
CTSH_2013Q1,CTSH,2013-05-08,6.0,13.0,0.2884,-0.0425,0.31,-0.039,0.0884,True,classificada — no sinal operável
CTSH_2013Q2,CTSH,2013-08-06,6.0,20.0,0.3688,0.0258,0.5602,-0.0003,0.1561,True,classificada — no sinal operável
CTSH_2013Q3,CTSH,2013-11-05,7.0,13.0,0.3543,0.0077,0.5956,0.0296,0.024,True,classificada — no sinal operável
CTSH_2013Q4,CTSH,2014-02-05,5.0,9.0,0.3959,0.0367,0.6802,0.1515,0.0581,True,classificada — no sinal operável
CTSH_2014Q1,CTSH,2014-05-07,2.0,20.0,0.0,-0.1917,0.598,0.0439,0.0648,True,classificada — no sinal operável
CTSH_2014Q2,CTSH,2014-08-06,8.0,9.0,0.3664,0.0018,0.5036,0.0712,0.1372,True,classificada — no sinal operável
CTSH_2014Q3,CTSH,2014-11-05,2.0,17.0,0.0003,-0.1868,0.4904,0.0494,0.1302,True,classificada — no sinal operável
CTSH_2014Q4,CTSH,2015-02-04,2.0,17.0,0.0001,-0.1827,0.5647,0.094,0.0702,True,classificada — no sinal operável
CTSH_2015Q1,CTSH,2015-05-04,2.0,17.0,0.0,-0.1782,0.6176,0.0313,-0.008,True,classificada — no sinal operável
CTSH_2015Q2,CTSH,2015-08-05,2.0,13.0,0.0003,-0.1761,0.5989,-0.0716,0.0159,True,classificada — no sinal operável
CTSH_2015Q3,CTSH,2015-11-04,4.0,11.0,0.3187,-0.0577,0.5744,-0.0826,-0.1131,True,classificada — no sinal operável
CTSH_2015Q4,CTSH,2016-02-08,4.0,12.0,0.2982,-0.0495,0.5826,0.0173,0.1013,True,classificada — no sinal operável
CTSH_2016Q1,CTSH,2016-05-06,4.0,14.0,0.3004,-0.1091,0.647,0.0691,0.0411,True,classificada — no sinal operável
CTSH_2016Q2,CTSH,2016-08-05,5.0,11.0,0.2916,-0.0584,0.4612,0.0046,-0.115,True,classificada — no sinal operável
CTSH_2016Q3,CTSH,2016-11-07,2.0,15.0,0.0001,-0.1527,0.4285,0.0241,-0.0039,True,classificada — no sinal operável
CTSH_2016Q4,CTSH,2017-02-08,2.0,15.0,0.0001,-0.1543,0.6268,0.0118,0.1258,True,classificada — no sinal operável
CTSH_2017Q1,CTSH,2017-05-05,2.0,13.0,0.0003,-0.139,0.5695,0.0977,0.1365,True,classificada — no sinal operável
CTSH_2017Q2,CTSH,2017-08-03,2.0,16.0,0.0002,-0.1408,0.7497,0.0456,0.118,True,classificada — no sinal operável
CTSH_2017Q3,CTSH,2017-11-01,4.0,11.0,0.3053,-0.098,0.6535,-0.0297,0.0404,True,classificada — no sinal operável
CTSH_2017Q4,CTSH,2018-02-07,4.0,15.0,0.2888,-0.0711,0.6188,0.0887,-0.0117,True,classificada — no sinal operável
CTSH_2018Q1,CTSH,2018-05-07,4.0,12.0,0.2738,-0.1364,0.5946,-0.019,-0.009,True,classificada — no sinal operável
CTSH_2018Q2,CTSH,2018-08-02,2.0,16.0,0.0001,-0.1289,0.6206,0.0285,-0.116,True,classificada — no sinal operável
CTSH_2018Q3,CTSH,2018-10-30,2.0,16.0,0.0002,-0.1286,0.57,0.0647,0.0484,True,classificada — no sinal operável
CTSH_2018Q4,CTSH,2019-02-06,3.0,9.0,0.35,0.0142,0.6578,-0.0382,-0.2027,True,classificada — no sinal operável
CTSH_2019Q1,CTSH,2019-05-03,4.0,8.0,0.3844,0.0057,0.4368,0.0469,0.0878,True,classificada — no sinal operável
CTSH_2019Q2,CTSH,2019-08-01,3.0,9.0,0.3366,-0.1243,0.5868,-0.0574,-0.0804,True,classificada — no sinal operável
CTSH_2019Q3,CTSH,2019-10-31,3.0,8.0,0.2365,-0.074,0.369,0.0383,0.0231,True,classificada — no sinal operável
CTSH_2019Q4,CTSH,2020-02-06,3.0,9.0,0.3716,0.0565,0.5348,-0.2331,-0.1648,True,classificada — no sinal operável
CTSH_2020Q1,CTSH,2020-05-08,4.0,6.0,0.2518,-0.058,0.4193,0.0197,0.2031,True,classificada — no sinal operável
CTSH_2020Q2,CTSH,2020-07-30,3.0,7.0,0.3456,0.0287,0.6795,-0.0127,0.037,True,classificada — no sinal operável
CTSH_2020Q3,CTSH,2020-10-28,6.0,8.0,0.407,0.1687,0.4287,0.0508,0.0447,True,classificada — no sinal operável
CTSH_2020Q4,CTSH,2021-02-03,3.0,8.0,0.3371,-0.0055,0.6419,-0.0053,0.0992,True,classificada — no sinal operável
CTSH_2021Q1,CTSH,2021-05-05,3.0,7.0,0.3594,0.053,0.4898,-0.0462,-0.0188,True,classificada — no sinal operável
CTSH_2021Q2,CTSH,2021-07-28,3.0,8.0,0.3942,-0.0273,0.7651,0.03,0.0537,True,classificada — no sinal operável
CTSH_2021Q3,CTSH,2021-10-27,3.0,8.0,0.362,-0.0006,0.633,-0.0173,0.0252,True,classificada — no sinal operável
CTSH_2021Q4,CTSH,2022-02-02,3.0,10.0,0.3082,-0.0777,0.685,0.0219,-0.0301,True,classificada — no sinal operável
CTSH_2022Q1,CTSH,2022-05-04,3.0,10.0,0.3519,0.0156,0.6285,-0.0623,-0.1237,True,classificada — no sinal operável
CTSH_2022Q2,CTSH,2022-07-27,3.0,8.0,0.3442,-0.0564,0.5651,0.0347,-0.051,True,classificada — no sinal operável
CTSH_2022Q3,CTSH,2022-11-02,3.0,8.0,0.268,-0.0089,0.2658,0.2027,0.3151,True,classificada — no sinal operável
CTSH_2022Q4,CTSH,2023-02-02,4.0,5.0,0.266,-0.0937,0.6118,-0.0475,-0.0437,True,classificada — no sinal operável
CTSH_2023Q1,CTSH,2023-05-03,3.0,6.0,0.2948,-0.0553,0.5965,0.0298,0.1382,True,classificada — no sinal operável
CTSH_2023Q2,CTSH,2023-08-02,3.0,6.0,0.3233,-0.0468,0.6197,0.0273,-0.0751,True,classificada — no sinal operável
CTSH_2023Q3,CTSH,2023-11-01,3.0,6.0,0.2785,-0.0961,0.5678,0.136,0.2495,True,classificada — no sinal operável
CTSH_2023Q4,CTSH,2024-02-06,3.0,6.0,0.3045,-0.0193,0.6366,0.028,-0.102,True,classificada — no sinal operável
CTSH_2024Q1,CTSH,2024-05-01,5.0,8.0,0.24,-0.0341,0.2665,-0.0143,0.137,True,classificada — no sinal operável
CTSH_2024Q2,CTSH,2024-07-31,3.0,7.0,0.3641,-0.02,0.6769,-0.0071,-0.028,True,classificada — no sinal operável
CTSH_2024Q3,CTSH,2024-10-30,3.0,7.0,0.3524,-0.0138,0.6996,0.0382,0.0693,True,classificada — no sinal operável
CTSH_2024Q4,CTSH,2025-02-05,3.0,7.0,0.3526,0.0255,0.7238,-0.008,-0.0712,True,classificada — no sinal operável
CTSH_2025Q1,CTSH,2025-04-30,3.0,6.0,0.4085,0.0111,0.7671,0.0598,-0.061,True,classificada — no sinal operável
DELL_2005Q4,DELL,2006-01-26,9.0,12.0,0.3309,,0.5908,0.1239,0.1262,False,"distância de tom OK, mas confundidor ausente (size_proxy)"
DELL_2006Q1,DELL,2006-04-20,8.0,13.0,0.2675,,0.4841,0.1239,0.1262,False,"distância de tom OK, mas confundidor ausente (size_proxy)"
DELL_2006Q2,DELL,2006-07-14,2.0,11.0,0.0001,,0.6085,0.1239,0.1262,False,"distância de tom OK, mas confundidor ausente (size_proxy)"
DELL_2006Q3,DELL,2006-10-17,5.0,12.0,0.2954,,0.4358,0.1239,0.1262,False,"distância de tom OK, mas confundidor ausente (size_proxy)"
DELL_2006Q4,DELL,2007-01-23,2.0,16.0,0.0,,0.7159,0.1239,0.1262,False,"distância de tom OK, mas confundidor ausente (size_proxy)"
DELL_2007Q1,DELL,2007-04-17,2.0,16.0,0.0,,0.6032,0.1239,0.1262,False,"distância de tom OK, mas confundidor ausente (size_proxy)"
DELL_2007Q2,DELL,2007-07-24,5.0,15.0,0.3866,,0.6526,0.1239,0.1262,False,"distância de tom OK, mas confundidor ausente (size_proxy)"
DELL_2007Q3,DELL,2007-10-25,5.0,11.0,0.3022,,0.5254,0.1239,0.1262,False,"distância de tom OK, mas confundidor ausente (size_proxy)"
DELL_2007Q4,DELL,2008-01-29,2.0,15.0,0.0002,,0.7413,0.1239,0.1262,False,"distância de tom OK, mas confundidor ausente (size_proxy)"
DELL_2008Q1,DELL,2008-04-23,5.0,13.0,0.4407,,0.6787,0.1239,0.1262,False,"distância de tom OK, mas confundidor ausente (size_proxy)"
DELL_2008Q2,DELL,2008-07-23,5.0,14.0,0.4247,,0.6864,0.1239,0.1262,False,"distância de tom OK, mas confundidor ausente (size_proxy)"
DELL_2008Q3,DELL,2008-10-22,5.0,15.0,0.4098,,0.5962,0.1239,0.1262,False,"distância de tom OK, mas confundidor ausente (size_proxy)"
DELL_2008Q4,DELL,2009-01-27,5.0,13.0,0.3515,,0.4486,0.1239,0.1262,False,"distância de tom OK, mas confundidor ausente (size_proxy)"
DELL_2009Q1,DELL,2009-04-23,5.0,14.0,0.3684,,0.6175,0.1239,0.1262,False,"distância de tom OK, mas confundidor ausente (size_proxy)"
DELL_2009Q2,DELL,2009-07-23,5.0,15.0,0.3853,,0.6046,0.1239,0.1262,False,"distância de tom OK, mas confundidor ausente (size_proxy)"
DELL_2009Q3,DELL,2009-10-22,5.0,13.0,0.3908,,0.6977,0.1239,0.1262,False,"distância de tom OK, mas confundidor ausente (size_proxy)"
DELL_2009Q4,DELL,2010-01-26,5.0,14.0,0.457,,0.8133,0.1239,0.1262,False,"distância de tom OK, mas confundidor ausente (size_proxy)"
DELL_2010Q1,DELL,2010-04-21,4.0,15.0,0.4414,,0.7339,0.1239,0.1262,False,"distância de tom OK, mas confundidor ausente (size_proxy)"
DELL_2010Q2,DELL,2010-07-21,5.0,14.0,0.4185,,0.6958,0.1239,0.1262,False,"distância de tom OK, mas confundidor ausente (size_proxy)"
DELL_2010Q3,DELL,2010-10-20,3.0,14.0,0.3967,,0.7206,0.1239,0.1262,False,"distância de tom OK, mas confundidor ausente (size_proxy)"
DELL_2010Q4,DELL,2011-01-25,6.0,13.0,0.4804,,0.7936,0.1239,0.1262,False,"distância de tom OK, mas confundidor ausente (size_proxy)"
DELL_2011Q1,DELL,2011-04-20,5.0,10.0,0.3991,,0.7179,0.1239,0.1262,False,"distância de tom OK, mas confundidor ausente (size_proxy)"
DELL_2011Q2,DELL,2011-07-20,5.0,11.0,0.4242,,0.7465,0.1239,0.1262,False,"distância de tom OK, mas confundidor ausente (size_proxy)"
DELL_2011Q3,DELL,2011-10-18,,,,,0.6014,0.1239,0.1262,False,sem distância de tom: <2 gestores identificados ou Q&A não detectado
DELL_2011Q4,DELL,2012-01-24,5.0,11.0,0.4226,,0.7816,0.1239,0.1262,False,"distância de tom OK, mas confundidor ausente (size_proxy)"
DELL_2012Q1,DELL,2012-04-19,5.0,11.0,0.4334,,0.7671,0.1239,0.1262,False,"distância de tom OK, mas confundidor ausente (size_proxy)"
DELL_2012Q2,DELL,2012-07-24,5.0,12.0,0.3394,,0.5755,0.1239,0.1262,False,"distância de tom OK, mas confundidor ausente (size_proxy)"
DELL_2012Q3,DELL,2012-10-24,5.0,11.0,0.386,,0.6589,0.1239,0.1262,False,"distância de tom OK, mas confundidor ausente (size_proxy)"
DELL_2012Q4,DELL,2013-01-29,6.0,4.0,0.4302,,0.8248,0.1239,0.1262,False,"distância de tom OK, mas confundidor ausente (size_proxy)"
DELL_2013Q1,DELL,2013-04-24,5.0,12.0,0.3965,,0.6228,0.1239,0.1262,False,"distância de tom OK, mas confundidor ausente (size_proxy)"
DELL_2013Q2,DELL,2013-07-24,5.0,11.0,0.408,,0.7077,0.1239,0.1262,False,"distância de tom OK, mas confundidor ausente (size_proxy)"
DELL_2013Q3,DELL,2013-10-22,5.0,10.0,0.3484,,0.5226,0.1239,0.1262,False,"distância de tom OK, mas confundidor ausente (size_proxy)"
DELL_2013Q4,DELL,2014-01-29,5.0,8.0,0.3811,,0.5771,0.1239,0.1262,False,"distância de tom OK, mas confundidor ausente (size_proxy)"
DELL_2020Q1,DELL,2019-05-30,3.0,12.0,0.3235,-0.1064,0.3838,-0.1625,-0.2532,True,classificada — no sinal operável
DELL_2020Q2,DELL,2019-08-30,3.0,14.0,0.3,0.0108,0.4588,0.012,-0.0498,True,classificada — no sinal operável
DELL_2020Q3,DELL,2019-11-26,4.0,10.0,0.1841,-0.1505,0.3324,-0.0014,-0.2074,True,classificada — no sinal operável
DELL_2020Q4,DELL,2020-02-27,3.0,10.0,0.2981,0.0344,0.5217,-0.0595,0.1063,True,classificada — no sinal operável
DELL_2021Q1,DELL,2020-05-28,3.0,11.0,0.3262,0.04,0.562,0.0663,0.268,True,classificada — no sinal operável
DELL_2021Q2,DELL,2020-08-27,3.0,9.0,0.3046,-0.0637,0.4683,0.0272,0.0583,True,classificada — no sinal operável
DELL_2021Q3,DELL,2020-11-24,3.0,9.0,0.2573,-0.0953,0.5173,0.0453,0.161,True,classificada — no sinal operável
DELL_2021Q4,DELL,2021-02-25,3.0,12.0,0.3814,0.066,0.6276,0.103,0.2353,True,classificada — no sinal operável
DELL_2022Q1,DELL,2021-05-28,4.0,12.0,0.4269,0.0921,0.6767,0.0262,-0.0265,True,classificada — no sinal operável
DELL_2022Q2,DELL,2021-08-26,5.0,12.0,0.4304,0.0724,0.6743,0.0629,0.1459,True,classificada — no sinal operável
DELL_2022Q3,DELL,2021-11-23,4.0,13.0,0.3294,0.0849,0.4704,0.0096,0.0089,True,classificada — no sinal operável
DELL_2022Q4,DELL,2022-02-24,4.0,12.0,0.3442,-0.0113,0.4737,0.0796,-0.1408,True,classificada — no sinal operável
DELL_2023Q1,DELL,2022-05-26,4.0,12.0,0.2842,0.0441,0.5273,0.1852,0.1387,True,classificada — no sinal operável
DELL_2023Q2,DELL,2022-08-25,4.0,14.0,0.3099,0.004,0.3478,-0.2433,-0.0179,True,classificada — no sinal operável
DELL_2023Q3,DELL,2022-11-21,4.0,15.0,0.3164,0.1145,0.3953,-0.0628,0.0142,True,classificada — no sinal operável
DELL_2023Q4,DELL,2023-03-02,3.0,15.0,0.2955,0.0465,0.2927,0.0294,0.1739,True,classificada — no sinal operável
DELL_2024Q1,DELL,2023-06-01,4.0,14.0,0.3034,0.0738,0.6127,0.2002,0.2446,True,classificada — no sinal operável
DELL_2024Q2,DELL,2023-08-31,3.0,14.0,0.3332,0.101,0.5429,0.0563,0.1905,True,classificada — no sinal operável
DELL_2024Q3,DELL,2023-11-30,3.0,14.0,0.2998,-0.0296,0.69,0.0408,0.7023,True,classificada — no sinal operável
DELL_2024Q4,DELL,2024-02-29,3.0,14.0,0.3905,0.0053,0.6815,-0.0403,0.3683,True,classificada — no sinal operável
DELL_2025Q1,DELL,2024-05-30,3.0,13.0,0.3395,0.0286,0.6126,-0.0068,-0.2272,True,classificada — no sinal operável
DELL_2025Q2,DELL,2024-08-29,3.0,12.0,0.3645,0.0347,0.6711,0.0276,0.082,True,classificada — no sinal operável
DELL_2025Q3,DELL,2024-11-26,3.0,15.0,0.4097,0.0288,0.685,-0.0608,-0.232,True,classificada — no sinal operável
DELL_2025Q4,DELL,2025-02-28,3.0,13.0,0.3859,0.0582,0.6653,-0.1205,0.0805,True,classificada — no sinal operável
DXC_2017Q1,DXC,2016-08-08,6.0,5.0,0.319,-0.0626,0.6407,-0.0024,0.1631,True,classificada — no sinal operável
DXC_2017Q2,DXC,2016-11-03,5.0,5.0,0.3121,-0.002,0.5626,0.1402,0.3685,True,classificada — no sinal operável
DXC_2017Q3,DXC,2017-02-02,,,,,0.5399,0.049,0.1875,False,sem distância de tom: <2 gestores identificados ou Q&A não detectado
DXC_2017Q4,DXC,2017-05-25,3.0,6.0,0.1728,-0.0244,0.1752,-0.006,0.072,True,classificada — no sinal operável
DXC_2018Q1,DXC,2017-08-08,5.0,5.0,0.3456,0.1034,0.5621,0.0606,0.1699,True,classificada — no sinal operável
DXC_2018Q2,DXC,2017-11-07,5.0,8.0,0.2681,-0.012,0.472,-0.0223,-0.0505,True,classificada — no sinal operável
DXC_2018Q3,DXC,2018-02-09,6.0,6.0,0.3458,0.063,0.6728,0.0848,0.0719,True,classificada — no sinal operável
DXC_2018Q4,DXC,2018-05-24,6.0,4.0,0.2545,-0.0541,0.5505,-0.0821,0.0318,True,classificada — no sinal operável
DXC_2019Q1,DXC,2018-08-07,5.0,7.0,0.257,0.0236,0.4585,0.0193,-0.1942,True,classificada — no sinal operável
DXC_2019Q2,DXC,2018-11-06,4.0,6.0,0.3117,-0.0597,0.2884,-0.1024,0.0542,True,classificada — no sinal operável
DXC_2019Q3,DXC,2019-02-07,10.0,,0.2634,,0.6385,-0.0085,-0.0967,False,"distância de tom OK, mas confundidor ausente (analyst_tone, analyst_tone_distance)"
DXC_2019Q4,DXC,2019-05-23,6.0,3.0,0.1855,-0.0458,0.3954,0.0202,-0.3475,True,classificada — no sinal operável
DXC_2020Q1,DXC,2019-08-08,3.0,8.0,0.2689,-0.065,0.4047,-0.0932,-0.2463,True,classificada — no sinal operável
DXC_2020Q2,DXC,2019-11-11,4.0,4.0,0.2812,0.0302,0.3942,0.1528,0.0164,True,classificada — no sinal operável
DXC_2020Q3,DXC,2020-02-06,8.0,3.0,0.2621,0.0613,0.4543,-0.5594,-0.5022,True,classificada — no sinal operável
DXC_2020Q4,DXC,2020-05-28,3.0,5.0,0.2708,0.0829,0.3492,0.0355,0.3017,True,classificada — no sinal operável
DXC_2021Q1,DXC,2020-08-06,3.0,7.0,0.3402,0.0255,0.5375,0.0868,0.0037,True,classificada — no sinal operável
DXC_2021Q2,DXC,2020-11-05,4.0,4.0,0.363,0.0377,0.6275,0.1952,0.2589,True,classificada — no sinal operável
DXC_2021Q3,DXC,2021-02-04,6.0,3.0,0.3678,0.144,0.7191,0.0598,0.2784,True,classificada — no sinal operável
DXC_2021Q4,DXC,2021-05-26,4.0,5.0,0.2438,-0.0813,0.5353,0.0773,0.0158,True,classificada — no sinal operável
DXC_2022Q1,DXC,2021-08-04,4.0,6.0,0.4145,0.0954,0.7349,-0.1284,-0.1934,True,classificada — no sinal operável
DXC_2022Q2,DXC,2021-11-03,3.0,9.0,0.3883,0.0196,0.7114,-0.0838,0.0595,True,classificada — no sinal operável
DXC_2022Q3,DXC,2022-02-02,3.0,8.0,0.303,-0.0049,0.5566,-0.0726,-0.0451,True,classificada — no sinal operável
DXC_2022Q4,DXC,2022-05-25,3.0,8.0,0.307,-0.0036,0.5317,0.0901,-0.1376,True,classificada — no sinal operável
DXC_2023Q1,DXC,2022-08-03,,,,,0.4033,-0.0812,-0.0083,False,sem distância de tom: <2 gestores identificados ou Q&A não detectado
DXC_2023Q2,DXC,2022-11-03,4.0,5.0,0.2682,-0.0853,0.6061,0.0118,0.014,True,classificada — no sinal operável
DXC_2023Q3,DXC,2023-02-01,3.0,8.0,0.2388,-0.0139,0.4173,-0.012,-0.1936,True,classificada — no sinal operável
DXC_2023Q4,DXC,2023-05-18,3.0,7.0,0.3045,-0.0188,0.5185,0.1638,-0.1383,True,classificada — no sinal operável
EA_2006Q3,EA,2006-02-03,7.0,18.0,0.2648,,0.1791,-0.0621,-0.126,False,"distância de tom OK, mas histórico curto para residualizar (<250 calls anteriores)"
EA_2006Q4,EA,2006-05-03,4.0,13.0,0.1945,,0.2529,-0.129,0.0294,False,"distância de tom OK, mas histórico curto para residualizar (<250 calls anteriores)"
EA_2007Q1,EA,2006-08-01,4.0,15.0,0.2382,,0.3625,0.0372,0.099,False,"distância de tom OK, mas histórico curto para residualizar (<250 calls anteriores)"
EA_2007Q2,EA,2006-11-02,4.0,14.0,0.2118,,0.4598,-0.0332,-0.1381,False,"distância de tom OK, mas histórico curto para residualizar (<250 calls anteriores)"
EA_2007Q3,EA,2007-02-01,5.0,12.0,0.1659,,0.4078,-0.0945,-0.0518,False,"distância de tom OK, mas histórico curto para residualizar (<250 calls anteriores)"
EA_2007Q4,EA,2007-05-08,6.0,18.0,0.3695,,0.4901,-0.0556,0.0561,False,"distância de tom OK, mas histórico curto para residualizar (<250 calls anteriores)"
EA_2008Q1,EA,2007-08-01,5.0,14.0,0.3329,,0.5204,0.0898,0.2093,False,"distância de tom OK, mas histórico curto para residualizar (<250 calls anteriores)"
EA_2008Q2,EA,2007-11-01,6.0,10.0,0.2693,,0.4926,-0.0865,-0.2295,False,"distância de tom OK, mas histórico curto para residualizar (<250 calls anteriores)"
EA_2008Q3,EA,2008-02-01,15.0,4.0,0.3059,,0.4684,-0.0277,0.0988,False,"distância de tom OK, mas histórico curto para residualizar (<250 calls anteriores)"
EA_2008Q4,EA,2008-05-14,7.0,9.0,0.3232,0.0662,0.4781,-0.105,-0.077,True,classificada — no sinal operável
EA_2009Q1,EA,2008-07-29,,,,,0.3475,0.0903,-0.4825,False,sem distância de tom: <2 gestores identificados ou Q&A não detectado
EA_2009Q2,EA,2008-10-30,,,,,0.1893,-0.2552,-0.3772,False,sem distância de tom: <2 gestores identificados ou Q&A não detectado
EA_2009Q3,EA,2009-02-03,4.0,12.0,0.2162,0.0016,0.3186,-0.062,0.3117,True,classificada — no sinal operável
EA_2009Q4,EA,2009-05-06,6.0,15.0,0.231,0.0133,0.3404,0.1381,0.0094,True,classificada — no sinal operável
EA_2010Q1,EA,2009-08-04,6.0,18.0,0.3963,0.0497,0.5873,-0.1423,-0.1517,True,classificada — no sinal operável
EA_2010Q2,EA,2009-11-09,7.0,13.0,0.3735,0.0832,0.432,-0.1075,-0.1304,True,classificada — no sinal operável
EA_2010Q3,EA,2010-02-09,6.0,10.0,0.2829,-0.0071,0.1756,0.116,0.1721,True,classificada — no sinal operável
EA_2010Q4,EA,2010-05-12,14.0,,0.2967,,0.3974,-0.0748,-0.0884,False,"distância de tom OK, mas confundidor ausente (analyst_tone, analyst_tone_distance)"
EA_2011Q1,EA,2010-08-04,6.0,13.0,0.3946,0.0202,0.6261,-0.0543,-0.0636,True,classificada — no sinal operável
EA_2011Q2,EA,2010-11-02,7.0,10.0,0.4078,0.0417,0.7152,-0.0575,0.1306,True,classificada — no sinal operável
EA_2011Q3,EA,2011-02-01,6.0,11.0,0.4239,0.0469,0.672,0.0991,0.1687,True,classificada — no sinal operável
EA_2011Q4,EA,2011-05-05,6.0,9.0,0.3467,0.0025,0.5352,0.0978,-0.0706,True,classificada — no sinal operável
EA_2012Q1,EA,2011-07-26,7.0,10.0,0.3541,0.1169,0.5716,-0.1654,0.0234,True,classificada — no sinal operável
EA_2012Q2,EA,2011-10-27,6.0,14.0,0.3793,0.1016,0.5906,-0.0624,-0.2347,True,classificada — no sinal operável
EA_2012Q3,EA,2012-02-01,6.0,10.0,0.3806,0.1239,0.6169,-0.1508,-0.1969,True,classificada — no sinal operável
EA_2012Q4,EA,2012-05-07,6.0,9.0,0.4346,0.143,0.7104,-0.0379,-0.1439,True,classificada — no sinal operável
EA_2013Q1,EA,2012-07-31,6.0,10.0,0.3121,0.0556,0.4577,0.1174,0.0739,True,classificada — no sinal operável
EA_2013Q2,EA,2012-10-30,6.0,10.0,0.4078,0.0804,0.6235,0.262,0.3207,True,classificada — no sinal operável
EA_2013Q3,EA,2013-01-30,6.0,10.0,0.3616,0.0654,0.4516,0.2331,0.1825,True,classificada — no sinal operável
EA_2013Q4,EA,2013-05-07,,,,,0.4671,0.1758,0.3354,False,sem distância de tom: <2 gestores identificados ou Q&A não detectado
EA_2014Q1,EA,2013-07-23,6.0,14.0,0.3757,0.1459,0.4951,0.0571,-0.0285,True,classificada — no sinal operável
EA_2014Q2,EA,2013-10-29,,,,,0.6157,-0.1538,-0.0038,False,sem distância de tom: <2 gestores identificados ou Q&A não detectado
EA_2014Q3,EA,2014-01-28,5.0,14.0,0.3717,0.0954,0.4557,0.1402,0.1211,True,classificada — no sinal operável
EA_2014Q4,EA,2014-05-07,5.0,12.0,0.3628,0.11,0.6361,0.0434,0.026,True,classificada — no sinal operável
EA_2015Q1,EA,2014-07-22,5.0,16.0,0.3327,0.1228,0.5768,0.0035,-0.0668,True,classificada — no sinal operável
EA_2015Q2,EA,2014-10-28,5.0,13.0,0.4195,0.1643,0.674,0.1252,0.4253,True,classificada — no sinal operável
EA_2015Q3,EA,2015-01-27,7.0,11.0,0.411,0.1045,0.5702,0.1132,0.1398,True,classificada — no sinal operável
EA_2015Q4,EA,2015-05-05,5.0,13.0,0.4187,0.086,0.6714,0.0209,0.1703,True,classificada — no sinal operável
EA_2016Q1,EA,2015-07-30,5.0,11.0,0.4015,0.1118,0.592,-0.0439,0.0808,True,classificada — no sinal operável
EA_2016Q2,EA,2015-10-29,5.0,13.0,0.3862,0.1061,0.5845,-0.0961,-0.144,True,classificada — no sinal operável
EA_2016Q3,EA,2016-01-28,1.0,15.0,,,0.4034,-0.0474,-0.0759,False,sem distância de tom: <2 gestores identificados ou Q&A não detectado
EA_2016Q4,EA,2016-05-10,2.0,14.0,0.0001,-0.1674,0.6562,0.0826,0.1173,True,classificada — no sinal operável
EA_2017Q1,EA,2016-08-02,2.0,16.0,0.0001,-0.167,0.6393,0.0596,0.0243,True,classificada — no sinal operável
EA_2017Q2,EA,2016-11-01,2.0,15.0,0.0002,-0.1643,0.6253,-0.0412,0.0467,True,classificada — no sinal operável
EA_2017Q3,EA,2017-01-31,5.0,11.0,0.4358,0.0337,0.728,0.0429,0.1297,True,classificada — no sinal operável
EA_2017Q4,EA,2017-05-09,5.0,13.0,0.3817,0.0062,0.679,0.0785,0.0994,True,classificada — no sinal operável
EA_2018Q1,EA,2017-07-27,2.0,16.0,0.0003,-0.146,0.6207,0.0257,0.0049,True,classificada — no sinal operável
EA_2018Q2,EA,2017-10-31,5.0,11.0,0.3149,0.0102,0.4735,-0.0832,0.105,True,classificada — no sinal operável
EA_2018Q3,EA,2018-01-30,4.0,10.0,0.3754,0.0243,0.6461,-0.057,-0.075,True,classificada — no sinal operável
EA_2018Q4,EA,2018-05-08,2.0,14.0,0.0009,-0.1359,0.5502,0.0697,0.0009,True,classificada — no sinal operável
EA_2019Q1,EA,2018-07-26,2.0,17.0,0.0002,-0.1351,0.4961,-0.0442,-0.2867,True,classificada — no sinal operável
EA_2019Q2,EA,2018-10-30,2.0,15.0,0.0005,-0.1322,0.5634,-0.061,-0.0085,True,classificada — no sinal operável
EA_2019Q3,EA,2019-02-05,3.0,11.0,0.2778,0.019,0.4058,0.2555,0.1717,True,classificada — no sinal operável
EA_2019Q4,EA,2019-05-07,3.0,9.0,0.3235,-0.0655,0.5835,-0.0274,-0.0909,True,classificada — no sinal operável
EA_2020Q1,EA,2019-07-30,3.0,13.0,0.2984,-0.0843,0.5789,-0.017,0.0289,True,classificada — no sinal operável
EA_2020Q2,EA,2019-10-29,3.0,11.0,0.3624,-0.0277,0.6663,0.0694,0.1845,True,classificada — no sinal operável
EA_2020Q3,EA,2020-01-30,3.0,12.0,0.3938,0.014,0.7561,-0.0349,0.0317,True,classificada — no sinal operável
EA_2020Q4,EA,2020-05-05,3.0,8.0,0.3111,-0.0341,0.5495,0.019,0.2723,True,classificada — no sinal operável
EA_2021Q1,EA,2020-07-30,2.0,5.0,0.0426,-0.2685,0.3789,-0.0082,-0.1157,True,classificada — no sinal operável
EA_2021Q2,EA,2020-11-05,3.0,6.0,0.3539,-0.0228,0.6914,0.0964,0.1937,True,classificada — no sinal operável
EA_2021Q3,EA,2021-02-02,3.0,11.0,0.3714,0.0078,0.6769,-0.0894,-0.0494,True,classificada — no sinal operável
EA_2021Q4,EA,2021-05-11,3.0,12.0,0.4188,0.1509,0.6558,0.0295,-0.0315,True,classificada — no sinal operável
EA_2022Q1,EA,2021-08-04,3.0,9.0,0.3896,-0.0116,0.7421,0.0051,-0.031,True,classificada — no sinal operável
EA_2022Q2,EA,2021-11-03,3.0,12.0,0.3511,-0.0408,0.6746,-0.1263,-0.0412,True,classificada — no sinal operável
EA_2022Q3,EA,2022-02-01,3.0,11.0,0.3786,0.0387,0.703,0.0169,-0.0242,True,classificada — no sinal operável
EA_2022Q4,EA,2022-05-11,3.0,11.0,0.3985,0.0271,0.6406,0.1293,0.0975,True,classificada — no sinal operável
EA_2023Q1,EA,2022-08-02,3.0,9.0,0.3942,0.1598,0.6941,-0.0311,-0.0381,True,classificada — no sinal operável
EA_2023Q2,EA,2022-11-01,3.0,11.0,0.3471,0.1255,0.552,0.0462,-0.0781,True,classificada — no sinal operável
EA_2023Q3,EA,2023-01-31,2.0,13.0,0.487,0.3062,0.6416,-0.0368,0.0822,True,classificada — no sinal operável
EA_2023Q4,EA,2023-05-09,4.0,9.0,0.3467,0.1177,0.651,-0.0156,-0.0558,True,classificada — no sinal operável
EA_2024Q1,EA,2023-08-01,3.0,9.0,0.3602,0.1073,0.6778,-0.0712,-0.0654,True,classificada — no sinal operável
EA_2024Q2,EA,2023-11-01,3.0,6.0,0.4181,0.021,0.7904,0.0614,0.0528,True,classificada — no sinal operável
EA_2024Q3,EA,2024-01-30,3.0,7.0,0.4033,0.0073,0.7125,0.0376,-0.0566,True,classificada — no sinal operável
EA_2024Q4,EA,2024-05-07,3.0,7.0,0.3134,-0.0057,0.6014,0.0827,0.1379,True,classificada — no sinal operável
EA_2025Q1,EA,2024-07-30,3.0,7.0,0.3847,0.0383,0.704,-0.0099,-0.0439,True,classificada — no sinal operável
EA_2025Q2,EA,2024-10-29,3.0,5.0,0.378,-0.016,0.7397,0.1072,-0.1656,True,classificada — no sinal operável
EA_2025Q3,EA,2025-02-04,3.0,5.0,0.3613,0.0135,0.6703,0.0783,0.2182,True,classificada — no sinal operável
EA_2025Q4,EA,2025-05-06,3.0,7.0,0.3727,0.0179,0.6887,-0.0629,0.0329,True,classificada — no sinal operável
EBAY_2007Q2,EBAY,2007-07-18,4.0,9.0,0.4459,,0.7878,-0.0003,0.1471,False,"distância de tom OK, mas histórico curto para residualizar (<250 calls anteriores)"
EBAY_2007Q3,EBAY,2007-10-17,4.0,9.0,0.4261,,0.7039,-0.1598,-0.2646,False,"distância de tom OK, mas histórico curto para residualizar (<250 calls anteriores)"
EBAY_2007Q4,EBAY,2008-01-23,6.0,12.0,0.4562,,0.7095,0.0429,0.1543,False,"distância de tom OK, mas histórico curto para residualizar (<250 calls anteriores)"
EBAY_2008Q1,EBAY,2008-04-16,8.0,5.0,0.4021,0.0466,0.7105,0.0218,-0.1008,True,classificada — no sinal operável
EBAY_2008Q2,EBAY,2008-07-16,5.0,8.0,0.4256,-0.0261,0.6801,0.0685,-0.2724,True,classificada — no sinal operável
EBAY_2008Q3,EBAY,2008-10-15,5.0,9.0,0.3923,-0.0131,0.5778,-0.0588,-0.0813,True,classificada — no sinal operável
EBAY_2008Q4,EBAY,2009-01-21,6.0,8.0,0.3391,-0.0203,0.5597,0.0175,0.2348,True,classificada — no sinal operável
EBAY_2009Q1,EBAY,2009-04-22,5.0,9.0,0.332,0.0863,0.5096,0.0699,0.2134,True,classificada — no sinal operável
EBAY_2009Q2,EBAY,2009-07-22,6.0,9.0,0.3703,0.1087,0.6763,0.0176,0.1916,True,classificada — no sinal operável
EBAY_2009Q3,EBAY,2009-10-21,6.0,9.0,0.3961,0.0356,0.6656,-0.0354,-0.0191,True,classificada — no sinal operável
EBAY_2009Q4,EBAY,2010-01-20,5.0,11.0,0.401,0.0209,0.6908,-0.0205,0.0995,True,classificada — no sinal operável
EBAY_2010Q1,EBAY,2010-04-21,5.0,9.0,0.4145,-0.0164,0.6878,-0.1485,-0.1747,True,classificada — no sinal operável
EBAY_2010Q2,EBAY,2010-07-21,5.0,8.0,0.2944,-0.0969,0.4881,0.0962,0.21,True,classificada — no sinal operável
EBAY_2010Q4,EBAY,2011-01-20,6.0,6.0,0.3545,-0.0165,0.6598,0.1229,0.0328,True,classificada — no sinal operável
EBAY_2011Q1,EBAY,2011-04-27,6.0,6.0,0.3342,-0.0124,0.6345,-0.1121,-0.0339,True,classificada — no sinal operável
EBAY_2011Q2,EBAY,2011-07-20,5.0,8.0,0.4296,0.0379,0.7124,-0.1724,0.0033,True,classificada — no sinal operável
EBAY_2011Q3,EBAY,2011-10-19,5.0,9.0,0.3926,0.0243,0.6606,-0.0685,0.0031,True,classificada — no sinal operável
EBAY_2011Q4,EBAY,2012-01-18,5.0,8.0,0.4176,0.026,0.7228,0.1029,0.1464,True,classificada — no sinal operável
EBAY_2012Q1,EBAY,2012-04-18,6.0,9.0,0.3517,-0.0215,0.6411,-0.0026,0.034,True,classificada — no sinal operável
EBAY_2012Q2,EBAY,2012-07-18,5.0,8.0,0.3465,0.0156,0.5661,0.0407,0.0964,True,classificada — no sinal operável
EBAY_2012Q3,EBAY,2012-10-17,5.0,8.0,0.4043,0.0514,0.7178,-0.0105,0.102,True,classificada — no sinal operável
EBAY_2012Q4,EBAY,2013-01-16,5.0,9.0,0.3639,0.0528,0.611,0.0475,-0.0242,True,classificada — no sinal operável
EBAY_2013Q1,EBAY,2013-04-17,4.0,8.0,0.3205,0.011,0.4652,0.0362,0.0656,True,classificada — no sinal operável
EBAY_2013Q2,EBAY,2013-07-17,6.0,10.0,0.3317,-0.0381,0.5848,-0.0075,0.0073,True,classificada — no sinal operável
EBAY_2013Q3,EBAY,2013-10-16,5.0,9.0,0.3516,-0.0066,0.5461,0.0507,0.0678,True,classificada — no sinal operável
EBAY_2013Q4,EBAY,2014-01-22,6.0,6.0,0.4629,0.1011,0.5607,-0.0203,-0.014,True,classificada — no sinal operável
EBAY_2014Q1,EBAY,2014-04-29,4.0,8.0,0.4735,0.0971,0.7607,-0.0348,0.0243,True,classificada — no sinal operável
EBAY_2014Q2,EBAY,2014-07-16,5.0,8.0,0.3898,0.0258,0.6323,0.0358,-0.01,True,classificada — no sinal operável
EBAY_2014Q3,EBAY,2014-10-15,4.0,10.0,0.343,0.0052,0.4631,0.1213,0.0934,True,classificada — no sinal operável
EBAY_2014Q4,EBAY,2015-01-22,5.0,7.0,0.3216,-0.0346,0.5785,0.019,0.0333,True,classificada — no sinal operável
EBAY_2015Q1,EBAY,2015-04-22,7.0,5.0,0.3518,-0.0137,0.6249,0.0056,0.1378,True,classificada — no sinal operável
EBAY_2015Q2,EBAY,2015-07-16,9.0,8.0,0.3894,-0.0172,0.734,0.0184,-0.1042,True,classificada — no sinal operável
EBAY_2015Q3,EBAY,2015-10-21,5.0,12.0,0.2911,-0.04,0.4676,0.0857,-0.0026,True,classificada — no sinal operável
EBAY_2015Q4,EBAY,2016-01-27,5.0,10.0,0.3226,-0.0424,0.5205,0.0409,0.0878,True,classificada — no sinal operável
EBAY_2016Q1,EBAY,2016-04-26,5.0,11.0,0.3253,-0.0134,0.4857,-0.0509,0.2396,True,classificada — no sinal operável
EBAY_2016Q2,EBAY,2016-07-20,5.0,12.0,0.3408,0.0174,0.5109,0.0572,0.0959,True,classificada — no sinal operável
EBAY_2016Q3,EBAY,2016-10-19,5.0,12.0,0.3075,-0.0108,0.5067,-0.0214,0.0386,True,classificada — no sinal operável
EBAY_2016Q4,EBAY,2017-01-25,5.0,9.0,0.3057,0.0377,0.5213,0.0522,0.0198,True,classificada — no sinal operável
EBAY_2017Q1,EBAY,2017-04-19,5.0,10.0,0.3838,0.0197,0.6447,-0.0181,0.076,True,classificada — no sinal operável
EBAY_2017Q2,EBAY,2017-07-20,5.0,10.0,0.3925,0.0655,0.6708,-0.0392,0.0489,True,classificada — no sinal operável
EBAY_2017Q3,EBAY,2017-10-18,5.0,11.0,0.323,-0.0163,0.4952,-0.0236,0.0535,True,classificada — no sinal operável
EBAY_2017Q4,EBAY,2018-01-31,5.0,8.0,0.348,0.0227,0.5984,-0.056,-0.1829,True,classificada — no sinal operável
EBAY_2018Q1,EBAY,2018-04-25,5.0,9.0,0.3327,-0.0045,0.5436,-0.027,-0.1274,True,classificada — no sinal operável
EBAY_2018Q2,EBAY,2018-07-18,5.0,12.0,0.3043,-0.0211,0.4757,-0.0398,-0.083,True,classificada — no sinal operável
EBAY_2018Q3,EBAY,2018-10-30,5.0,11.0,0.3387,-0.017,0.5626,0.0075,0.171,True,classificada — no sinal operável
EBAY_2018Q4,EBAY,2019-01-30,4.0,11.0,0.2856,0.0104,0.4491,0.1105,0.1239,True,classificada — no sinal operável
EBAY_2019Q1,EBAY,2019-04-23,3.0,10.0,0.3209,0.0125,0.5838,-0.0445,0.0839,True,classificada — no sinal operável
EBAY_2019Q2,EBAY,2019-07-17,3.0,10.0,0.3741,-0.0395,0.6529,-0.0406,-0.051,True,classificada — no sinal operável
EBAY_2019Q3,EBAY,2019-10-23,3.0,11.0,0.267,-0.039,0.3748,-0.0232,-0.0076,True,classificada — no sinal operável
EBAY_2019Q4,EBAY,2020-01-28,3.0,10.0,0.3126,0.0166,0.4575,-0.0006,0.1198,True,classificada — no sinal operável
EBAY_2020Q1,EBAY,2020-04-29,4.0,5.0,0.3424,-0.0416,0.6573,0.2146,0.4544,True,classificada — no sinal operável
EBAY_2020Q2,EBAY,2020-07-28,3.0,9.0,0.4189,0.0699,0.826,0.0614,-0.0307,True,classificada — no sinal operável
EBAY_2020Q3,EBAY,2020-10-29,3.0,9.0,0.3289,-0.058,0.5816,0.0373,0.2026,True,classificada — no sinal operável
EBAY_2020Q4,EBAY,2021-02-03,3.0,10.0,0.4146,0.0211,0.7725,-0.1568,-0.0865,True,classificada — no sinal operável
EBAY_2021Q1,EBAY,2021-04-28,3.0,9.0,0.3947,0.0091,0.6968,0.0388,0.2762,True,classificada — no sinal operável
EBAY_2021Q2,EBAY,2021-08-11,3.0,9.0,0.3662,-0.0789,0.6859,0.0828,0.1036,True,classificada — no sinal operável
EBAY_2021Q3,EBAY,2021-10-27,2.0,9.0,0.0306,-0.3506,0.6809,-0.0211,-0.2321,True,classificada — no sinal operável
EBAY_2021Q4,EBAY,2022-02-23,3.0,9.0,0.3657,-0.0257,0.7095,0.1441,-0.1168,True,classificada — no sinal operável
EBAY_2022Q1,EBAY,2022-05-04,3.0,10.0,0.3755,-0.0241,0.5088,-0.0763,-0.061,True,classificada — no sinal operável
EBAY_2022Q2,EBAY,2022-08-03,3.0,13.0,0.3592,-0.0169,0.6796,-0.1019,-0.2014,True,classificada — no sinal operável
EBAY_2022Q3,EBAY,2022-11-02,3.0,10.0,0.381,0.0126,0.6429,0.1383,0.2758,True,classificada — no sinal operável
EBAY_2022Q4,EBAY,2023-02-22,3.0,8.0,0.4028,-0.0199,0.7707,-0.0599,-0.0304,True,classificada — no sinal operável
EBAY_2023Q1,EBAY,2023-04-26,3.0,10.0,0.3955,0.0271,0.7523,-0.0337,-0.0272,True,classificada — no sinal operável
EBAY_2023Q2,EBAY,2023-07-26,3.0,7.0,0.4109,0.0163,0.8227,-0.0531,-0.0953,True,classificada — no sinal operável
EBAY_2023Q3,EBAY,2023-11-07,3.0,8.0,0.3546,-0.0175,0.5907,0.1195,0.1341,True,classificada — no sinal operável
EBAY_2023Q4,EBAY,2024-02-27,3.0,9.0,0.371,-0.0,0.6648,0.0954,0.1161,True,classificada — no sinal operável
EBAY_2024Q1,EBAY,2024-05-01,5.0,7.0,0.4055,0.148,0.4324,0.1049,0.1459,True,classificada — no sinal operável
EBAY_2024Q2,EBAY,2024-07-31,3.0,7.0,0.4017,0.0074,0.7957,0.0643,0.1453,True,classificada — no sinal operável
EBAY_2024Q3,EBAY,2024-10-30,3.0,8.0,0.3928,0.0298,0.8164,0.0792,0.1456,True,classificada — no sinal operável
EBAY_2024Q4,EBAY,2025-02-26,3.0,9.0,0.1658,-0.1767,0.754,0.0439,0.1313,True,classificada — no sinal operável
EBAY_2025Q1,EBAY,2025-04-30,3.0,11.0,0.3897,0.0075,0.6679,0.0487,0.315,True,classificada — no sinal operável
ENPH_2020Q1,ENPH,2020-05-06,3.0,11.0,0.2282,-0.0207,0.3482,0.0386,0.4268,True,classificada — no sinal operável
ENPH_2020Q2,ENPH,2020-08-05,4.0,12.0,0.2636,-0.0077,0.4316,-0.0996,0.3911,True,classificada — no sinal operável
ENPH_2020Q3,ENPH,2020-10-28,3.0,15.0,0.1936,-0.017,0.3628,0.3608,0.7654,True,classificada — no sinal operável
ENPH_2020Q4,ENPH,2021-02-10,3.0,13.0,0.1773,-0.0068,0.2723,-0.1987,-0.43,True,classificada — no sinal operável
ENPH_2021Q1,ENPH,2021-04-27,3.0,16.0,0.1947,-0.0587,0.3044,-0.0487,0.1496,True,classificada — no sinal operável
ENPH_2021Q2,ENPH,2021-07-28,3.0,14.0,0.2142,0.0052,0.403,0.0156,0.0539,True,classificada — no sinal operável
ENPH_2021Q3,ENPH,2021-10-26,3.0,14.0,0.2476,-0.0545,0.4023,0.2414,-0.4075,True,classificada — no sinal operável
ENPH_2021Q4,ENPH,2022-02-08,4.0,17.0,0.2612,-0.0105,0.4078,0.0011,-0.1505,True,classificada — no sinal operável
ENPH_2022Q1,ENPH,2022-04-26,3.0,14.0,0.2522,-0.0299,0.4382,-0.0013,0.5031,True,classificada — no sinal operável
ENPH_2022Q2,ENPH,2022-07-26,3.0,18.0,0.3322,0.0855,0.4893,0.2457,0.0766,True,classificada — no sinal operável
ENPH_2022Q3,ENPH,2022-10-25,3.0,14.0,0.2086,-0.0559,0.3971,0.0855,-0.285,True,classificada — no sinal operável
ENPH_2022Q4,ENPH,2023-02-07,4.0,16.0,0.3048,0.0326,0.4997,-0.1258,-0.3608,True,classificada — no sinal operável
ENPH_2023Q1,ENPH,2023-04-25,3.0,18.0,0.2235,-0.033,0.3697,-0.0816,-0.0295,True,classificada — no sinal operável
ENPH_2023Q2,ENPH,2023-07-27,3.0,14.0,0.1774,-0.0689,0.3613,-0.1727,-0.371,True,classificada — no sinal operável
ENPH_2023Q3,ENPH,2023-10-26,3.0,16.0,0.1114,-0.0062,0.0657,0.1899,0.3283,True,classificada — no sinal operável
ENPH_2023Q4,ENPH,2024-02-07,3.0,20.0,0.1706,0.0017,0.1967,0.1055,-0.0466,True,classificada — no sinal operável
ENPH_2024Q1,ENPH,2024-04-23,3.0,16.0,0.227,-0.0097,0.3436,0.0766,0.0383,True,classificada — no sinal operável
ENPH_2024Q2,ENPH,2024-07-23,4.0,20.0,0.264,0.0306,0.4788,0.092,-0.1724,True,classificada — no sinal operável
ENPH_2024Q3,ENPH,2024-10-22,3.0,14.0,0.2285,-0.0379,0.336,-0.1753,-0.1755,True,classificada — no sinal operável
ENPH_2024Q4,ENPH,2025-02-04,3.0,16.0,0.2538,0.04,0.3621,-0.1428,-0.3596,True,classificada — no sinal operável
ENPH_2025Q1,ENPH,2025-04-22,3.0,13.0,0.2636,0.0312,0.2287,-0.0015,-0.2297,True,classificada — no sinal operável
EPAM_2020Q1,EPAM,2020-05-09,4.0,8.0,0.2874,-0.0603,0.3425,0.0608,0.3452,True,classificada — no sinal operável
EPAM_2020Q2,EPAM,2020-08-08,3.0,9.0,0.2933,-0.0286,0.3919,0.0422,0.1679,True,classificada — no sinal operável
EPAM_2020Q3,EPAM,2020-11-05,2.0,13.0,0.0004,-0.149,0.4989,-0.0423,0.1124,True,classificada — no sinal operável
EPAM_2020Q4,EPAM,2021-02-18,3.0,8.0,0.2433,-0.0417,0.4092,-0.0477,0.1526,True,classificada — no sinal operável
EPAM_2021Q1,EPAM,2021-05-06,2.0,10.0,0.0629,-0.2434,0.4989,0.0659,0.2577,True,classificada — no sinal operável
EPAM_2021Q2,EPAM,2021-08-05,3.0,9.0,0.3323,0.024,0.5603,0.0545,0.1231,True,classificada — no sinal operável
EPAM_2021Q3,EPAM,2021-11-04,3.0,10.0,0.3361,0.0283,0.5682,-0.1349,-0.3569,True,classificada — no sinal operável
EPAM_2021Q4,EPAM,2022-02-17,1.0,11.0,,,0.4669,-0.3738,-0.3344,False,sem distância de tom: <2 gestores identificados ou Q&A não detectado
EPAM_2022Q1,EPAM,2022-05-05,3.0,6.0,0.2447,0.0389,0.2935,-0.0245,0.2193,True,classificada — no sinal operável
EPAM_2022Q2,EPAM,2022-08-05,4.0,9.0,0.2908,-0.015,0.3767,0.0171,-0.1932,True,classificada — no sinal operável
EPAM_2022Q3,EPAM,2022-11-03,3.0,8.0,0.3353,-0.0355,0.5186,0.1521,0.1709,True,classificada — no sinal operável
EPAM_2022Q4,EPAM,2023-02-16,3.0,7.0,0.2679,-0.0232,0.2644,-0.1985,-0.3328,True,classificada — no sinal operável
EPAM_2023Q1,EPAM,2023-05-05,3.0,8.0,0.2273,0.0049,0.1783,-0.1953,-0.0222,True,classificada — no sinal operável
EPAM_2023Q2,EPAM,2023-08-03,3.0,8.0,0.3101,0.0442,0.3163,0.0702,-0.101,True,classificada — no sinal operável
EPAM_2023Q3,EPAM,2023-11-02,4.0,9.0,0.3044,0.0796,0.0972,0.097,0.2302,True,classificada — no sinal operável
EPAM_2023Q4,EPAM,2024-02-15,3.0,9.0,0.2249,0.0294,0.279,0.0236,-0.3477,True,classificada — no sinal operável
EPAM_2024Q1,EPAM,2024-05-09,3.0,11.0,0.2486,0.0651,0.0193,-0.079,-0.0052,True,classificada — no sinal operável
EPAM_2024Q2,EPAM,2024-08-08,3.0,9.0,0.2743,0.0002,0.3861,0.061,-0.0043,True,classificada — no sinal operável
EPAM_2024Q3,EPAM,2024-11-07,3.0,9.0,0.3218,0.0156,0.6182,0.0644,0.1274,True,classificada — no sinal operável
EPAM_2024Q4,EPAM,2025-02-20,3.0,7.0,0.2789,-0.0231,0.4214,-0.268,-0.2101,True,classificada — no sinal operável
EPAM_2025Q1,EPAM,2025-05-08,3.0,10.0,0.3556,0.0159,0.6305,-0.0043,-0.1188,True,classificada — no sinal operável
EXPE_2007Q1,EXPE,2007-05-08,6.0,12.0,0.379,,0.6258,-0.0196,0.1609,False,"distância de tom OK, mas histórico curto para residualizar (<250 calls anteriores)"
EXPE_2007Q2,EXPE,2007-08-02,4.0,10.0,0.3168,,0.5822,0.0634,0.1635,False,"distância de tom OK, mas histórico curto para residualizar (<250 calls anteriores)"
EXPE_2007Q3,EXPE,2007-11-07,6.0,11.0,0.2575,,0.4881,0.0949,-0.1808,False,"distância de tom OK, mas histórico curto para residualizar (<250 calls anteriores)"
EXPE_2007Q4,EXPE,2008-02-07,6.0,9.0,0.3067,,0.4548,-0.1045,0.0287,False,"distância de tom OK, mas histórico curto para residualizar (<250 calls anteriores)"
EXPE_2008Q1,EXPE,2008-05-01,6.0,9.0,0.2512,-0.07,0.3687,-0.0693,-0.2295,True,classificada — no sinal operável
EXPE_2008Q2,EXPE,2008-07-31,5.0,10.0,0.4048,0.2216,0.0973,-0.1013,-0.3893,True,classificada — no sinal operável
EXPE_2008Q3,EXPE,2008-10-30,5.0,8.0,0.2549,-0.0355,0.0893,-0.1924,-0.0833,True,classificada — no sinal operável
EXPE_2008Q4,EXPE,2009-02-19,4.0,9.0,0.3262,0.0742,0.3899,0.0038,0.9477,True,classificada — no sinal operável
EXPE_2009Q1,EXPE,2009-04-30,6.0,7.0,0.3206,-0.0235,0.4698,0.2522,0.4755,True,classificada — no sinal operável
EXPE_2009Q2,EXPE,2009-07-30,4.0,10.0,0.295,0.0069,0.2234,0.1383,0.1896,True,classificada — no sinal operável
EXPE_2009Q3,EXPE,2009-10-29,5.0,10.0,0.3217,-0.0224,0.4761,0.0512,-0.0883,True,classificada — no sinal operável
EXPE_2009Q4,EXPE,2010-02-15,5.0,12.0,0.3491,0.0194,0.429,0.0628,0.0647,True,classificada — no sinal operável
EXPE_2010Q1,EXPE,2010-04-30,6.0,10.0,0.3063,-0.0301,0.4963,-0.1076,-0.0363,True,classificada — no sinal operável
EXPE_2010Q2,EXPE,2010-07-30,5.0,11.0,0.331,-0.0279,0.4629,-0.0053,0.2746,True,classificada — no sinal operável
EXPE_2010Q3,EXPE,2010-10-28,5.0,11.0,0.3581,0.008,0.5863,-0.0756,-0.1378,True,classificada — no sinal operável
EXPE_2010Q4,EXPE,2011-02-10,5.0,11.0,0.4038,0.0289,0.6128,-0.0073,0.1492,True,classificada — no sinal operável
EXPE_2011Q1,EXPE,2011-04-28,5.0,11.0,0.3533,0.0218,0.5202,0.1253,0.1781,True,classificada — no sinal operável
EXPE_2011Q2,EXPE,2011-07-28,5.0,10.0,0.3453,0.0273,0.5454,-0.079,-0.0744,True,classificada — no sinal operável
EXPE_2011Q3,EXPE,2011-10-27,5.0,10.0,0.3307,-0.0318,0.5601,-0.0375,-0.2226,True,classificada — no sinal operável
EXPE_2011Q4,EXPE,2012-02-09,5.0,14.0,0.3687,-0.0095,0.3964,0.0084,0.2856,True,classificada — no sinal operável
EXPE_2012Q1,EXPE,2012-04-26,5.0,14.0,0.2933,0.0181,0.3112,0.1477,0.1687,True,classificada — no sinal operável
EXPE_2012Q2,EXPE,2012-07-26,5.0,9.0,0.3764,0.0434,0.574,-0.0091,-0.0238,True,classificada — no sinal operável
EXPE_2012Q3,EXPE,2012-10-25,5.0,15.0,0.273,-0.0116,0.3657,0.0495,0.126,True,classificada — no sinal operável
EXPE_2012Q4,EXPE,2013-02-05,5.0,15.0,0.3689,0.0367,0.5835,-0.0295,-0.1389,True,classificada — no sinal operável
EXPE_2013Q1,EXPE,2013-04-25,5.0,12.0,0.3562,0.0215,0.5086,-0.0402,0.0591,True,classificada — no sinal operável
EXPE_2013Q2,EXPE,2013-07-25,5.0,12.0,0.3484,0.0613,0.2413,-0.0232,-0.013,True,classificada — no sinal operável
EXPE_2013Q3,EXPE,2013-10-30,5.0,15.0,0.32,0.053,0.5293,0.0894,0.1114,True,classificada — no sinal operável
EXPE_2013Q4,EXPE,2014-02-06,5.0,14.0,0.3682,0.0318,0.6543,0.0186,-0.0733,True,classificada — no sinal operável
EXPE_2014Q1,EXPE,2014-05-01,5.0,12.0,0.3167,0.0741,0.4718,0.0345,0.107,True,classificada — no sinal operável
EXPE_2014Q2,EXPE,2014-07-31,,,,,0.4978,0.0474,-0.0301,False,sem distância de tom: <2 gestores identificados ou Q&A não detectado
EXPE_2014Q3,EXPE,2014-10-30,5.0,16.0,0.331,0.0014,0.4661,0.0281,0.0249,True,classificada — no sinal operável
EXPE_2014Q4,EXPE,2015-02-06,,,,,0.4611,0.1586,0.3325,False,sem distância de tom: <2 gestores identificados ou Q&A não detectado
EXPE_2015Q1,EXPE,2015-04-30,,,,,0.5434,0.0751,0.0767,False,sem distância de tom: <2 gestores identificados ou Q&A não detectado
EXPE_2015Q2,EXPE,2015-07-30,5.0,14.0,0.3227,-0.0011,0.486,0.0035,0.0835,True,classificada — no sinal operável
EXPE_2015Q3,EXPE,2015-10-29,5.0,15.0,0.3744,0.0069,0.6122,-0.0941,-0.2484,True,classificada — no sinal operável
EXPE_2015Q4,EXPE,2016-02-11,,,,,0.2924,0.1141,0.0811,False,sem distância de tom: <2 gestores identificados ou Q&A não detectado
EXPE_2016Q1,EXPE,2016-04-28,5.0,17.0,0.3271,0.0216,0.4955,-0.0368,0.023,True,classificada — no sinal operável
EXPE_2016Q2,EXPE,2016-07-28,5.0,17.0,0.2981,-0.0018,0.3048,-0.0187,0.1063,True,classificada — no sinal operável
EXPE_2016Q3,EXPE,2016-10-27,5.0,18.0,0.3186,0.0352,0.401,-0.0206,-0.0547,True,classificada — no sinal operável
EXPE_2016Q4,EXPE,2017-02-09,6.0,16.0,0.2937,-0.0143,0.441,0.0211,0.1214,True,classificada — no sinal operável
EXPE_2017Q1,EXPE,2017-04-28,9.0,14.0,0.23,-0.0943,0.5172,0.0779,0.1926,True,classificada — no sinal operável
EXPE_2017Q2,EXPE,2017-07-27,6.0,15.0,0.3052,-0.0103,0.5672,-0.0315,-0.0404,True,classificada — no sinal operável
EXPE_2017Q3,EXPE,2017-10-26,5.0,17.0,0.2365,-0.0458,0.3836,0.0316,0.0619,True,classificada — no sinal operável
EXPE_2017Q4,EXPE,2018-02-08,12.0,8.0,0.3341,-0.0166,0.4052,0.0929,0.0881,True,classificada — no sinal operável
EXPE_2018Q1,EXPE,2018-04-26,5.0,16.0,0.3434,0.0288,0.4773,0.0142,0.0828,True,classificada — no sinal operável
EXPE_2018Q2,EXPE,2018-07-26,5.0,13.0,0.2845,0.0111,0.4743,-0.0546,-0.1707,True,classificada — no sinal operável
EXPE_2018Q3,EXPE,2018-10-25,5.0,15.0,0.2717,0.0224,0.4322,-0.0471,-0.043,True,classificada — no sinal operável
EXPE_2018Q4,EXPE,2019-02-07,3.0,12.0,0.2938,-0.013,0.431,-0.095,-0.114,True,classificada — no sinal operável
EXPE_2019Q1,EXPE,2019-05-02,3.0,12.0,0.336,-0.0548,0.5613,-0.0635,0.0593,True,classificada — no sinal operável
EXPE_2019Q2,EXPE,2019-07-25,3.0,14.0,0.3545,0.09,0.6071,-0.0931,-0.0164,True,classificada — no sinal operável
EXPE_2019Q3,EXPE,2019-11-06,3.0,16.0,0.3097,0.0225,0.4579,-0.0624,-0.0405,True,classificada — no sinal operável
EXPE_2019Q4,EXPE,2020-02-13,4.0,9.0,0.2422,0.0083,0.4202,-0.5574,-0.4792,True,classificada — no sinal operável
EXPE_2020Q1,EXPE,2020-05-20,3.0,8.0,0.3263,-0.0493,0.6539,-0.0064,0.0616,True,classificada — no sinal operável
EXPE_2020Q2,EXPE,2020-07-30,5.0,9.0,0.3004,-0.0246,0.4987,0.2482,0.1361,True,classificada — no sinal operável
EXPE_2020Q3,EXPE,2020-11-04,3.0,9.0,0.2755,-0.0057,0.4905,0.2605,0.3861,True,classificada — no sinal operável
EXPE_2020Q4,EXPE,2021-02-11,3.0,12.0,0.2753,-0.0722,0.4893,0.1936,0.1304,True,classificada — no sinal operável
EXPE_2021Q1,EXPE,2021-05-06,3.0,11.0,0.347,-0.0068,0.6512,-0.029,-0.0784,True,classificada — no sinal operável
EXPE_2021Q2,EXPE,2021-08-05,3.0,11.0,0.3223,-0.0177,0.5488,-0.0463,0.0848,True,classificada — no sinal operável
EXPE_2021Q3,EXPE,2021-11-04,3.0,11.0,0.3575,0.046,0.5771,-0.0737,0.0336,True,classificada — no sinal operável
EXPE_2021Q4,EXPE,2022-02-10,3.0,12.0,0.2975,-0.03,0.5784,-0.143,-0.3859,True,classificada — no sinal operável
EXPE_2022Q1,EXPE,2022-05-02,3.0,12.0,0.3054,-0.0109,0.5459,-0.2504,-0.3831,True,classificada — no sinal operável
EXPE_2022Q2,EXPE,2022-08-04,3.0,11.0,0.3613,-0.0121,0.714,-0.0459,-0.1558,True,classificada — no sinal operável
EXPE_2022Q3,EXPE,2022-11-03,3.0,12.0,0.3784,-0.0203,0.6294,0.0766,0.2735,True,classificada — no sinal operável
EXPE_2022Q4,EXPE,2023-02-09,3.0,10.0,0.4113,0.0186,0.7623,-0.1473,-0.1812,True,classificada — no sinal operável
EXPE_2023Q1,EXPE,2023-05-04,3.0,7.0,0.3484,-0.0059,0.6208,0.133,0.0937,True,classificada — no sinal operável
EXPE_2023Q2,EXPE,2023-08-03,3.0,10.0,0.3457,0.0071,0.5961,0.0839,-0.0774,True,classificada — no sinal operável
EXPE_2023Q3,EXPE,2023-11-02,3.0,12.0,0.355,-0.0018,0.6517,0.2946,0.4047,True,classificada — no sinal operável
EXPE_2023Q4,EXPE,2024-02-08,3.0,7.0,0.3619,0.0121,0.7007,0.0484,-0.1384,True,classificada — no sinal operável
EXPE_2024Q1,EXPE,2024-05-02,5.0,12.0,0.2382,-0.0829,0.4361,-0.0675,-0.0558,True,classificada — no sinal operável
EXPE_2024Q2,EXPE,2024-08-08,3.0,12.0,0.3271,-0.0348,0.555,0.022,0.3219,True,classificada — no sinal operável
EXPE_2024Q3,EXPE,2024-11-07,4.0,8.0,0.4022,0.0042,0.7967,0.0467,0.0891,True,classificada — no sinal operável
EXPE_2024Q4,EXPE,2025-02-06,4.0,2.0,0.2422,-0.1291,0.6308,-0.0912,-0.1303,True,classificada — no sinal operável
EXPE_2025Q1,EXPE,2025-05-08,3.0,9.0,0.3536,0.0001,0.5567,0.1602,0.2827,True,classificada — no sinal operável
FFIV_2010Q1,FFIV,2010-01-20,5.0,16.0,0.2649,0.0248,0.3133,-0.0079,0.2091,True,classificada — no sinal operável
FFIV_2011Q3,FFIV,2011-07-20,5.0,16.0,0.3397,0.0738,0.408,-0.3065,-0.1392,True,classificada — no sinal operável
FFIV_2011Q4,FFIV,2011-10-26,5.0,12.0,0.3279,0.0931,0.5082,-0.0525,0.1663,True,classificada — no sinal operável
FFIV_2012Q1,FFIV,2012-01-18,5.0,19.0,0.4234,0.2089,0.6571,0.0758,0.0485,True,classificada — no sinal operável
FFIV_2012Q2,FFIV,2012-04-19,3.0,17.0,0.3526,0.0892,0.5285,-0.1591,-0.2334,True,classificada — no sinal operável
FFIV_2012Q3,FFIV,2012-07-19,5.0,16.0,0.3434,0.0975,0.4597,0.0202,-0.0412,True,classificada — no sinal operável
FFIV_2012Q4,FFIV,2012-10-24,5.0,14.0,0.365,0.0717,0.4169,0.1091,0.2658,True,classificada — no sinal operável
FFIV_2013Q1,FFIV,2013-01-23,5.0,17.0,0.4043,0.1504,0.4064,-0.0188,-0.2976,True,classificada — no sinal operável
FFIV_2013Q2,FFIV,2013-04-24,5.0,13.0,0.2846,0.0464,0.3767,0.0592,0.0618,True,classificada — no sinal operável
FFIV_2013Q3,FFIV,2013-07-24,5.0,11.0,0.3483,0.0964,0.5406,-0.0032,0.0305,True,classificada — no sinal operável
FFIV_2013Q4,FFIV,2013-10-23,5.0,11.0,0.381,0.0483,0.5762,-0.0583,0.1916,True,classificada — no sinal operável
FFIV_2014Q1,FFIV,2014-01-22,5.0,14.0,0.4073,0.12,0.5774,0.0212,0.0019,True,classificada — no sinal operável
FFIV_2014Q2,FFIV,2014-04-24,3.0,11.0,0.3649,0.0917,0.5571,0.023,0.075,True,classificada — no sinal operável
FFIV_2014Q3,FFIV,2014-07-23,5.0,13.0,0.3805,0.1341,0.5277,0.0852,0.0365,True,classificada — no sinal operável
FFIV_2014Q4,FFIV,2014-10-29,5.0,14.0,0.3799,0.0979,0.5332,0.0503,-0.0925,True,classificada — no sinal operável
FFIV_2015Q1,FFIV,2015-01-21,5.0,13.0,0.3596,0.0441,0.4059,0.0986,0.1083,True,classificada — no sinal operável
FFIV_2015Q2,FFIV,2015-04-22,6.0,11.0,0.2966,0.0038,0.4119,0.0781,0.0067,True,classificada — no sinal operável
FFIV_2015Q3,FFIV,2015-07-22,5.0,12.0,0.2803,0.0413,0.486,-0.0142,-0.0654,True,classificada — no sinal operável
FFIV_2015Q4,FFIV,2015-10-28,5.0,11.0,0.3709,0.0992,0.555,-0.0465,-0.1318,True,classificada — no sinal operável
FFIV_2016Q1,FFIV,2016-01-20,5.0,13.0,0.2868,0.0319,0.444,-0.0194,0.0281,True,classificada — no sinal operável
FFIV_2016Q2,FFIV,2016-04-20,5.0,13.0,0.2637,0.0406,0.3406,0.0392,0.204,True,classificada — no sinal operável
FFIV_2016Q3,FFIV,2016-07-20,5.0,10.0,0.307,0.0432,0.405,0.0145,-0.0355,True,classificada — no sinal operável
FFIV_2016Q4,FFIV,2016-10-26,5.0,13.0,0.3751,0.0892,0.5887,0.1095,0.0434,True,classificada — no sinal operável
FFIV_2017Q1,FFIV,2017-01-25,5.0,13.0,0.3368,0.0426,0.5473,0.0367,-0.0144,True,classificada — no sinal operável
FFIV_2017Q2,FFIV,2017-04-26,5.0,11.0,0.3531,0.0218,0.4229,0.0125,0.0174,True,classificada — no sinal operável
FFIV_2017Q3,FFIV,2017-07-26,5.0,10.0,0.2512,-0.0402,0.3021,-0.0062,0.0076,True,classificada — no sinal operável
FFIV_2017Q4,FFIV,2017-10-25,6.0,9.0,0.3842,0.0312,0.5769,0.0309,0.1568,True,classificada — no sinal operável
FFIV_2018Q1,FFIV,2018-01-24,5.0,10.0,0.3268,0.028,0.5106,0.0212,0.0887,True,classificada — no sinal operável
FFIV_2018Q2,FFIV,2018-04-25,5.0,10.0,0.3571,0.0801,0.5714,0.0864,0.0976,True,classificada — no sinal operável
FFIV_2018Q3,FFIV,2018-07-25,5.0,9.0,0.3401,0.0493,0.5182,0.0371,-0.0573,True,classificada — no sinal operável
FFIV_2018Q4,FFIV,2018-10-24,5.0,10.0,0.3071,0.0041,0.4282,-0.0385,-0.0921,True,classificada — no sinal operável
FFIV_2019Q1,FFIV,2019-01-23,3.0,12.0,0.3545,0.0463,0.5495,0.1331,0.0816,True,classificada — no sinal operável
FFIV_2019Q2,FFIV,2019-04-24,3.0,10.0,0.3444,0.0087,0.4699,-0.1223,-0.0503,True,classificada — no sinal operável
FFIV_2019Q3,FFIV,2019-07-24,3.0,8.0,0.2803,-0.0274,0.4481,-0.1142,-0.0474,True,classificada — no sinal operável
FFIV_2019Q4,FFIV,2019-10-23,3.0,9.0,0.3335,0.0545,0.5888,-0.0493,-0.0945,True,classificada — no sinal operável
FFIV_2020Q1,FFIV,2020-01-27,4.0,10.0,0.3166,-0.0661,0.6788,0.0113,0.047,True,classificada — no sinal operável
FFIV_2020Q2,FFIV,2020-04-27,3.0,9.0,0.3079,0.0051,0.5385,-0.0175,0.0229,True,classificada — no sinal operável
FFIV_2020Q3,FFIV,2020-07-27,3.0,8.0,0.3266,0.0003,0.6155,-0.076,-0.1132,True,classificada — no sinal operável
FFIV_2020Q4,FFIV,2020-10-26,3.0,8.0,0.3558,0.0322,0.6149,0.2805,0.6465,True,classificada — no sinal operável
FFIV_2021Q1,FFIV,2021-01-26,4.0,10.0,0.3795,0.1682,0.3229,-0.0661,0.009,True,classificada — no sinal operável
FFIV_2021Q2,FFIV,2021-04-27,4.0,9.0,0.3045,0.041,0.2918,-0.0252,0.0775,True,classificada — no sinal operável
FFIV_2021Q3,FFIV,2021-07-26,3.0,10.0,0.3547,0.0372,0.6659,-0.0046,0.0081,True,classificada — no sinal operável
FFIV_2021Q4,FFIV,2021-10-26,3.0,10.0,0.3562,0.0708,0.6043,0.1017,0.0549,True,classificada — no sinal operável
FFIV_2022Q1,FFIV,2022-01-25,3.0,8.0,0.2411,-0.0534,0.2969,0.0176,-0.0056,True,classificada — no sinal operável
FFIV_2022Q2,FFIV,2022-04-26,3.0,9.0,0.3239,0.1066,0.1136,-0.0897,-0.0468,True,classificada — no sinal operável
FFIV_2022Q3,FFIV,2022-07-25,3.0,10.0,0.2626,-0.0386,0.417,-0.0005,-0.11,True,classificada — no sinal operável
FFIV_2022Q4,FFIV,2022-10-25,6.0,7.0,0.3516,-0.0049,0.4975,0.1053,0.0491,True,classificada — no sinal operável
FFIV_2023Q1,FFIV,2023-01-24,3.0,12.0,0.281,-0.0297,0.3628,0.0361,-0.0604,True,classificada — no sinal operável
FFIV_2023Q2,FFIV,2023-04-19,3.0,7.0,0.2575,0.0135,0.2572,0.109,0.1645,True,classificada — no sinal operável
FFIV_2023Q3,FFIV,2023-07-24,3.0,9.0,0.308,-0.0013,0.3725,-0.0538,-0.1007,True,classificada — no sinal operável
FFIV_2023Q4,FFIV,2023-10-24,3.0,9.0,0.3177,-0.0027,0.5085,0.1358,0.2552,True,classificada — no sinal operável
FFIV_2024Q1,FFIV,2024-01-29,3.0,9.0,0.2725,-0.0604,0.5541,-0.0476,-0.066,True,classificada — no sinal operável
FFIV_2024Q2,FFIV,2024-04-29,3.0,9.0,0.1963,-0.0132,0.0866,0.0369,0.2367,True,classificada — no sinal operável
FFIV_2024Q3,FFIV,2024-07-29,3.0,7.0,0.3363,0.0071,0.5277,0.0004,0.0863,True,classificada — no sinal operável
FFIV_2024Q4,FFIV,2024-10-28,4.0,8.0,0.3413,-0.0161,0.7723,0.0409,0.2456,True,classificada — no sinal operável
FFIV_2025Q1,FFIV,2025-01-28,3.0,11.0,0.3502,0.0445,0.6007,-0.0522,-0.1442,True,classificada — no sinal operável
FFIV_2025Q2,FFIV,2025-04-28,3.0,9.0,0.3606,0.005,0.6297,0.0895,0.1508,True,classificada — no sinal operável
FI_2012Q1,FI,2012-04-30,3.0,11.0,0.3359,-0.0133,0.5263,-0.0559,0.0226,True,classificada — no sinal operável
FI_2012Q2,FI,2012-07-29,3.0,10.0,0.3347,-0.0207,0.6416,-0.0245,0.038,True,classificada — no sinal operável
FI_2012Q3,FI,2012-10-30,3.0,5.0,0.3713,-0.002,0.6785,0.0201,0.0761,True,classificada — no sinal operável
FI_2012Q4,FI,2013-02-05,3.0,12.0,0.3426,-0.0027,0.6249,0.0424,0.0911,True,classificada — no sinal operável
FI_2013Q1,FI,2013-04-30,3.0,8.0,0.3551,0.0382,0.6186,0.0192,0.0654,True,classificada — no sinal operável
FI_2013Q2,FI,2013-07-30,3.0,12.0,0.3495,0.0249,0.6258,0.0051,0.1142,True,classificada — no sinal operável
FI_2013Q3,FI,2013-10-29,5.0,9.0,0.2888,-0.0684,0.4922,0.0498,0.0764,True,classificada — no sinal operável
FI_2013Q4,FI,2014-02-05,3.0,9.0,0.3639,0.0465,0.6346,0.0681,0.121,True,classificada — no sinal operável
FI_2014Q1,FI,2014-04-29,3.0,11.0,0.3214,0.0506,0.5551,0.0381,0.0737,True,classificada — no sinal operável
FI_2014Q2,FI,2014-07-29,3.0,6.0,0.3766,0.0614,0.6911,0.0441,0.0758,True,classificada — no sinal operável
FI_2014Q3,FI,2014-10-28,3.0,10.0,0.372,0.0357,0.6846,0.0311,0.0743,True,classificada — no sinal operável
FI_2014Q4,FI,2015-02-03,4.0,11.0,0.4143,0.0963,0.6249,0.0528,0.0463,True,classificada — no sinal operável
FI_2015Q1,FI,2015-05-05,3.0,9.0,0.3805,0.0193,0.6706,0.0218,0.118,True,classificada — no sinal operável
FI_2015Q2,FI,2015-07-29,3.0,11.0,0.343,0.0616,0.5992,-0.0023,0.0999,True,classificada — no sinal operável
FI_2015Q3,FI,2015-10-27,4.0,7.0,0.3703,0.0481,0.6481,-0.008,-0.0537,True,classificada — no sinal operável
FI_2015Q4,FI,2016-02-02,4.0,11.0,0.3508,0.0275,0.5188,0.0241,0.0388,True,classificada — no sinal operável
FI_2016Q1,FI,2016-05-05,5.0,7.0,0.3936,0.0093,0.5001,0.0793,0.0686,True,classificada — no sinal operável
FI_2016Q2,FI,2016-08-02,3.0,11.0,0.3267,0.0486,0.6095,-0.0342,-0.077,True,classificada — no sinal operável
FI_2016Q3,FI,2016-10-25,3.0,11.0,0.3367,0.0609,0.474,0.0811,0.0836,True,classificada — no sinal operável
FI_2016Q4,FI,2017-02-07,3.0,13.0,0.3508,0.0599,0.5026,0.1017,0.1231,True,classificada — no sinal operável
FI_2017Q1,FI,2017-04-25,3.0,8.0,0.3844,0.037,0.6492,0.0277,0.0581,True,classificada — no sinal operável
FI_2017Q2,FI,2017-07-31,3.0,12.0,0.344,0.0748,0.601,-0.0432,0.0125,True,classificada — no sinal operável
FI_2017Q3,FI,2017-10-31,3.0,11.0,0.3484,-0.003,0.5524,0.0601,0.1298,True,classificada — no sinal operável
FI_2017Q4,FI,2018-02-07,4.0,12.0,0.3421,0.0437,0.5106,0.0428,0.0058,True,classificada — no sinal operável
FI_2018Q1,FI,2018-05-01,3.0,10.0,0.3212,-0.0189,0.513,0.0225,0.0631,True,classificada — no sinal operável
FI_2018Q2,FI,2018-07-31,3.0,11.0,0.3054,-0.0129,0.4801,0.0551,0.0225,True,classificada — no sinal operável
FI_2018Q3,FI,2018-10-31,3.0,9.0,0.3197,-0.0442,0.5062,0.068,0.135,True,classificada — no sinal operável
FI_2018Q4,FI,2019-02-07,3.0,11.0,0.3819,0.062,0.6505,0.0255,0.0095,True,classificada — no sinal operável
FI_2019Q1,FI,2019-04-30,3.0,12.0,0.3815,0.0196,0.649,0.0161,0.2118,True,classificada — no sinal operável
FI_2019Q2,FI,2019-07-26,3.0,12.0,0.3424,0.0515,0.5585,0.0357,0.0072,True,classificada — no sinal operável
FI_2019Q3,FI,2019-11-06,4.0,9.0,0.3404,0.0116,0.7526,0.0601,0.1283,True,classificada — no sinal operável
FI_2019Q4,FI,2020-02-03,,,,,0.7274,-0.0925,-0.1786,False,sem distância de tom: <2 gestores identificados ou Q&A não detectado
FI_2020Q1,FI,2020-05-08,4.0,9.0,0.3257,0.0163,0.6073,0.0314,-0.002,True,classificada — no sinal operável
FI_2020Q2,FI,2020-08-05,4.0,11.0,0.3533,-0.0068,0.7557,-0.0024,-0.0193,True,classificada — no sinal operável
FI_2020Q3,FI,2020-10-28,4.0,8.0,0.3577,0.0325,0.7515,0.234,0.0969,True,classificada — no sinal operável
FI_2020Q4,FI,2021-02-09,3.0,7.0,0.4078,0.0465,0.7858,0.0892,0.0077,True,classificada — no sinal operável
FI_2021Q1,FI,2021-04-27,3.0,9.0,0.4108,0.0846,0.7323,-0.0732,-0.1081,True,classificada — no sinal operável
FI_2021Q2,FI,2021-07-27,3.0,8.0,0.3875,0.0995,0.7285,0.0497,-0.025,True,classificada — no sinal operável
FI_2021Q3,FI,2021-10-27,8.0,10.0,0.3598,0.1081,0.3012,-0.0719,-0.0657,True,classificada — no sinal operável
FI_2021Q4,FI,2022-02-08,3.0,8.0,0.2365,-0.0409,0.3478,-0.0341,-0.0606,True,classificada — no sinal operável
FI_2022Q1,FI,2022-04-27,5.0,7.0,0.2689,-0.0459,0.4536,-0.0131,0.0577,True,classificada — no sinal operável
FI_2022Q2,FI,2022-07-26,14.0,2.0,0.382,-0.0237,0.562,0.0608,-0.0319,True,classificada — no sinal operável
FI_2022Q3,FI,2022-10-26,,,,,0.8203,0.0687,0.1104,False,sem distância de tom: <2 gestores identificados ou Q&A não detectado
FI_2022Q4,FI,2023-02-06,3.0,8.0,0.3935,0.0771,0.8022,0.0716,0.0938,True,classificada — no sinal operável
FI_2023Q1,FI,2023-04-25,5.0,6.0,0.3256,0.0646,0.3325,-0.0247,0.066,True,classificada — no sinal operável
FI_2023Q2,FI,2023-07-27,,,,,0.7801,-0.0579,-0.0985,False,sem distância de tom: <2 gestores identificados ou Q&A não detectado
FI_2023Q3,FI,2023-10-26,3.0,8.0,0.4002,0.0479,0.7809,0.1026,0.2388,True,classificada — no sinal operável
FI_2023Q4,FI,2024-02-06,9.0,2.0,0.3112,-0.1116,0.7485,0.0637,0.0633,True,classificada — no sinal operável
FI_2024Q1,FI,2024-04-23,3.0,10.0,0.3738,0.0586,0.757,-0.0406,-0.0126,True,classificada — no sinal operável
FI_2024Q2,FI,2024-07-24,,,,,0.8288,0.0521,0.2323,False,sem distância de tom: <2 gestores identificados ou Q&A não detectado
FI_2024Q3,FI,2024-10-22,3.0,9.0,0.3679,0.0544,0.7583,0.1208,0.0759,True,classificada — no sinal operável
FI_2024Q4,FI,2025-02-05,,,,,0.7615,-0.0199,-0.1758,False,sem distância de tom: <2 gestores identificados ou Q&A não detectado
FI_2025Q1,FI,2025-04-24,,,,,0.787,-0.1642,-0.2743,False,sem distância de tom: <2 gestores identificados ou Q&A não detectado
FICO_2020Q1,FICO,2020-01-30,3.0,4.0,0.2057,-0.057,0.3005,-0.0265,-0.1123,True,classificada — no sinal operável
FICO_2020Q2,FICO,2020-04-29,3.0,5.0,0.2101,0.0346,0.0962,0.1121,0.2108,True,classificada — no sinal operável
FICO_2020Q3,FICO,2020-07-29,6.0,3.0,0.1934,-0.0275,0.2173,0.0222,-0.024,True,classificada — no sinal operável
FICO_2020Q4,FICO,2020-11-10,3.0,6.0,0.2198,-0.0205,0.3781,0.1265,0.0452,True,classificada — no sinal operável
FICO_2021Q1,FICO,2021-01-28,3.0,6.0,0.2512,0.0279,0.0848,-0.0136,0.114,True,classificada — no sinal operável
FICO_2021Q2,FICO,2021-05-05,3.0,5.0,0.3355,0.0693,0.4231,-0.0022,0.0201,True,classificada — no sinal operável
FICO_2021Q3,FICO,2021-08-03,1.0,9.0,,,0.3051,-0.0962,-0.2286,False,sem distância de tom: <2 gestores identificados ou Q&A não detectado
FICO_2021Q4,FICO,2021-11-10,3.0,4.0,0.2774,0.0077,0.459,0.0508,0.3328,True,classificada — no sinal operável
FICO_2022Q1,FICO,2022-01-27,3.0,6.0,0.3011,-0.012,0.4682,0.1049,-0.0963,True,classificada — no sinal operável
FICO_2022Q2,FICO,2022-04-27,3.0,5.0,0.341,-0.0061,0.5405,0.0143,0.1523,True,classificada — no sinal operável
FICO_2022Q3,FICO,2022-08-03,4.0,5.0,0.3694,0.0989,0.3952,-0.0775,-0.0081,True,classificada — no sinal operável
FICO_2022Q4,FICO,2022-11-09,3.0,6.0,0.2989,0.0028,0.4688,0.1706,0.2929,True,classificada — no sinal operável
FICO_2023Q1,FICO,2023-01-27,2.0,7.0,0.1638,-0.1502,0.4513,0.0293,0.1061,True,classificada — no sinal operável
FICO_2023Q2,FICO,2023-04-27,2.0,7.0,0.1266,-0.1618,0.4573,0.1007,0.147,True,classificada — no sinal operável
FICO_2023Q3,FICO,2023-08-02,2.0,7.0,0.2416,-0.0204,0.5381,0.0642,-0.0049,True,classificada — no sinal operável
FICO_2023Q4,FICO,2023-11-08,3.0,5.0,0.3048,-0.0389,0.6122,0.2587,0.4688,True,classificada — no sinal operável
FICO_2024Q1,FICO,2024-01-25,3.0,8.0,0.1283,-0.07,0.0203,0.0427,-0.0339,True,classificada — no sinal operável
FICO_2024Q2,FICO,2024-04-25,3.0,8.0,0.0933,-0.0999,-0.0405,0.218,0.4126,True,classificada — no sinal operável
FICO_2024Q3,FICO,2024-07-31,3.0,10.0,0.3055,-0.0144,0.3809,0.102,0.3005,True,classificada — no sinal operável
FICO_2024Q4,FICO,2024-11-06,3.0,12.0,0.2755,-0.0363,0.4437,0.1168,-0.1255,True,classificada — no sinal operável
FICO_2025Q1,FICO,2025-02-04,3.0,13.0,0.2882,0.0099,0.4223,0.1014,0.2495,True,classificada — no sinal operável
FICO_2025Q2,FICO,2025-04-29,3.0,13.0,0.2619,-0.0331,0.3937,-0.1178,-0.2001,True,classificada — no sinal operável
FIS_2007Q2,FIS,2007-07-26,8.0,8.0,0.3863,,0.6203,-0.0748,-0.1038,False,"distância de tom OK, mas histórico curto para residualizar (<250 calls anteriores)"
FIS_2007Q3,FIS,2007-10-26,6.0,9.0,0.3628,,0.5653,-0.0587,-0.0754,False,"distância de tom OK, mas histórico curto para residualizar (<250 calls anteriores)"
FIS_2007Q4,FIS,2008-02-14,7.0,6.0,0.4112,,0.663,-0.1027,-0.0187,False,"distância de tom OK, mas histórico curto para residualizar (<250 calls anteriores)"
FIS_2008Q1,FIS,2008-04-24,,,,,0.2976,0.0322,-0.0207,False,sem distância de tom: <2 gestores identificados ou Q&A não detectado
FIS_2008Q2,FIS,2008-08-06,2.0,14.0,0.0,-0.1868,0.4506,-0.0392,-0.2262,True,classificada — no sinal operável
FIS_2008Q3,FIS,2008-10-27,6.0,11.0,0.4155,0.1032,0.4987,0.1511,0.2319,True,classificada — no sinal operável
FIS_2008Q4,FIS,2009-02-11,5.0,10.0,0.3487,0.0863,0.439,0.0197,0.074,True,classificada — no sinal operável
FIS_2009Q1,FIS,2009-04-29,6.0,10.0,0.3685,0.1404,0.3283,0.0456,0.2691,True,classificada — no sinal operável
FIS_2009Q2,FIS,2009-07-29,5.0,11.0,0.3501,0.0023,0.4896,0.057,-0.0368,True,classificada — no sinal operável
FIS_2009Q3,FIS,2009-10-21,8.0,10.0,0.3675,0.1411,0.3329,0.0083,0.0476,True,classificada — no sinal operável
FIS_2009Q4,FIS,2010-02-04,6.0,13.0,0.415,0.1887,0.5098,-0.0093,0.2168,True,classificada — no sinal operável
FIS_2010Q1,FIS,2010-04-28,5.0,15.0,0.3689,0.1397,0.4831,0.0559,0.0787,True,classificada — no sinal operável
FIS_2010Q2,FIS,2010-07-20,6.0,12.0,0.2929,0.0405,0.3943,-0.0421,0.0176,True,classificada — no sinal operável
FIS_2010Q3,FIS,2010-10-26,7.0,9.0,0.3803,0.0882,0.5419,-0.0189,0.102,True,classificada — no sinal operável
FIS_2010Q4,FIS,2011-02-09,7.0,9.0,0.3103,-0.0119,0.4472,-0.0101,0.0267,True,classificada — no sinal operável
FIS_2011Q1,FIS,2011-05-03,7.0,8.0,0.3616,0.0045,0.5774,-0.0564,-0.1554,True,classificada — no sinal operável
FIS_2011Q2,FIS,2011-07-19,6.0,7.0,0.4338,0.0684,0.652,-0.0784,-0.1514,True,classificada — no sinal operável
FIS_2011Q3,FIS,2011-11-01,6.0,12.0,0.3588,-0.0094,0.5718,-0.0207,0.1463,True,classificada — no sinal operável
FIS_2011Q4,FIS,2012-02-14,,,,,0.6042,0.0514,0.0393,False,sem distância de tom: <2 gestores identificados ou Q&A não detectado
FIS_2012Q1,FIS,2012-04-26,9.0,9.0,0.3392,-0.0038,0.7004,-0.0301,-0.0574,True,classificada — no sinal operável
FIS_2012Q2,FIS,2012-07-17,6.0,8.0,0.3869,0.0205,0.6088,-0.0861,-0.0366,True,classificada — no sinal operável
FIS_2012Q3,FIS,2012-11-05,,,,,0.6414,0.0734,0.0999,False,sem distância de tom: <2 gestores identificados ou Q&A não detectado
FIS_2013Q1,FIS,2013-04-30,6.0,10.0,0.4041,0.063,0.6578,0.0918,0.032,True,classificada — no sinal operável
FIS_2013Q2,FIS,2013-07-30,7.0,8.0,0.3764,0.0534,0.5155,0.0317,0.0982,True,classificada — no sinal operável
FIS_2013Q3,FIS,2013-10-29,6.0,12.0,0.3949,0.0585,0.587,0.0317,0.0541,True,classificada — no sinal operável
FIS_2013Q4,FIS,2014-02-04,3.0,13.0,0.0167,-0.1908,0.6625,0.0922,0.0588,True,classificada — no sinal operável
FIS_2014Q1,FIS,2014-05-01,7.0,8.0,0.3672,-0.0083,0.6271,0.0069,0.0534,True,classificada — no sinal operável
FIS_2014Q2,FIS,2014-07-29,7.0,12.0,0.3996,0.0557,0.6244,0.009,-0.0118,True,classificada — no sinal operável
FIS_2014Q3,FIS,2014-10-30,6.0,6.0,0.4403,0.0976,0.7309,0.0557,0.0869,True,classificada — no sinal operável
FIS_2014Q4,FIS,2015-02-05,5.0,7.0,0.354,0.0347,0.5396,0.0401,0.0041,True,classificada — no sinal operável
FIS_2015Q1,FIS,2015-04-30,6.0,10.0,0.2537,-0.0038,0.3287,-0.0013,0.0545,True,classificada — no sinal operável
FIS_2015Q2,FIS,2015-07-23,6.0,6.0,0.3384,0.0085,0.5881,0.1089,0.1197,True,classificada — no sinal operável
FIS_2015Q3,FIS,2015-11-03,3.0,8.0,0.2798,0.0328,0.2968,-0.0064,-0.0632,True,classificada — no sinal operável
FIS_2015Q4,FIS,2016-02-09,3.0,9.0,0.3585,0.0186,0.5018,0.0634,0.281,True,classificada — no sinal operável
FIS_2016Q1,FIS,2016-05-03,,,,,0.5911,0.0609,0.1084,False,sem distância de tom: <2 gestores identificados ou Q&A não detectado
FIS_2016Q2,FIS,2016-07-26,4.0,5.0,0.3179,-0.0409,0.7564,-0.0178,-0.0598,True,classificada — no sinal operável
FIS_2016Q3,FIS,2016-11-01,5.0,9.0,0.3459,-0.0002,0.643,-0.0115,0.0356,True,classificada — no sinal operável
FIS_2016Q4,FIS,2017-02-07,2.0,13.0,0.0003,-0.1585,0.5087,0.051,0.0698,True,classificada — no sinal operável
FIS_2017Q1,FIS,2017-05-02,5.0,11.0,0.4047,0.0611,0.6245,0.0547,0.1205,True,classificada — no sinal operável
FIS_2017Q2,FIS,2017-08-02,6.0,10.0,0.3329,0.0056,0.5844,0.0204,0.0219,True,classificada — no sinal operável
FIS_2017Q3,FIS,2017-10-31,5.0,10.0,0.38,0.0932,0.6238,0.0022,0.0882,True,classificada — no sinal operável
FIS_2017Q4,FIS,2018-02-06,6.0,9.0,0.2754,-0.0784,0.5544,0.037,0.0813,True,classificada — no sinal operável
FIS_2018Q1,FIS,2018-05-01,2.0,13.0,0.0004,-0.1348,0.7148,0.0247,0.0369,True,classificada — no sinal operável
FIS_2018Q2,FIS,2018-07-31,6.0,9.0,0.3776,0.0369,0.6714,0.0464,-0.0373,True,classificada — no sinal operável
FIS_2018Q3,FIS,2018-10-30,5.0,6.0,0.4278,0.0817,0.7397,0.01,0.026,True,classificada — no sinal operável
FIS_2018Q4,FIS,2019-02-12,4.0,9.0,0.5018,0.1778,0.7309,0.0064,0.0918,True,classificada — no sinal operável
FIS_2019Q1,FIS,2019-04-30,3.0,9.0,0.4073,0.0699,0.7669,0.0327,0.1581,True,classificada — no sinal operável
FIS_2019Q2,FIS,2019-08-06,4.0,10.0,0.3032,-0.0336,0.6952,0.0777,0.018,True,classificada — no sinal operável
FIS_2019Q3,FIS,2019-11-05,3.0,15.0,0.4081,0.0886,0.7297,0.0373,0.119,True,classificada — no sinal operável
FIS_2019Q4,FIS,2020-02-13,,,,,0.751,-0.2962,-0.157,False,sem distância de tom: <2 gestores identificados ou Q&A não detectado
FIS_2020Q1,FIS,2020-05-07,,,,,0.6631,0.087,0.1236,False,sem distância de tom: <2 gestores identificados ou Q&A não detectado
FIS_2020Q2,FIS,2020-08-04,3.0,9.0,0.3594,0.0458,0.6994,0.049,-0.1631,True,classificada — no sinal operável
FIS_2020Q3,FIS,2020-10-29,3.0,10.0,0.282,0.0584,0.3554,0.1923,0.0407,True,classificada — no sinal operável
FIS_2020Q4,FIS,2021-02-09,4.0,10.0,0.38,0.1159,0.5374,0.0895,0.1119,True,classificada — no sinal operável
FIS_2021Q1,FIS,2021-05-06,2.0,14.0,0.0586,-0.1907,0.7203,-0.0564,-0.1462,True,classificada — no sinal operável
FIS_2021Q2,FIS,2021-08-03,3.0,9.0,0.4153,0.103,0.7847,-0.0045,-0.1196,True,classificada — no sinal operável
FIS_2021Q3,FIS,2021-11-04,1.0,10.0,,,0.7464,-0.0563,0.0067,False,sem distância de tom: <2 gestores identificados ou Q&A não detectado
FIS_2021Q4,FIS,2022-02-15,6.0,8.0,0.3626,0.0084,0.6436,-0.0675,-0.0372,True,classificada — no sinal operável
FIS_2022Q1,FIS,2022-05-03,4.0,10.0,0.2813,-0.0174,0.6035,0.058,0.0422,True,classificada — no sinal operável
FIS_2022Q2,FIS,2022-08-04,6.0,7.0,0.363,-0.0017,0.6756,-0.0566,-0.1622,True,classificada — no sinal operável
FIS_2022Q3,FIS,2022-11-03,,,,,0.3849,0.2651,0.2776,False,sem distância de tom: <2 gestores identificados ou Q&A não detectado
FIS_2022Q4,FIS,2023-02-13,3.0,11.0,0.3486,0.0096,0.5527,-0.213,-0.1525,True,classificada — no sinal operável
FIS_2023Q1,FIS,2023-04-27,3.0,11.0,0.4045,0.0344,0.7328,-0.0494,0.0511,True,classificada — no sinal operável
FIS_2023Q2,FIS,2023-08-02,3.0,11.0,0.3404,0.009,0.5933,-0.0558,-0.162,True,classificada — no sinal operável
FIS_2023Q3,FIS,2023-11-07,3.0,7.0,0.4019,0.0275,0.7482,0.1667,0.2166,True,classificada — no sinal operável
FIS_2023Q4,FIS,2024-02-26,3.0,8.0,0.383,0.0321,0.7554,0.0741,0.1557,True,classificada — no sinal operável
FIS_2024Q1,FIS,2024-05-06,,,,,0.6227,0.0405,0.0534,False,sem distância de tom: <2 gestores identificados ou Q&A não detectado
FIS_2024Q2,FIS,2024-08-06,3.0,11.0,0.3701,0.0732,0.666,0.0604,0.1585,True,classificada — no sinal operável
FIS_2024Q3,FIS,2024-11-04,3.0,11.0,0.3201,0.0296,0.5756,-0.0518,-0.0745,True,classificada — no sinal operável
FIS_2024Q4,FIS,2025-02-11,,,,,0.7506,-0.0218,0.0894,False,sem distância de tom: <2 gestores identificados ou Q&A não detectado
FIS_2025Q1,FIS,2025-05-06,3.0,9.0,0.4182,0.0291,0.7807,0.0564,-0.0786,True,classificada — no sinal operável
FSLR_2009Q1,FSLR,2009-04-29,5.0,12.0,0.1812,-0.0714,0.2922,0.0874,-0.0401,True,classificada — no sinal operável
FSLR_2009Q2,FSLR,2009-07-30,5.0,15.0,0.1905,-0.0352,0.093,-0.1986,-0.0221,True,classificada — no sinal operável
FSLR_2009Q3,FSLR,2009-10-28,9.0,13.0,0.3355,0.0806,0.3491,-0.0577,-0.1125,True,classificada — no sinal operável
FSLR_2009Q4,FSLR,2010-02-18,6.0,11.0,0.3004,0.064,0.4599,-0.029,-0.0573,True,classificada — no sinal operável
FSLR_2010Q1,FSLR,2010-04-29,6.0,18.0,0.4266,0.1407,0.4055,-0.2441,-0.0885,True,classificada — no sinal operável
FSLR_2010Q2,FSLR,2010-07-30,5.0,18.0,0.312,0.1034,0.4757,-0.0005,0.1964,True,classificada — no sinal operável
FSLR_2010Q3,FSLR,2010-10-28,5.0,18.0,0.2613,-0.0556,0.4141,-0.1207,0.0599,True,classificada — no sinal operável
FSLR_2010Q4,FSLR,2011-02-24,6.0,15.0,0.3593,0.1129,0.5448,-0.0685,-0.2532,True,classificada — no sinal operável
FSLR_2011Q1,FSLR,2011-05-03,11.0,6.0,0.1328,-0.1207,0.3118,-0.0479,-0.0914,True,classificada — no sinal operável
FSLR_2011Q2,FSLR,2011-08-04,5.0,22.0,0.2391,-0.0204,0.3727,-0.146,-0.5523,True,classificada — no sinal operável
FSLR_2011Q3,FSLR,2011-11-03,3.0,14.0,0.2187,-0.1126,0.3447,-0.0191,-0.045,True,classificada — no sinal operável
FSLR_2011Q4,FSLR,2012-02-28,5.0,16.0,0.1746,-0.0721,0.1092,-0.2561,-0.5777,True,classificada — no sinal operável
FSLR_2012Q1,FSLR,2012-05-03,,,,,0.1621,-0.3373,-0.0324,False,sem distância de tom: <2 gestores identificados ou Q&A não detectado
FSLR_2012Q2,FSLR,2012-08-01,12.0,11.0,0.3428,0.0634,0.3594,0.1571,0.4559,True,classificada — no sinal operável
FSLR_2012Q3,FSLR,2012-11-02,5.0,12.0,0.2062,-0.0279,0.2347,0.3131,0.2869,True,classificada — no sinal operável
FSLR_2013Q1,FSLR,2013-05-06,4.0,12.0,0.2319,-0.0208,0.2425,0.0946,0.0266,True,classificada — no sinal operável
FSLR_2013Q2,FSLR,2013-08-06,7.0,9.0,0.2504,-0.0585,0.4643,-0.0903,0.4662,True,classificada — no sinal operável
FSLR_2013Q3,FSLR,2013-10-31,5.0,12.0,0.3092,0.014,0.5254,0.0749,-0.131,True,classificada — no sinal operável
FSLR_2013Q4,FSLR,2014-02-25,6.0,6.0,0.2152,-0.0788,0.4162,0.3657,0.2215,True,classificada — no sinal operável
FSLR_2014Q1,FSLR,2014-05-06,5.0,8.0,0.3797,0.035,0.618,-0.0558,-0.0611,True,classificada — no sinal operável
FSLR_2014Q2,FSLR,2014-08-05,,,,,0.4,0.16,-0.0546,False,sem distância de tom: <2 gestores identificados ou Q&A não detectado
FSLR_2014Q3,FSLR,2014-11-06,3.0,13.0,0.2856,-0.0427,0.4285,-0.1531,-0.1212,True,classificada — no sinal operável
FSLR_2014Q4,FSLR,2015-02-24,,,,,0.4305,0.0702,-0.0907,False,sem distância de tom: <2 gestores identificados ou Q&A não detectado
FSLR_2015Q1,FSLR,2015-04-30,4.0,11.0,0.2927,0.0068,0.4422,-0.1322,-0.212,True,classificada — no sinal operável
FSLR_2015Q2,FSLR,2015-08-04,5.0,9.0,0.2754,-0.0478,0.456,-0.0431,0.1528,True,classificada — no sinal operável
FSLR_2015Q3,FSLR,2015-10-29,5.0,10.0,0.3575,0.0368,0.6051,-0.0069,0.2149,True,classificada — no sinal operável
FSLR_2015Q4,FSLR,2016-02-23,5.0,10.0,0.3548,0.027,0.601,0.0668,-0.2333,True,classificada — no sinal operável
FSLR_2016Q1,FSLR,2016-04-27,5.0,10.0,0.2303,-0.0504,0.3524,-0.1578,-0.1778,True,classificada — no sinal operável
FSLR_2016Q2,FSLR,2016-08-04,5.0,8.0,0.2526,-0.0788,0.4327,-0.135,-0.0807,True,classificada — no sinal operável
FSLR_2016Q3,FSLR,2016-11-02,5.0,10.0,0.2421,-0.0526,0.3788,-0.2169,-0.1649,True,classificada — no sinal operável
FSLR_2016Q4,FSLR,2017-02-21,5.0,6.0,0.2254,-0.0613,0.3804,-0.187,0.0259,True,classificada — no sinal operável
FSLR_2017Q1,FSLR,2017-05-03,6.0,8.0,0.2684,-0.029,0.4932,0.0983,0.3934,True,classificada — no sinal operável
FSLR_2017Q2,FSLR,2017-07-28,,,,,0.4391,-0.0182,-0.0202,False,sem distância de tom: <2 gestores identificados ou Q&A não detectado
FSLR_2017Q3,FSLR,2017-10-26,5.0,9.0,0.2653,-0.0401,0.4261,0.1833,0.3119,True,classificada — no sinal operável
FSLR_2017Q4,FSLR,2018-02-22,5.0,7.0,0.2533,-0.111,0.4944,0.0776,0.0436,True,classificada — no sinal operável
FSLR_2020Q1,FSLR,2020-05-08,5.0,2.0,0.3665,0.1267,0.2306,0.2184,0.6746,True,classificada — no sinal operável
FSLR_2020Q2,FSLR,2020-08-06,3.0,6.0,0.2555,-0.0136,0.3441,0.0428,0.1546,True,classificada — no sinal operável
FSLR_2020Q3,FSLR,2020-10-27,3.0,4.0,0.2526,-0.0571,0.5109,0.0013,0.1383,True,classificada — no sinal operável
FSLR_2020Q4,FSLR,2021-02-26,3.0,3.0,0.3072,-0.0644,0.6396,-0.0075,-0.0645,True,classificada — no sinal operável
FSLR_2021Q1,FSLR,2021-04-30,3.0,5.0,0.2196,-0.1292,0.4423,-0.0095,0.1085,True,classificada — no sinal operável
FSLR_2021Q2,FSLR,2021-07-29,3.0,4.0,0.2509,-0.0368,0.3854,0.152,0.3446,True,classificada — no sinal operável
FSLR_2021Q3,FSLR,2021-11-04,3.0,5.0,0.2577,0.01,0.3171,-0.129,-0.376,True,classificada — no sinal operável
FSLR_2021Q4,FSLR,2022-03-01,3.0,5.0,0.2186,-0.0365,0.298,0.2445,0.0724,True,classificada — no sinal operável
FSLR_2022Q1,FSLR,2022-04-28,3.0,5.0,0.2107,-0.0086,0.2436,-0.0145,0.3572,True,classificada — no sinal operável
FSLR_2022Q2,FSLR,2022-07-28,3.0,6.0,0.2619,-0.0505,0.4957,0.3463,0.4531,True,classificada — no sinal operável
FSLR_2022Q3,FSLR,2022-10-28,3.0,8.0,0.215,-0.0826,0.4659,0.2077,0.3256,True,classificada — no sinal operável
FSLR_2022Q4,FSLR,2023-02-28,4.0,5.0,0.2523,-0.0314,0.4245,0.1927,0.121,True,classificada — no sinal operável
FSLR_2023Q1,FSLR,2023-04-27,7.0,3.0,0.1747,-0.0901,0.3909,0.0925,0.1284,True,classificada — no sinal operável
FSLR_2023Q2,FSLR,2023-07-27,3.0,5.0,0.2103,-0.0583,0.3906,-0.2064,-0.323,True,classificada — no sinal operável
FSLR_2023Q3,FSLR,2023-10-31,3.0,8.0,0.2001,-0.0616,0.4069,0.0626,-0.004,True,classificada — no sinal operável
FSLR_2023Q4,FSLR,2024-02-27,,,,,0.3197,0.0877,0.8198,False,sem distância de tom: <2 gestores identificados ou Q&A não detectado
FSLR_2024Q1,FSLR,2024-05-01,,,,,0.3317,0.5221,0.2238,False,sem distância de tom: <2 gestores identificados ou Q&A não detectado
FSLR_2024Q2,FSLR,2024-07-30,3.0,6.0,0.1623,-0.0539,0.2154,0.0384,-0.0686,True,classificada — no sinal operável
FSLR_2024Q3,FSLR,2024-10-29,4.0,4.0,0.2177,-0.0076,0.1623,0.0263,-0.1072,True,classificada — no sinal operável
FSLR_2024Q4,FSLR,2025-02-25,4.0,2.0,0.2049,-0.0511,0.117,-0.1831,0.0069,True,classificada — no sinal operável
FSLR_2025Q1,FSLR,2025-04-29,4.0,4.0,0.1074,-0.1177,0.0927,0.2914,0.4834,True,classificada — no sinal operável
FTNT_2018Q1,FTNT,2018-05-03,5.0,17.0,0.3702,0.0461,0.5583,0.1201,0.3226,True,classificada — no sinal operável
FTNT_2018Q2,FTNT,2018-08-01,5.0,12.0,0.3759,0.0602,0.5663,0.178,0.1199,True,classificada — no sinal operável
FTNT_2018Q3,FTNT,2018-11-01,5.0,15.0,0.3448,0.0512,0.5177,-0.0804,0.0036,True,classificada — no sinal operável
FTNT_2018Q4,FTNT,2019-02-06,3.0,11.0,0.2769,0.0123,0.4407,-0.0041,0.008,True,classificada — no sinal operável
FTNT_2019Q1,FTNT,2019-05-02,3.0,15.0,0.2931,-0.0254,0.458,-0.1906,-0.0817,True,classificada — no sinal operável
FTNT_2019Q2,FTNT,2019-08-02,3.0,16.0,0.31,0.0315,0.5098,-0.0641,-0.0217,True,classificada — no sinal operável
FTNT_2019Q3,FTNT,2019-11-01,3.0,14.0,0.2789,0.023,0.4928,0.1438,0.3232,True,classificada — no sinal operável
FTNT_2019Q4,FTNT,2020-02-07,3.0,16.0,0.3289,0.0759,0.5275,-0.2212,0.1748,True,classificada — no sinal operável
FTNT_2020Q1,FTNT,2020-05-11,3.0,11.0,0.353,0.0565,0.6176,-0.0301,-0.1059,True,classificada — no sinal operável
FTNT_2020Q2,FTNT,2020-08-06,3.0,10.0,0.4021,0.0154,0.7123,-0.1015,-0.1122,True,classificada — no sinal operável
FTNT_2020Q3,FTNT,2020-10-29,3.0,11.0,0.318,0.0381,0.548,0.0436,0.2567,True,classificada — no sinal operável
FTNT_2020Q4,FTNT,2021-02-04,3.0,14.0,0.3499,0.0152,0.5682,0.0558,0.3118,True,classificada — no sinal operável
FTNT_2021Q1,FTNT,2021-04-29,3.0,17.0,0.1902,-0.0452,0.3939,0.1028,0.3838,True,classificada — no sinal operável
FTNT_2021Q2,FTNT,2021-07-29,3.0,16.0,0.34,0.0286,0.625,0.1663,0.1831,True,classificada — no sinal operável
FTNT_2021Q3,FTNT,2021-11-04,13.0,3.0,0.3572,-0.0006,0.6153,-0.1638,-0.0999,True,classificada — no sinal operável
FTNT_2021Q4,FTNT,2022-02-03,3.0,11.0,0.36,0.0795,0.6157,-0.0418,-0.0643,True,classificada — no sinal operável
FTNT_2022Q1,FTNT,2022-05-04,3.0,14.0,0.3198,0.074,0.4913,-0.021,-0.1318,True,classificada — no sinal operável
FTNT_2022Q2,FTNT,2022-08-03,3.0,14.0,0.3105,-0.01,0.4783,-0.1457,-0.0072,True,classificada — no sinal operável
FTNT_2022Q3,FTNT,2022-11-02,3.0,11.0,0.3096,-0.0097,0.4052,0.1769,0.1636,True,classificada — no sinal operável
FTNT_2022Q4,FTNT,2023-02-07,3.0,13.0,0.3092,0.0369,0.4685,-0.0132,0.093,True,classificada — no sinal operável
FTNT_2023Q1,FTNT,2023-05-04,3.0,15.0,0.3527,0.0696,0.5667,0.1732,-0.0655,True,classificada — no sinal operável
FTNT_2023Q2,FTNT,2023-08-03,3.0,9.0,0.2358,-0.0918,0.3402,0.0074,-0.0515,True,classificada — no sinal operável
FTNT_2023Q3,FTNT,2023-11-02,3.0,12.0,0.2977,-0.0009,0.4769,0.1742,0.4852,True,classificada — no sinal operável
FTNT_2023Q4,FTNT,2024-02-06,3.0,12.0,0.3542,0.1111,0.5973,-0.0103,-0.195,True,classificada — no sinal operável
FTNT_2024Q1,FTNT,2024-05-02,3.0,13.0,0.2417,0.028,0.192,-0.0495,-0.0865,True,classificada — no sinal operável
FTNT_2024Q2,FTNT,2024-08-06,3.0,13.0,0.3037,0.0427,0.5513,0.1541,0.2004,True,classificada — no sinal operável
FTNT_2024Q3,FTNT,2024-11-07,3.0,15.0,0.3274,0.0509,0.5271,0.1484,0.282,True,classificada — no sinal operável
FTNT_2024Q4,FTNT,2025-02-06,3.0,15.0,0.3293,0.0477,0.4688,-0.1228,-0.1073,True,classificada — no sinal operável
FTNT_2025Q1,FTNT,2025-05-07,5.0,13.0,0.2885,0.022,0.4734,0.0752,-0.2285,True,classificada — no sinal operável
FTV_2016Q2,FTV,2016-08-02,2.0,10.0,0.4233,,0.5044,0.1103,0.0762,False,"distância de tom OK, mas confundidor ausente (size_proxy)"
FTV_2016Q3,FTV,2016-10-27,2.0,14.0,0.4213,0.1266,0.5855,0.1081,0.1051,True,classificada — no sinal operável
FTV_2016Q4,FTV,2017-02-07,2.0,18.0,0.0,-0.1626,0.4923,0.0568,0.142,True,classificada — no sinal operável
FTV_2017Q1,FTV,2017-04-27,2.0,12.0,0.0003,-0.1555,0.5815,0.0099,-0.0049,True,classificada — no sinal operável
FTV_2017Q2,FTV,2017-07-27,2.0,10.0,0.4155,0.1161,0.6731,0.0198,0.1425,True,classificada — no sinal operável
FTV_2017Q3,FTV,2017-10-27,2.0,16.0,0.0,-0.1519,0.5932,-0.0053,0.0319,True,classificada — no sinal operável
FTV_2017Q4,FTV,2018-02-09,4.0,12.0,0.3349,0.0447,0.647,0.0723,0.0397,True,classificada — no sinal operável
FTV_2018Q1,FTV,2018-04-27,2.0,15.0,0.0004,-0.1439,0.7111,0.034,0.1149,True,classificada — no sinal operável
FTV_2018Q2,FTV,2018-07-26,4.0,13.0,0.3132,0.004,0.5402,-0.0077,-0.0818,True,classificada — no sinal operável
FTV_2018Q3,FTV,2018-10-25,4.0,14.0,0.2688,-0.0301,0.449,-0.0003,0.0074,True,classificada — no sinal operável
FTV_2018Q4,FTV,2019-02-07,2.0,15.0,0.4264,0.1142,0.5326,0.0909,0.0919,True,classificada — no sinal operável
FTV_2019Q1,FTV,2019-04-26,2.0,15.0,0.4177,0.1141,0.4863,-0.1026,-0.0825,True,classificada — no sinal operável
FTV_2019Q2,FTV,2019-07-25,2.0,12.0,0.3466,0.0806,0.3293,-0.0784,-0.024,True,classificada — no sinal operável
FTV_2019Q3,FTV,2019-10-24,2.0,13.0,0.3258,0.0342,0.3421,-0.0091,0.0468,True,classificada — no sinal operável
FTV_2019Q4,FTV,2020-02-06,3.0,10.0,0.3641,-0.0332,0.551,-0.1943,-0.2485,True,classificada — no sinal operável
FTV_2020Q1,FTV,2020-05-01,2.0,11.0,0.2544,0.0293,0.1192,0.0761,0.1796,True,classificada — no sinal operável
FTV_2020Q2,FTV,2020-07-29,4.0,13.0,0.3169,0.0108,0.5354,-0.0219,0.0502,True,classificada — no sinal operável
FTV_2020Q3,FTV,2020-10-28,2.0,13.0,0.406,0.1252,0.5651,0.163,0.0759,True,classificada — no sinal operável
FTV_2020Q4,FTV,2021-02-05,2.0,13.0,0.4324,0.1725,0.6219,0.0034,0.0558,True,classificada — no sinal operável
FTV_2021Q1,FTV,2021-05-01,3.0,13.0,0.3454,-0.0117,0.6772,0.0128,0.0194,True,classificada — no sinal operável
FTV_2021Q2,FTV,2021-07-30,3.0,11.0,0.386,0.0449,0.6519,0.0112,0.0236,True,classificada — no sinal operável
FTV_2021Q3,FTV,2021-10-28,4.0,12.0,0.3138,-0.01,0.611,0.0567,-0.0337,True,classificada — no sinal operável
FTV_2021Q4,FTV,2022-02-03,3.0,9.0,0.3642,-0.0077,0.5642,-0.1123,-0.0616,True,classificada — no sinal operável
FTV_2022Q1,FTV,2022-04-28,3.0,10.0,0.4018,0.0499,0.6852,0.0684,0.1106,True,classificada — no sinal operável
FTV_2022Q2,FTV,2022-07-28,3.0,11.0,0.3645,-0.0202,0.802,0.0324,-0.0,True,classificada — no sinal operável
FTV_2022Q3,FTV,2022-10-26,3.0,10.0,0.3725,0.0257,0.6464,0.0762,0.0606,True,classificada — no sinal operável
FTV_2022Q4,FTV,2023-02-01,3.0,10.0,0.3458,-0.0104,0.5985,0.0221,-0.0402,True,classificada — no sinal operável
FTV_2023Q1,FTV,2023-04-26,3.0,10.0,0.3642,-0.0361,0.6418,0.0226,0.199,True,classificada — no sinal operável
FTV_2023Q2,FTV,2023-07-26,3.0,12.0,0.3805,0.0202,0.6618,-0.0166,-0.0908,True,classificada — no sinal operável
FTV_2023Q3,FTV,2023-10-25,3.0,10.0,0.3432,-0.0071,0.541,0.0604,0.1611,True,classificada — no sinal operável
FTV_2023Q4,FTV,2024-01-31,3.0,11.0,0.3705,0.0253,0.6149,0.0891,-0.0406,True,classificada — no sinal operável
FTV_2024Q1,FTV,2024-04-24,3.0,11.0,0.3436,0.0519,0.2462,-0.0029,-0.0756,True,classificada — no sinal operável
FTV_2024Q2,FTV,2024-07-24,3.0,11.0,0.3302,-0.0195,0.5012,0.0321,0.0821,True,classificada — no sinal operável
FTV_2024Q3,FTV,2024-10-30,3.0,11.0,0.3254,-0.0418,0.6453,0.1051,0.1177,True,classificada — no sinal operável
FTV_2024Q4,FTV,2025-02-07,,,,,0.4979,-0.076,-0.1218,False,sem distância de tom: <2 gestores identificados ou Q&A não detectado
FTV_2025Q1,FTV,2025-05-01,3.0,11.0,0.2255,-0.0767,0.3938,0.0336,-0.0912,True,classificada — no sinal operável
GDDY_2020Q1,GDDY,2020-05-06,3.0,8.0,0.3275,0.097,0.5711,0.0788,0.022,True,classificada — no sinal operável
GDDY_2020Q2,GDDY,2020-08-05,4.0,9.0,0.3173,-0.0682,0.7073,-0.0206,-0.1129,True,classificada — no sinal operável
GDDY_2020Q3,GDDY,2020-11-04,4.0,13.0,0.4042,0.0908,0.5867,0.0354,0.0746,True,classificada — no sinal operável
GDDY_2020Q4,GDDY,2021-02-11,4.0,11.0,0.386,0.0553,0.561,-0.1812,-0.1331,True,classificada — no sinal operável
GDDY_2021Q1,GDDY,2021-05-05,5.0,12.0,0.4558,0.119,0.7186,0.009,0.0423,True,classificada — no sinal operável
GDDY_2021Q2,GDDY,2021-08-04,3.0,11.0,0.3966,0.1014,0.6218,0.0016,-0.1009,True,classificada — no sinal operável
GDDY_2021Q3,GDDY,2021-11-03,4.0,9.0,0.4049,0.0732,0.6427,-0.134,-0.0558,True,classificada — no sinal operável
GDDY_2021Q4,GDDY,2022-02-10,4.0,10.0,0.2584,-0.1018,0.5539,-0.0242,-0.1389,True,classificada — no sinal operável
GDDY_2022Q1,GDDY,2022-05-04,3.0,8.0,0.3529,0.0026,0.5976,-0.1023,-0.0436,True,classificada — no sinal operável
GDDY_2022Q2,GDDY,2022-08-03,3.0,8.0,0.3895,-0.0037,0.63,-0.019,0.0243,True,classificada — no sinal operável
GDDY_2022Q3,GDDY,2022-11-03,3.0,8.0,0.3334,-0.0286,0.5829,0.0776,0.1537,True,classificada — no sinal operável
GDDY_2022Q4,GDDY,2023-02-14,3.0,9.0,0.3306,-0.0162,0.5151,-0.1084,-0.1222,True,classificada — no sinal operável
GDDY_2023Q1,GDDY,2023-05-04,3.0,9.0,0.4175,0.0161,0.7314,0.0759,0.0333,True,classificada — no sinal operável
GDDY_2023Q2,GDDY,2023-08-03,3.0,6.0,0.3477,0.059,0.6349,-0.0302,-0.0194,True,classificada — no sinal operável
GDDY_2023Q3,GDDY,2023-11-02,3.0,10.0,0.4046,0.0281,0.7133,0.3251,0.406,True,classificada — no sinal operável
GDDY_2023Q4,GDDY,2024-02-13,3.0,12.0,0.3747,0.0473,0.6524,0.0439,0.1837,True,classificada — no sinal operável
GDDY_2024Q1,GDDY,2024-05-02,,,,,0.4692,0.1121,0.199,False,sem distância de tom: <2 gestores identificados ou Q&A não detectado
GDDY_2024Q2,GDDY,2024-08-01,3.0,10.0,0.4045,0.0649,0.687,0.1395,0.1,True,classificada — no sinal operável
GDDY_2024Q3,GDDY,2024-10-30,3.0,10.0,0.375,0.0261,0.5954,0.2025,0.2948,True,classificada — no sinal operável
GDDY_2024Q4,GDDY,2025-02-13,,,,,0.6199,-0.0751,-0.0246,False,sem distância de tom: <2 gestores identificados ou Q&A não detectado
GDDY_2025Q1,GDDY,2025-05-01,3.0,13.0,0.3616,0.0345,0.5866,0.0543,-0.094,True,classificada — no sinal operável
GEN_2008Q3,GEN,2008-01-23,8.0,9.0,0.4274,,0.7031,0.0588,0.0539,False,"distância de tom OK, mas histórico curto para residualizar (<250 calls anteriores)"
GEN_2008Q4,GEN,2008-04-30,6.0,14.0,0.3959,0.0756,0.6147,0.1861,0.0748,True,classificada — no sinal operável
GEN_2009Q1,GEN,2008-07-30,6.0,17.0,0.4525,0.1703,0.7328,0.1049,-0.2771,True,classificada — no sinal operável
GEN_2009Q2,GEN,2008-10-29,6.0,10.0,0.3658,0.0468,0.4253,-0.1444,0.0903,True,classificada — no sinal operável
GEN_2009Q3,GEN,2009-01-29,6.0,12.0,0.35,0.0542,0.4612,-0.1171,0.1282,True,classificada — no sinal operável
GEN_2009Q4,GEN,2009-05-06,5.0,13.0,0.3779,0.0528,0.5705,0.0006,-0.0542,True,classificada — no sinal operável
GEN_2010Q1,GEN,2009-07-29,5.0,14.0,0.3835,0.0439,0.3911,0.0013,0.046,True,classificada — no sinal operável
GEN_2010Q2,GEN,2009-10-28,4.0,14.0,0.4207,0.0844,0.6145,0.043,-0.0006,True,classificada — no sinal operável
GEN_2010Q4,GEN,2010-05-06,5.0,12.0,0.3937,0.0751,0.6529,-0.1545,-0.2038,True,classificada — no sinal operável
GEN_2011Q1,GEN,2010-07-29,18.0,2.0,0.3101,-0.039,0.5399,0.0763,0.2173,True,classificada — no sinal operável
GEN_2011Q3,GEN,2011-01-26,5.0,12.0,0.4481,0.1071,0.7058,-0.0055,0.0811,True,classificada — no sinal operável
GEN_2011Q4,GEN,2011-05-11,5.0,10.0,0.442,0.0652,0.6976,-0.0647,-0.1916,True,classificada — no sinal operável
GEN_2012Q1,GEN,2011-07-27,5.0,13.0,0.3931,0.0318,0.6399,-0.1749,-0.0404,True,classificada — no sinal operável
GEN_2012Q2,GEN,2011-10-26,5.0,13.0,0.38,0.0202,0.6164,-0.1609,-0.0651,True,classificada — no sinal operável
GEN_2012Q3,GEN,2012-01-25,5.0,11.0,0.4341,0.0891,0.6602,0.0444,-0.0485,True,classificada — no sinal operável
GEN_2012Q4,GEN,2012-05-02,8.0,10.0,0.4044,0.0993,0.4449,-0.1243,-0.0244,True,classificada — no sinal operável
GEN_2013Q1,GEN,2012-07-25,6.0,12.0,0.2843,-0.051,0.4506,0.2204,0.1862,True,classificada — no sinal operável
GEN_2013Q2,GEN,2012-10-24,19.0,,0.3687,,0.5529,-0.04,0.1673,False,"distância de tom OK, mas confundidor ausente (analyst_tone, analyst_tone_distance)"
GEN_2013Q3,GEN,2013-01-24,11.0,3.0,0.2129,-0.1073,0.3915,0.0346,0.1278,True,classificada — no sinal operável
GEN_2013Q4,GEN,2013-05-07,5.0,15.0,0.2993,0.0037,0.3861,-0.0842,0.1249,True,classificada — no sinal operável
GEN_2014Q1,GEN,2013-07-30,5.0,13.0,0.3079,-0.0231,0.4683,0.0089,-0.1344,True,classificada — no sinal operável
GEN_2014Q2,GEN,2013-10-23,5.0,12.0,0.3269,-0.0113,0.3565,0.1128,0.101,True,classificada — no sinal operável
GEN_2014Q3,GEN,2014-01-29,5.0,9.0,0.2844,-0.0186,0.4035,-0.0447,-0.098,True,classificada — no sinal operável
GEN_2014Q4,GEN,2014-05-08,5.0,10.0,0.3978,0.0335,0.5845,0.0282,0.1522,True,classificada — no sinal operável
GEN_2015Q1,GEN,2014-08-06,5.0,12.0,0.3819,0.0206,0.5888,0.0017,0.0264,True,classificada — no sinal operável
GEN_2015Q2,GEN,2014-11-05,11.0,5.0,0.366,0.0372,0.5606,0.0605,-0.0065,True,classificada — no sinal operável
GEN_2015Q3,GEN,2015-02-05,5.0,12.0,0.3508,0.0073,0.6071,-0.0418,-0.0222,True,classificada — no sinal operável
GEN_2015Q4,GEN,2015-05-14,5.0,9.0,0.3612,-0.0005,0.5143,-0.0786,-0.1654,True,classificada — no sinal operável
GEN_2016Q1,GEN,2015-08-11,13.0,3.0,0.254,-0.1228,0.5745,-0.0111,-0.0056,True,classificada — no sinal operável
GEN_2016Q2,GEN,2015-11-05,,,,,0.5311,-0.0225,-0.0662,False,sem distância de tom: <2 gestores identificados ou Q&A não detectado
GEN_2016Q3,GEN,2016-02-04,4.0,8.0,0.3658,-0.0249,0.6054,0.0313,0.0017,True,classificada — no sinal operável
GEN_2016Q4,GEN,2016-05-13,5.0,7.0,0.3425,-0.0113,0.4937,0.1168,0.3411,True,classificada — no sinal operável
GEN_2017Q1,GEN,2016-08-04,5.0,7.0,0.324,-0.0291,0.6212,0.1047,0.148,True,classificada — no sinal operável
GEN_2017Q2,GEN,2016-11-03,5.0,8.0,0.43,0.0709,0.7022,0.0502,0.2188,True,classificada — no sinal operável
GEN_2017Q3,GEN,2017-02-01,2.0,8.0,0.0001,-0.1676,0.7303,0.1005,0.2022,True,classificada — no sinal operável
GEN_2017Q4,GEN,2017-05-10,2.0,9.0,0.0001,-0.162,0.801,-0.0392,-0.0751,True,classificada — no sinal operável
GEN_2018Q1,GEN,2017-08-02,2.0,8.0,0.0001,-0.1537,0.6445,-0.0079,0.0755,True,classificada — no sinal operável
GEN_2018Q2,GEN,2017-11-01,2.0,9.0,0.0002,-0.1529,0.6798,-0.0045,-0.076,True,classificada — no sinal operável
GEN_2018Q3,GEN,2018-02-01,2.0,9.0,0.0,-0.1479,0.4243,0.0002,0.0238,True,classificada — no sinal operável
GEN_2018Q4,GEN,2018-05-10,,,,,0.4992,0.0626,-0.0361,False,sem distância de tom: <2 gestores identificados ou Q&A não detectado
GEN_2019Q1,GEN,2018-08-02,2.0,11.0,0.0005,-0.1354,0.295,0.1138,0.0028,True,classificada — no sinal operável
GEN_2019Q2,GEN,2018-11-01,2.0,12.0,0.0005,-0.1379,0.4424,0.0996,0.1213,True,classificada — no sinal operável
GEN_2019Q3,GEN,2019-01-31,3.0,9.0,0.333,0.0092,0.6423,-0.0141,0.0421,True,classificada — no sinal operável
GEN_2019Q4,GEN,2019-05-09,3.0,8.0,0.1989,0.0423,0.3177,0.0167,0.213,True,classificada — no sinal operável
GEN_2020Q1,GEN,2019-08-09,4.0,8.0,0.3475,0.0535,0.5725,0.0773,0.0733,True,classificada — no sinal operável
GEN_2020Q2,GEN,2019-11-07,4.0,9.0,0.2011,-0.0266,0.387,0.048,0.4426,True,classificada — no sinal operável
GEN_2020Q3,GEN,2020-02-06,4.0,8.0,0.3028,-0.0392,0.6011,-0.0917,0.1191,True,classificada — no sinal operável
GEN_2020Q4,GEN,2020-05-14,4.0,9.0,0.3156,-0.0317,0.6785,-0.019,0.1123,True,classificada — no sinal operável
GEN_2021Q1,GEN,2020-08-06,3.0,5.0,0.3696,0.0329,0.6292,0.0208,-0.0407,True,classificada — no sinal operável
GEN_2021Q2,GEN,2020-11-05,3.0,4.0,0.3698,0.1027,0.7293,-0.0771,-0.0373,True,classificada — no sinal operável
GEN_2021Q3,GEN,2021-02-04,3.0,9.0,0.3498,0.0191,0.6438,-0.0039,-0.0111,True,classificada — no sinal operável
GEN_2022Q1,GEN,2021-07-27,5.0,2.0,0.3453,0.0359,0.6322,0.058,0.0568,True,classificada — no sinal operável
GEN_2022Q2,GEN,2021-11-04,3.0,2.0,0.3392,-0.0653,0.6534,-0.0463,0.0811,True,classificada — no sinal operável
GEN_2022Q3,GEN,2022-02-03,3.0,3.0,0.32,0.0314,0.6602,0.1016,-0.0632,True,classificada — no sinal operável
GEN_2022Q4,GEN,2022-05-05,5.0,1.0,0.3476,,0.5681,0.0467,0.0333,False,"distância de tom OK, mas confundidor ausente (analyst_tone_distance)"
GEN_2023Q1,GEN,2022-08-04,3.0,3.0,0.4077,0.0072,0.7593,-0.1263,-0.1485,True,classificada — no sinal operável
GEN_2023Q2,GEN,2022-11-08,3.0,3.0,0.3737,-0.0515,0.7175,0.0295,-0.0378,True,classificada — no sinal operável
GEN_2023Q3,GEN,2023-02-02,4.0,1.0,0.4414,,0.7114,-0.1613,-0.284,False,"distância de tom OK, mas confundidor ausente (analyst_tone_distance)"
GEN_2023Q4,GEN,2023-05-11,3.0,2.0,0.4044,0.0056,0.7788,0.0906,0.2425,True,classificada — no sinal operável
GEN_2024Q1,GEN,2023-08-04,3.0,3.0,0.3991,0.0082,0.7943,0.0251,-0.146,True,classificada — no sinal operável
GEN_2024Q3,GEN,2024-02-01,3.0,5.0,0.3839,-0.015,0.6604,-0.0247,-0.1155,True,classificada — no sinal operável
GEN_2024Q4,GEN,2024-05-09,3.0,3.0,0.4136,0.042,0.8349,0.0948,0.1136,True,classificada — no sinal operável
GEN_2025Q1,GEN,2024-08-01,3.0,5.0,0.41,0.0702,0.8201,0.0671,0.0852,True,classificada — no sinal operável
GEN_2025Q2,GEN,2024-10-30,3.0,6.0,0.3946,0.0718,0.7285,0.1205,-0.0194,True,classificada — no sinal operável
GEN_2025Q3,GEN,2025-01-30,3.0,6.0,0.3596,0.043,0.7166,0.0434,-0.0336,True,classificada — no sinal operável
GEN_2025Q4,GEN,2025-05-06,3.0,5.0,0.3804,-0.0232,0.7543,0.084,0.0676,True,classificada — no sinal operável
GLW_2005Q4,GLW,2006-01-26,6.0,11.0,0.3097,,0.3786,-0.014,0.1337,False,"distância de tom OK, mas histórico curto para residualizar (<250 calls anteriores)"
GLW_2006Q1,GLW,2006-04-26,3.0,10.0,0.3051,,0.4202,-0.1334,-0.3465,False,"distância de tom OK, mas histórico curto para residualizar (<250 calls anteriores)"
GLW_2006Q2,GLW,2006-07-26,4.0,11.0,0.1482,,0.0824,0.1277,0.2263,False,"distância de tom OK, mas histórico curto para residualizar (<250 calls anteriores)"
GLW_2006Q3,GLW,2006-10-25,4.0,13.0,0.2487,,0.4388,0.0056,-0.0155,False,"distância de tom OK, mas histórico curto para residualizar (<250 calls anteriores)"
GLW_2006Q4,GLW,2007-01-24,4.0,13.0,0.2736,,0.4374,0.0146,0.1728,False,"distância de tom OK, mas histórico curto para residualizar (<250 calls anteriores)"
GLW_2007Q2,GLW,2007-07-25,4.0,10.0,0.2812,,0.4858,-0.0394,0.0181,False,"distância de tom OK, mas histórico curto para residualizar (<250 calls anteriores)"
GLW_2007Q3,GLW,2007-10-24,4.0,16.0,0.3124,,0.604,-0.0118,-0.0401,False,"distância de tom OK, mas histórico curto para residualizar (<250 calls anteriores)"
GLW_2007Q4,GLW,2008-01-28,4.0,13.0,0.238,,0.4072,0.0361,0.1068,False,"distância de tom OK, mas histórico curto para residualizar (<250 calls anteriores)"
GLW_2008Q1,GLW,2008-04-30,2.0,13.0,0.0001,-0.1987,0.4563,0.0186,-0.2374,True,classificada — no sinal operável
GLW_2008Q2,GLW,2008-07-30,5.0,15.0,0.2343,-0.0707,0.2772,0.0206,-0.4389,True,classificada — no sinal operável
GLW_2008Q3,GLW,2008-10-29,4.0,13.0,0.2194,0.1249,-0.2961,-0.1588,-0.0561,True,classificada — no sinal operável
GLW_2008Q4,GLW,2009-01-27,5.0,13.0,0.1645,-0.0142,0.012,0.0355,0.4528,True,classificada — no sinal operável
GLW_2009Q1,GLW,2009-04-27,4.0,16.0,0.2578,-0.0021,0.3443,-0.0562,0.0689,True,classificada — no sinal operável
GLW_2009Q2,GLW,2009-07-27,4.0,12.0,0.1896,-0.0862,0.2619,-0.0164,-0.0451,True,classificada — no sinal operável
GLW_2009Q3,GLW,2009-10-26,4.0,15.0,0.2696,-0.0172,0.3359,0.0684,0.237,True,classificada — no sinal operável
GLW_2009Q4,GLW,2010-01-26,3.0,17.0,0.2894,0.006,0.4585,-0.0589,0.082,True,classificada — no sinal operável
GLW_2010Q1,GLW,2010-04-28,3.0,16.0,0.2954,0.0528,0.4757,-0.134,-0.127,True,classificada — no sinal operável
GLW_2010Q2,GLW,2010-07-29,5.0,12.0,0.2908,0.0349,0.6663,-0.0985,0.0398,True,classificada — no sinal operável
GLW_2010Q3,GLW,2010-11-01,5.0,11.0,0.204,-0.059,0.262,-0.0238,0.2278,True,classificada — no sinal operável
GLW_2011Q1,GLW,2011-04-27,7.0,7.0,0.158,-0.1137,0.3886,-0.059,-0.235,True,classificada — no sinal operável
GLW_2011Q2,GLW,2011-07-27,5.0,11.0,0.2483,-0.0717,0.4238,-0.1232,-0.139,True,classificada — no sinal operável
GLW_2011Q3,GLW,2011-10-26,4.0,10.0,0.2315,-0.0235,0.1383,-0.0891,-0.1759,True,classificada — no sinal operável
GLW_2011Q4,GLW,2012-01-25,5.0,10.0,0.2663,0.0035,0.2278,0.0585,0.1069,True,classificada — no sinal operável
GLW_2012Q1,GLW,2012-04-25,4.0,12.0,0.2496,0.0125,0.3268,-0.0998,-0.2126,True,classificada — no sinal operável
GLW_2012Q2,GLW,2012-07-25,5.0,13.0,0.1739,-0.079,0.2617,0.0387,0.2137,True,classificada — no sinal operável
GLW_2012Q3,GLW,2012-10-24,4.0,11.0,0.2816,0.0357,0.4485,-0.0058,0.0024,True,classificada — no sinal operável
GLW_2012Q4,GLW,2013-01-29,4.0,9.0,0.2278,-0.0651,0.3142,0.0369,0.1924,True,classificada — no sinal operável
GLW_2013Q1,GLW,2013-04-24,9.0,6.0,0.2113,-0.1167,0.4009,0.1315,0.0946,True,classificada — no sinal operável
GLW_2013Q2,GLW,2013-07-30,3.0,12.0,0.3222,0.0416,0.405,-0.0636,0.1432,True,classificada — no sinal operável
GLW_2013Q3,GLW,2013-10-30,,,,,0.1744,0.0191,0.0269,False,sem distância de tom: <2 gestores identificados ou Q&A não detectado
GLW_2013Q4,GLW,2014-01-28,3.0,11.0,0.2507,-0.021,0.2837,0.1436,0.2335,True,classificada — no sinal operável
GLW_2014Q1,GLW,2014-04-28,3.0,12.0,0.3311,0.0353,0.4098,0.0215,0.0595,True,classificada — no sinal operável
GLW_2014Q2,GLW,2014-07-29,3.0,13.0,0.3217,-0.0106,0.3965,0.0243,-0.0576,True,classificada — no sinal operável
GLW_2014Q3,GLW,2014-10-28,4.0,10.0,0.2772,0.0315,0.3854,0.0709,0.2091,True,classificada — no sinal operável
GLW_2014Q4,GLW,2015-01-27,1.0,13.0,,,0.503,-0.0113,-0.1083,False,sem distância de tom: <2 gestores identificados ou Q&A não detectado
GLW_2015Q1,GLW,2015-04-28,6.0,9.0,0.3201,-0.0111,0.3901,-0.0276,-0.1514,True,classificada — no sinal operável
GLW_2015Q2,GLW,2015-07-28,6.0,9.0,0.3299,0.0169,0.4422,-0.0953,-0.0445,True,classificada — no sinal operável
GLW_2015Q3,GLW,2015-10-27,5.0,7.0,0.3569,0.0625,0.4371,0.0461,-0.0079,True,classificada — no sinal operável
GLW_2015Q4,GLW,2016-01-26,6.0,6.0,0.3947,0.1127,0.4554,0.0364,0.0994,True,classificada — no sinal operável
GLW_2016Q1,GLW,2016-04-26,6.0,8.0,0.3229,-0.0038,0.4035,0.04,0.1366,True,classificada — no sinal operável
GLW_2016Q2,GLW,2016-07-27,6.0,7.0,0.355,0.0414,0.4487,0.0554,0.0753,True,classificada — no sinal operável
GLW_2016Q3,GLW,2016-10-25,5.0,8.0,0.3509,-0.0325,0.479,0.062,0.1656,True,classificada — no sinal operável
GLW_2016Q4,GLW,2017-01-24,6.0,6.0,0.3595,-0.0039,0.639,0.0543,0.098,True,classificada — no sinal operável
GLW_2017Q1,GLW,2017-04-26,6.0,8.0,0.3464,0.0234,0.5486,0.039,0.0745,True,classificada — no sinal operável
GLW_2017Q2,GLW,2017-07-26,5.0,8.0,0.3987,0.0172,0.5866,-0.0611,0.0557,True,classificada — no sinal operável
GLW_2017Q3,GLW,2017-10-24,5.0,8.0,0.4243,0.0109,0.6828,0.0097,0.0735,True,classificada — no sinal operável
GLW_2017Q4,GLW,2018-01-30,5.0,10.0,0.3821,-0.0117,0.6189,-0.1206,-0.1695,True,classificada — no sinal operável
GLW_2018Q1,GLW,2018-04-24,7.0,6.0,0.3514,-0.0349,0.6818,0.0389,0.1235,True,classificada — no sinal operável
GLW_2018Q2,GLW,2018-07-25,5.0,10.0,0.3951,0.075,0.6729,-0.0006,-0.0384,True,classificada — no sinal operável
GLW_2018Q3,GLW,2018-10-23,,,,,0.7039,-0.0157,-0.027,False,sem distância de tom: <2 gestores identificados ou Q&A não detectado
GLW_2018Q4,GLW,2019-01-29,3.0,6.0,0.4093,0.0645,0.8039,0.0349,-0.0531,True,classificada — no sinal operável
GLW_2019Q1,GLW,2019-04-30,3.0,9.0,0.3967,0.0276,0.7391,-0.0818,-0.012,True,classificada — no sinal operável
GLW_2019Q2,GLW,2019-07-30,3.0,10.0,0.3239,-0.0178,0.4723,-0.1244,-0.0139,True,classificada — no sinal operável
GLW_2019Q3,GLW,2019-10-29,4.0,8.0,0.3493,-0.0658,0.6688,0.0166,-0.0409,True,classificada — no sinal operável
GLW_2019Q4,GLW,2020-01-29,4.0,6.0,0.3614,0.0518,0.4928,-0.1391,-0.1889,True,classificada — no sinal operável
GLW_2020Q1,GLW,2020-04-28,3.0,8.0,0.2991,-0.0148,0.4689,0.0402,0.3647,True,classificada — no sinal operável
GLW_2020Q2,GLW,2020-07-28,3.0,10.0,0.3651,0.0065,0.5933,0.065,0.1203,True,classificada — no sinal operável
GLW_2020Q3,GLW,2020-10-27,3.0,9.0,0.3585,0.0423,0.6664,0.1688,0.1418,True,classificada — no sinal operável
GLW_2020Q4,GLW,2021-01-27,3.0,9.0,0.4088,0.0809,0.7456,0.0665,0.2372,True,classificada — no sinal operável
GLW_2021Q1,GLW,2021-04-27,3.0,8.0,0.4056,-0.0371,0.7304,-0.0144,-0.083,True,classificada — no sinal operável
GLW_2021Q2,GLW,2021-07-27,3.0,10.0,0.3444,0.0662,0.5451,0.0044,-0.0443,True,classificada — no sinal operável
GLW_2021Q3,GLW,2021-10-26,3.0,7.0,0.3836,-0.0363,0.6867,0.0769,0.0825,True,classificada — no sinal operável
GLW_2021Q4,GLW,2022-01-26,4.0,10.0,0.3493,-0.0193,0.7114,0.0287,-0.0972,True,classificada — no sinal operável
GLW_2022Q1,GLW,2022-04-26,3.0,11.0,0.363,0.0416,0.5904,-0.0528,0.0182,True,classificada — no sinal operável
GLW_2022Q2,GLW,2022-07-26,4.0,10.0,0.3271,0.043,0.5123,-0.0009,-0.0692,True,classificada — no sinal operável
GLW_2022Q3,GLW,2022-10-25,4.0,9.0,0.4264,0.0709,0.5272,0.088,0.1685,True,classificada — no sinal operável
GLW_2022Q4,GLW,2023-01-31,4.0,8.0,0.3894,0.0042,0.5641,0.0079,-0.0511,True,classificada — no sinal operável
GLW_2023Q1,GLW,2023-04-25,3.0,11.0,0.3571,0.0016,0.5968,-0.034,0.0634,True,classificada — no sinal operável
GLW_2023Q2,GLW,2023-07-25,3.0,10.0,0.318,-0.0076,0.463,-0.0445,-0.194,True,classificada — no sinal operável
GLW_2023Q3,GLW,2023-10-24,3.0,7.0,0.3211,-0.0121,0.5015,0.0746,0.1762,True,classificada — no sinal operável
GLW_2023Q4,GLW,2024-01-30,3.0,8.0,0.3549,0.0102,0.5955,-0.024,0.0105,True,classificada — no sinal operável
GLW_2024Q1,GLW,2024-04-30,5.0,8.0,0.33,0.0729,0.288,0.1059,0.2063,True,classificada — no sinal operável
GLW_2024Q2,GLW,2024-07-30,3.0,10.0,0.3596,0.0339,0.6261,0.0395,0.1583,True,classificada — no sinal operável
GLW_2024Q3,GLW,2024-10-29,3.0,11.0,0.3978,0.0307,0.6709,-0.0084,0.071,True,classificada — no sinal operável
GLW_2024Q4,GLW,2025-01-29,3.0,10.0,0.3196,-0.0083,0.5466,0.0055,-0.1101,True,classificada — no sinal operável
GLW_2025Q1,GLW,2025-04-29,4.0,5.0,0.3654,0.0364,0.6197,0.1422,0.4395,True,classificada — no sinal operável
GOOG_2014Q1,GOOG,2014-04-17,3.0,15.0,0.2392,-0.0396,0.4219,-0.0135,0.11,True,classificada — no sinal operável
GOOG_2014Q2,GOOG,2014-07-18,3.0,14.0,0.2846,-0.0034,0.4129,-0.0162,-0.1136,True,classificada — no sinal operável
GOOG_2014Q3,GOOG,2014-10-17,,,,,0.5247,0.0531,-0.005,False,sem distância de tom: <2 gestores identificados ou Q&A não detectado
GOOG_2014Q4,GOOG,2015-01-30,4.0,9.0,0.315,-0.0144,0.527,0.0788,0.0144,True,classificada — no sinal operável
GOOG_2015Q1,GOOG,2015-04-24,3.0,12.0,0.3381,-0.0162,0.6068,-0.0551,0.1068,True,classificada — no sinal operável
GOOG_2015Q2,GOOG,2015-07-17,4.0,11.0,0.3997,0.0453,0.6105,0.0025,0.0038,True,classificada — no sinal operável
GOOG_2015Q3,GOOG,2015-10-23,3.0,14.0,0.2761,-0.0536,0.5477,0.0776,0.0164,True,classificada — no sinal operável
GOOG_2015Q4,GOOG,2016-02-02,3.0,10.0,0.3555,0.0417,0.6692,-0.075,-0.1011,True,classificada — no sinal operável
GOOG_2016Q1,GOOG,2016-04-22,3.0,11.0,0.3772,0.0112,0.7117,-0.0166,0.0372,True,classificada — no sinal operável
GOOG_2016Q2,GOOG,2016-07-29,3.0,11.0,0.354,-0.0171,0.6495,0.0145,0.045,True,classificada — no sinal operável
GOOG_2016Q3,GOOG,2016-10-28,4.0,10.0,0.382,0.0058,0.6658,-0.031,0.0017,True,classificada — no sinal operável
GOOG_2016Q4,GOOG,2017-01-27,3.0,11.0,0.3386,-0.0524,0.6424,0.0105,0.1121,True,classificada — no sinal operável
GOOG_2017Q1,GOOG,2017-04-27,3.0,12.0,0.4218,0.0012,0.7802,0.0668,0.0257,True,classificada — no sinal operável
GOOG_2017Q2,GOOG,2017-07-25,3.0,1.0,0.352,,0.7448,-0.029,0.0144,False,"distância de tom OK, mas confundidor ausente (analyst_tone_distance)"
GOOG_2017Q3,GOOG,2017-10-27,3.0,11.0,0.4035,-0.0148,0.7421,0.0329,0.1476,True,classificada — no sinal operável
GOOG_2017Q4,GOOG,2018-02-02,3.0,12.0,0.3728,-0.0166,0.6788,-0.0277,-0.0876,True,classificada — no sinal operável
GOOG_2018Q1,GOOG,2018-04-24,3.0,12.0,0.3644,0.0007,0.6773,0.0528,0.217,True,classificada — no sinal operável
GOOG_2018Q2,GOOG,2018-07-24,3.0,11.0,0.3877,-0.0014,0.7439,-0.0257,-0.1113,True,classificada — no sinal operável
GOOG_2018Q3,GOOG,2018-10-26,3.0,11.0,0.3516,-0.0259,0.6386,-0.0352,0.0061,True,classificada — no sinal operável
GOOG_2018Q4,GOOG,2019-02-05,3.0,12.0,0.3308,-0.0549,0.6886,0.0033,0.0303,True,classificada — no sinal operável
GOOG_2019Q1,GOOG,2019-04-30,3.0,11.0,0.2828,-0.0883,0.5924,-0.059,0.0312,True,classificada — no sinal operável
GOOG_2019Q2,GOOG,2019-07-25,3.0,11.0,0.1947,-0.1159,0.5422,-0.0594,0.0287,True,classificada — no sinal operável
GOOG_2019Q3,GOOG,2019-10-28,3.0,12.0,0.2371,-0.1221,0.7061,0.0292,0.1429,True,classificada — no sinal operável
GOOG_2019Q4,GOOG,2020-02-03,3.0,13.0,0.2584,-0.0205,0.47,-0.0484,-0.0894,True,classificada — no sinal operável
GOOG_2020Q1,GOOG,2020-04-28,3.0,10.0,0.2255,0.0141,0.3325,0.0561,0.1184,True,classificada — no sinal operável
GOOG_2020Q2,GOOG,2020-07-30,3.0,10.0,0.2536,-0.047,0.5407,0.0926,0.0077,True,classificada — no sinal operável
GOOG_2020Q3,GOOG,2020-10-29,3.0,10.0,0.3573,-0.0075,0.6471,0.053,0.1371,True,classificada — no sinal operável
GOOG_2020Q4,GOOG,2021-02-02,4.0,8.0,0.2887,-0.1134,0.7526,-0.0115,0.1357,True,classificada — no sinal operável
GOOG_2021Q1,GOOG,2021-04-27,4.0,8.0,0.2007,-0.1391,0.722,0.011,0.1366,True,classificada — no sinal operável
GOOG_2021Q2,GOOG,2021-07-27,4.0,8.0,0.2567,-0.0791,0.7088,0.0317,0.0015,True,classificada — no sinal operável
GOOG_2021Q3,GOOG,2021-10-26,4.0,9.0,0.1902,-0.191,0.7242,0.0487,-0.0762,True,classificada — no sinal operável
GOOG_2021Q4,GOOG,2022-02-01,4.0,9.0,0.2593,-0.0646,0.6676,-0.1156,-0.2221,True,classificada — no sinal operável
GOOG_2022Q1,GOOG,2022-04-26,5.0,9.0,0.1529,-0.1374,0.2697,-0.0746,-0.0068,True,classificada — no sinal operável
GOOG_2022Q2,GOOG,2022-07-26,5.0,9.0,0.1943,-0.1563,0.3,0.0465,-0.0605,True,classificada — no sinal operável
GOOG_2022Q3,GOOG,2022-10-25,7.0,8.0,0.2814,0.013,0.3773,0.0213,0.0248,True,classificada — no sinal operável
GOOG_2022Q4,GOOG,2023-02-02,7.0,8.0,0.449,0.1367,0.3217,-0.0766,0.0164,True,classificada — no sinal operável
GOOG_2023Q1,GOOG,2023-04-25,10.0,8.0,0.3526,-0.0437,0.6243,0.1523,0.2283,True,classificada — no sinal operável
GOOG_2023Q2,GOOG,2023-07-25,5.0,7.0,0.3757,-0.0364,0.4951,0.0219,0.0578,True,classificada — no sinal operável
GOOG_2023Q3,GOOG,2023-10-24,4.0,8.0,0.301,-0.1202,0.7728,0.079,0.1839,True,classificada — no sinal operável
GOOG_2023Q4,GOOG,2024-01-30,8.0,9.0,0.3456,-0.0308,0.5265,-0.0386,0.1324,True,classificada — no sinal operável
GOOG_2024Q1,GOOG,2024-04-25,8.0,9.0,0.2655,-0.0878,0.5644,0.0019,-0.0404,True,classificada — no sinal operável
GOOG_2024Q2,GOOG,2024-07-23,4.0,7.0,0.3102,-0.0673,0.8003,-0.0442,-0.0534,True,classificada — no sinal operável
GOOG_2024Q3,GOOG,2024-10-29,4.0,9.0,0.315,-0.0705,0.8007,-0.0635,0.1284,True,classificada — no sinal operável
GOOG_2024Q4,GOOG,2025-02-04,4.0,8.0,0.3077,-0.0828,0.7902,-0.0978,-0.1435,True,classificada — no sinal operável
GOOG_2025Q1,GOOG,2025-04-24,4.0,8.0,0.3067,-0.0636,0.7824,0.0149,0.1629,True,classificada — no sinal operável
GOOGL_2006Q1,GOOGL,2006-04-21,5.0,20.0,0.237,,0.4486,-0.1558,-0.1122,False,"distância de tom OK, mas histórico curto para residualizar (<250 calls anteriores)"
GOOGL_2006Q2,GOOGL,2006-07-21,5.0,19.0,0.3558,,0.6076,-0.0395,0.0846,False,"distância de tom OK, mas histórico curto para residualizar (<250 calls anteriores)"
GOOGL_2006Q3,GOOGL,2006-10-19,5.0,16.0,0.2375,,0.5479,0.0867,0.0437,False,"distância de tom OK, mas histórico curto para residualizar (<250 calls anteriores)"
GOOGL_2006Q4,GOOGL,2007-02-01,5.0,18.0,0.2529,,0.6335,-0.0863,-0.0194,False,"distância de tom OK, mas histórico curto para residualizar (<250 calls anteriores)"
GOOGL_2007Q1,GOOGL,2007-04-19,5.0,15.0,0.159,,0.5794,-0.0075,0.1581,False,"distância de tom OK, mas histórico curto para residualizar (<250 calls anteriores)"
GOOGL_2007Q2,GOOGL,2007-07-20,5.0,15.0,0.2827,,0.6968,-0.0232,0.2375,False,"distância de tom OK, mas histórico curto para residualizar (<250 calls anteriores)"
GOOGL_2007Q3,GOOGL,2007-10-19,,,,,0.5148,-0.0201,-0.0851,False,sem distância de tom: <2 gestores identificados ou Q&A não detectado
GOOGL_2007Q4,GOOGL,2008-02-01,7.0,14.0,0.3983,,0.4064,-0.1355,0.1218,False,"distância de tom OK, mas histórico curto para residualizar (<250 calls anteriores)"
GOOGL_2008Q1,GOOGL,2008-04-18,8.0,11.0,0.2453,-0.0121,0.4326,0.0707,-0.1077,True,classificada — no sinal operável
GOOGL_2008Q2,GOOGL,2008-07-18,7.0,11.0,0.2687,-0.0098,0.4872,0.0362,-0.2659,True,classificada — no sinal operável
GOOGL_2008Q3,GOOGL,2008-10-17,4.0,14.0,0.2569,0.003,0.516,-0.2097,-0.2554,True,classificada — no sinal operável
GOOGL_2008Q4,GOOGL,2009-01-23,1.0,20.0,,,0.168,0.0634,0.199,False,sem distância de tom: <2 gestores identificados ou Q&A não detectado
GOOGL_2009Q1,GOOGL,2009-04-18,1.0,20.0,,,0.1278,0.0277,0.1142,False,sem distância de tom: <2 gestores identificados ou Q&A não detectado
GOOGL_2009Q2,GOOGL,2009-07-17,1.0,17.0,,,0.143,0.0349,0.2327,False,sem distância de tom: <2 gestores identificados ou Q&A não detectado
GOOGL_2009Q3,GOOGL,2009-10-16,,,,,0.4158,0.0427,0.0632,False,sem distância de tom: <2 gestores identificados ou Q&A não detectado
GOOGL_2009Q4,GOOGL,2010-01-22,1.0,19.0,,,0.2132,-0.0211,-0.0029,False,sem distância de tom: <2 gestores identificados ou Q&A não detectado
GOOGL_2010Q1,GOOGL,2010-04-16,4.0,20.0,0.222,-0.047,0.4168,-0.0743,-0.1624,True,classificada — no sinal operável
GOOGL_2010Q2,GOOGL,2010-07-16,4.0,21.0,0.2258,0.0368,0.3609,0.0533,0.1734,True,classificada — no sinal operável
GOOGL_2010Q3,GOOGL,2010-10-15,3.0,19.0,0.2696,0.0567,0.399,-0.0085,0.0393,True,classificada — no sinal operável
GOOGL_2010Q4,GOOGL,2011-01-21,6.0,14.0,0.3129,0.1105,0.4839,0.0043,-0.1357,True,classificada — no sinal operável
GOOGL_2011Q1,GOOGL,2011-04-15,12.0,8.0,0.3283,-0.0081,0.4913,0.0077,0.1302,True,classificada — no sinal operável
GOOGL_2011Q2,GOOGL,2011-07-15,5.0,11.0,0.2586,-0.1015,0.6788,-0.0595,-0.0565,True,classificada — no sinal operável
GOOGL_2011Q3,GOOGL,2011-10-14,5.0,14.0,0.2879,-0.0908,0.7346,0.0502,0.0769,True,classificada — no sinal operável
GOOGL_2011Q4,GOOGL,2012-01-20,5.0,14.0,0.2339,-0.0994,0.513,0.0478,0.0172,True,classificada — no sinal operável
GOOGL_2012Q1,GOOGL,2012-04-13,5.0,11.0,0.3434,0.0108,0.5883,-0.0305,-0.0746,True,classificada — no sinal operável
GOOGL_2012Q2,GOOGL,2012-07-19,4.0,15.0,0.2492,-0.0634,0.4913,0.1123,0.241,True,classificada — no sinal operável
GOOGL_2012Q3,GOOGL,2012-10-18,4.0,11.0,0.3135,-0.0353,0.5493,-0.1156,-0.0697,True,classificada — no sinal operável
GOOGL_2012Q4,GOOGL,2013-01-23,4.0,12.0,0.2448,-0.0899,0.5098,0.0789,0.0974,True,classificada — no sinal operável
GOOGL_2013Q1,GOOGL,2013-04-18,4.0,12.0,0.2328,-0.0945,0.4895,0.182,0.184,True,classificada — no sinal operável
GOOGL_2013Q2,GOOGL,2013-07-19,6.0,11.0,0.3361,0.0287,0.501,-0.0403,-0.0146,True,classificada — no sinal operável
GOOGL_2013Q3,GOOGL,2013-10-18,5.0,14.0,0.3575,0.0021,0.6095,0.0199,0.1505,True,classificada — no sinal operável
GOOGL_2013Q4,GOOGL,2014-01-31,4.0,14.0,0.2821,-0.0197,0.4629,0.0303,-0.0954,True,classificada — no sinal operável
GOOGL_2014Q1,GOOGL,2014-04-17,3.0,15.0,0.2392,-0.0394,0.4219,-0.0095,0.1123,True,classificada — no sinal operável
GOOGL_2014Q2,GOOGL,2014-07-18,3.0,14.0,0.2846,-0.0026,0.4129,-0.0144,-0.1071,True,classificada — no sinal operável
GOOGL_2014Q3,GOOGL,2014-10-17,,,,,0.5247,0.0503,-0.0202,False,sem distância de tom: <2 gestores identificados ou Q&A não detectado
GOOGL_2014Q4,GOOGL,2015-01-30,4.0,9.0,0.315,-0.014,0.527,0.0832,0.0315,True,classificada — no sinal operável
GOOGL_2015Q1,GOOGL,2015-04-24,3.0,12.0,0.3381,-0.0153,0.6068,-0.0447,0.1432,True,classificada — no sinal operável
GOOGL_2015Q2,GOOGL,2015-07-17,4.0,11.0,0.3997,0.0457,0.6105,0.0074,0.0059,True,classificada — no sinal operável
GOOGL_2015Q3,GOOGL,2015-10-23,3.0,14.0,0.2761,-0.0536,0.5477,0.0787,0.0191,True,classificada — no sinal operável
GOOGL_2015Q4,GOOGL,2016-02-02,3.0,10.0,0.3555,0.0426,0.6692,-0.0696,-0.099,True,classificada — no sinal operável
GOOGL_2016Q1,GOOGL,2016-04-22,3.0,11.0,0.3772,0.0118,0.7117,-0.0246,0.0325,True,classificada — no sinal operável
GOOGL_2016Q2,GOOGL,2016-07-29,3.0,11.0,0.354,-0.0166,0.6495,0.0116,0.039,True,classificada — no sinal operável
GOOGL_2016Q3,GOOGL,2016-10-28,4.0,10.0,0.382,0.0068,0.6658,-0.0401,-0.0027,True,classificada — no sinal operável
GOOGL_2016Q4,GOOGL,2017-01-27,3.0,11.0,0.3386,-0.0516,0.6424,0.0094,0.1045,True,classificada — no sinal operável
GOOGL_2017Q1,GOOGL,2017-04-27,3.0,12.0,0.4218,0.0018,0.7802,0.0692,0.0253,True,classificada — no sinal operável
GOOGL_2017Q2,GOOGL,2017-07-25,3.0,1.0,0.352,,0.7448,-0.031,0.0131,False,"distância de tom OK, mas confundidor ausente (analyst_tone_distance)"
GOOGL_2017Q3,GOOGL,2017-10-27,3.0,11.0,0.4035,-0.0139,0.7421,0.0332,0.144,True,classificada — no sinal operável
GOOGL_2017Q4,GOOGL,2018-02-02,3.0,12.0,0.3728,-0.0156,0.6788,-0.029,-0.0897,True,classificada — no sinal operável
GOOGL_2018Q1,GOOGL,2018-04-24,3.0,12.0,0.3644,0.0016,0.6773,0.0546,0.2218,True,classificada — no sinal operável
GOOGL_2018Q2,GOOGL,2018-07-24,3.0,11.0,0.3877,-0.0001,0.7439,-0.0246,-0.1128,True,classificada — no sinal operável
GOOGL_2018Q3,GOOGL,2018-10-26,3.0,11.0,0.3516,-0.0249,0.6386,-0.0404,0.0013,True,classificada — no sinal operável
GOOGL_2018Q4,GOOGL,2019-02-05,3.0,12.0,0.3308,-0.0545,0.6886,0.0014,0.0257,True,classificada — no sinal operável
GOOGL_2019Q1,GOOGL,2019-04-30,3.0,11.0,0.2828,-0.0878,0.5924,-0.0635,0.0255,True,classificada — no sinal operável
GOOGL_2019Q2,GOOGL,2019-07-25,3.0,11.0,0.1947,-0.1156,0.5422,-0.0606,0.0241,True,classificada — no sinal operável
GOOGL_2019Q3,GOOGL,2019-10-28,3.0,12.0,0.2371,-0.1221,0.7061,0.029,0.1416,True,classificada — no sinal operável
GOOGL_2019Q4,GOOGL,2020-02-03,3.0,13.0,0.2584,-0.0203,0.47,-0.0501,-0.0905,True,classificada — no sinal operável
GOOGL_2020Q1,GOOGL,2020-04-28,3.0,10.0,0.2255,0.0148,0.3325,0.0545,0.118,True,classificada — no sinal operável
GOOGL_2020Q2,GOOGL,2020-07-30,3.0,10.0,0.2536,-0.0468,0.5407,0.0951,0.0092,True,classificada — no sinal operável
GOOGL_2020Q3,GOOGL,2020-10-29,3.0,10.0,0.3573,-0.0076,0.6471,0.0522,0.1353,True,classificada — no sinal operável
GOOGL_2020Q4,GOOGL,2021-02-02,4.0,8.0,0.2887,-0.1134,0.7526,-0.0153,0.1168,True,classificada — no sinal operável
GOOGL_2021Q1,GOOGL,2021-04-27,4.0,8.0,0.2007,-0.1388,0.722,-0.0051,0.1026,True,classificada — no sinal operável
GOOGL_2021Q2,GOOGL,2021-07-27,4.0,8.0,0.2567,-0.0787,0.7088,0.0423,0.0083,True,classificada — no sinal operável
GOOGL_2021Q3,GOOGL,2021-10-26,4.0,9.0,0.1902,-0.1902,0.7242,0.0482,-0.073,True,classificada — no sinal operável
GOOGL_2021Q4,GOOGL,2022-02-01,4.0,9.0,0.2593,-0.0639,0.6676,-0.1147,-0.2242,True,classificada — no sinal operável
GOOGL_2022Q1,GOOGL,2022-04-26,5.0,9.0,0.1529,-0.1366,0.2697,-0.0757,-0.0123,True,classificada — no sinal operável
GOOGL_2022Q2,GOOGL,2022-07-26,5.0,9.0,0.1943,-0.1558,0.3,0.0405,-0.0617,True,classificada — no sinal operável
GOOGL_2022Q3,GOOGL,2022-10-25,7.0,8.0,0.2814,0.0135,0.3773,0.0211,0.0113,True,classificada — no sinal operável
GOOGL_2022Q4,GOOGL,2023-02-02,7.0,8.0,0.449,0.1372,0.3217,-0.0758,0.0171,True,classificada — no sinal operável
GOOGL_2023Q1,GOOGL,2023-04-25,10.0,8.0,0.3526,-0.0432,0.6243,0.1523,0.2321,True,classificada — no sinal operável
GOOGL_2023Q2,GOOGL,2023-07-25,5.0,7.0,0.3757,-0.0356,0.4951,0.0177,0.0494,True,classificada — no sinal operável
GOOGL_2023Q3,GOOGL,2023-10-24,4.0,8.0,0.301,-0.1197,0.7728,0.0806,0.185,True,classificada — no sinal operável
GOOGL_2023Q4,GOOGL,2024-01-30,8.0,9.0,0.3456,-0.0304,0.5265,-0.0359,0.1334,True,classificada — no sinal operável
GOOGL_2024Q1,GOOGL,2024-04-25,8.0,9.0,0.2655,-0.0873,0.5644,0.0036,-0.0412,True,classificada — no sinal operável
GOOGL_2024Q2,GOOGL,2024-07-23,4.0,7.0,0.3102,-0.0667,0.8003,-0.0446,-0.0536,True,classificada — no sinal operável
GOOGL_2024Q3,GOOGL,2024-10-29,4.0,9.0,0.315,-0.07,0.8007,-0.0634,0.1305,True,classificada — no sinal operável
GOOGL_2024Q4,GOOGL,2025-02-04,4.0,8.0,0.3077,-0.0822,0.7902,-0.098,-0.1447,True,classificada — no sinal operável
GOOGL_2025Q1,GOOGL,2025-04-24,4.0,8.0,0.3067,-0.063,0.7824,0.0206,0.1717,True,classificada — no sinal operável
GPN_2016Q1,GPN,2015-10-07,6.0,10.0,0.2811,0.0778,0.5107,0.0935,0.0242,True,classificada — no sinal operável
GPN_2016Q2,GPN,2015-12-15,4.0,14.0,0.2064,-0.0123,0.4225,-0.1222,-0.079,True,classificada — no sinal operável
GPN_2016Q3,GPN,2016-04-06,5.0,12.0,0.3367,0.1594,0.5725,0.0795,0.0682,True,classificada — no sinal operável
GPN_2016Q4,GPN,2016-07-31,5.0,11.0,0.2883,0.1101,0.475,0.0167,-0.0295,True,classificada — no sinal operável
GPN_2017Q1,GPN,2016-10-05,5.0,13.0,0.3304,0.1262,0.4942,-0.1004,-0.0684,True,classificada — no sinal operável
GPN_2017Q2,GPN,2017-01-09,5.0,10.0,0.3847,0.1792,0.6794,0.0038,-0.0059,True,classificada — no sinal operável
GPN_2017Q3,GPN,2017-11-08,6.0,9.0,0.2969,0.0819,0.4908,-0.038,-0.0243,True,classificada — no sinal operável
GPN_2017Q4,GPN,2018-02-15,5.0,9.0,0.3077,0.122,0.5874,0.1055,0.0789,True,classificada — no sinal operável
GPN_2018Q1,GPN,2018-05-03,5.0,11.0,0.3185,0.1026,0.5169,0.0207,0.0073,True,classificada — no sinal operável
GPN_2018Q2,GPN,2018-08-02,5.0,9.0,0.3547,0.1722,0.6061,0.0731,-0.0398,True,classificada — no sinal operável
GPN_2018Q3,GPN,2018-10-30,5.0,9.0,0.3503,0.0792,0.6265,0.0142,0.0255,True,classificada — no sinal operável
GPN_2018Q4,GPN,2019-03-13,3.0,13.0,0.2299,0.0182,0.4289,0.0323,0.1952,True,classificada — no sinal operável
GPN_2019Q1,GPN,2019-05-05,3.0,9.0,0.1821,0.0069,0.3428,0.0712,0.1293,True,classificada — no sinal operável
GPN_2019Q2,GPN,2019-08-07,4.0,13.0,0.2059,-0.0475,0.4696,0.1442,0.1078,True,classificada — no sinal operável
GPN_2019Q3,GPN,2019-10-31,3.0,8.0,0.3668,0.0298,0.7065,0.0694,0.1554,True,classificada — no sinal operável
GPN_2019Q4,GPN,2020-02-29,5.0,10.0,0.2465,-0.0894,0.5817,-0.1818,-0.0289,True,classificada — no sinal operável
GPN_2020Q1,GPN,2020-05-06,4.0,6.0,0.3133,-0.0524,0.7017,0.0204,-0.0302,True,classificada — no sinal operável
GPN_2020Q2,GPN,2020-08-08,5.0,7.0,0.263,-0.0007,0.3507,-0.041,0.0012,True,classificada — no sinal operável
GPN_2020Q3,GPN,2020-10-29,3.0,9.0,0.3452,0.1331,0.7038,0.2794,0.1474,True,classificada — no sinal operável
GPN_2020Q4,GPN,2021-02-28,5.0,10.0,0.2688,-0.0273,0.4403,0.0225,-0.0387,True,classificada — no sinal operável
GPN_2021Q1,GPN,2021-05-04,3.0,9.0,0.3768,0.1862,0.7364,-0.0669,-0.1814,True,classificada — no sinal operável
GPN_2021Q2,GPN,2021-08-02,3.0,8.0,0.3345,0.1812,0.6646,-0.0679,-0.1793,True,classificada — no sinal operável
GPN_2021Q3,GPN,2021-11-02,3.0,11.0,0.3253,0.0874,0.5932,-0.1461,0.1006,True,classificada — no sinal operável
GPN_2021Q4,GPN,2022-02-10,3.0,7.0,0.3395,0.1526,0.711,-0.1074,-0.1759,True,classificada — no sinal operável
GPN_2022Q1,GPN,2022-05-02,3.0,9.0,0.3461,0.1477,0.6892,-0.0175,-0.0385,True,classificada — no sinal operável
GPN_2022Q2,GPN,2022-08-01,4.0,6.0,0.3169,0.0182,0.7314,0.0106,-0.0114,True,classificada — no sinal operável
GPN_2022Q3,GPN,2022-10-31,3.0,8.0,0.2959,0.096,0.6312,-0.1949,-0.0886,True,classificada — no sinal operável
GPN_2022Q4,GPN,2023-02-10,3.0,7.0,0.3085,0.1426,0.5681,-0.1559,-0.0872,True,classificada — no sinal operável
GPN_2023Q1,GPN,2023-05-01,5.0,6.0,0.3012,-0.0402,0.6833,-0.0516,0.1753,True,classificada — no sinal operável
GPN_2023Q2,GPN,2023-08-01,3.0,8.0,0.4086,0.0895,0.7555,0.0655,-0.1211,True,classificada — no sinal operável
GPN_2023Q3,GPN,2023-10-31,3.0,9.0,0.3766,0.0423,0.7137,0.1129,0.2767,True,classificada — no sinal operável
GPN_2023Q4,GPN,2024-02-14,3.0,7.0,0.3781,0.027,0.6554,0.0019,-0.1637,True,classificada — no sinal operável
GPN_2024Q1,GPN,2024-05-01,4.0,7.0,0.3075,0.0329,0.5558,-0.1763,-0.1653,True,classificada — no sinal operável
GPN_2024Q2,GPN,2024-08-07,3.0,9.0,0.3992,0.084,0.7624,0.1167,0.0802,True,classificada — no sinal operável
GPN_2024Q3,GPN,2024-10-30,3.0,9.0,0.3556,0.0321,0.6321,0.2182,0.154,True,classificada — no sinal operável
GPN_2024Q4,GPN,2025-02-13,3.0,10.0,0.3909,0.0717,0.7386,-0.1295,-0.2318,True,classificada — no sinal operável
GPN_2025Q1,GPN,2025-05-06,4.0,7.0,0.2938,-0.0399,0.6909,-0.0222,0.0029,True,classificada — no sinal operável
GRMN_2012Q1,GRMN,2012-05-02,,,,,0.5104,-0.1543,-0.1904,False,sem distância de tom: <2 gestores identificados ou Q&A não detectado
GRMN_2012Q2,GRMN,2012-08-01,5.0,10.0,0.4019,0.0018,0.5459,0.0008,-0.0353,True,classificada — no sinal operável
GRMN_2012Q3,GRMN,2012-10-31,5.0,8.0,0.373,0.0128,0.4797,0.0207,0.0213,True,classificada — no sinal operável
GRMN_2012Q4,GRMN,2013-02-20,5.0,8.0,0.366,0.0699,0.356,-0.0516,0.0491,True,classificada — no sinal operável
GRMN_2013Q1,GRMN,2013-05-01,5.0,11.0,0.3198,0.0467,0.2996,0.0347,0.2028,True,classificada — no sinal operável
GRMN_2013Q2,GRMN,2013-07-31,7.0,8.0,0.2597,0.0036,0.2645,0.0277,0.2108,True,classificada — no sinal operável
GRMN_2013Q3,GRMN,2013-10-30,5.0,10.0,0.2873,-0.0036,0.381,0.0144,-0.05,True,classificada — no sinal operável
GRMN_2013Q4,GRMN,2014-02-19,,,,,0.4755,0.0806,0.0893,False,sem distância de tom: <2 gestores identificados ou Q&A não detectado
GRMN_2014Q1,GRMN,2014-04-30,5.0,13.0,0.3382,0.0713,0.3751,0.0322,-0.0389,True,classificada — no sinal operável
GRMN_2014Q2,GRMN,2014-07-30,5.0,12.0,0.3776,0.0597,0.4806,-0.002,0.0643,True,classificada — no sinal operável
GRMN_2014Q3,GRMN,2014-10-29,9.0,10.0,0.2825,-0.0754,0.423,0.0418,-0.0396,True,classificada — no sinal operável
GRMN_2014Q4,GRMN,2015-02-18,,,,,0.5095,-0.0568,-0.0976,False,sem distância de tom: <2 gestores identificados ou Q&A não detectado
GRMN_2015Q1,GRMN,2015-04-29,5.0,11.0,0.3663,0.0732,0.4643,-0.0063,-0.0568,True,classificada — no sinal operável
GRMN_2015Q2,GRMN,2015-07-29,5.0,9.0,0.2715,0.0541,0.0936,-0.0888,-0.1575,True,classificada — no sinal operável
GRMN_2015Q3,GRMN,2015-10-28,5.0,11.0,0.2161,0.0088,0.0735,0.0642,0.0128,True,classificada — no sinal operável
GRMN_2015Q4,GRMN,2016-02-17,5.0,9.0,0.2125,0.0029,0.0981,-0.0029,0.009,True,classificada — no sinal operável
GRMN_2016Q1,GRMN,2016-04-27,3.0,9.0,0.24,0.0104,0.2888,-0.0526,0.1982,True,classificada — no sinal operável
GRMN_2016Q2,GRMN,2016-07-27,5.0,10.0,0.33,0.0196,0.4452,-0.0285,-0.0376,True,classificada — no sinal operável
GRMN_2016Q3,GRMN,2016-10-26,5.0,8.0,0.3027,0.0139,0.4501,0.0516,-0.0138,True,classificada — no sinal operável
GRMN_2016Q4,GRMN,2017-02-22,5.0,9.0,0.3212,0.0363,0.4915,-0.0461,-0.0424,True,classificada — no sinal operável
GRMN_2017Q1,GRMN,2017-05-03,5.0,9.0,0.3919,0.0871,0.4974,0.055,0.0508,True,classificada — no sinal operável
GRMN_2017Q2,GRMN,2017-08-02,6.0,10.0,0.2983,-0.0269,0.3565,-0.0113,0.0975,True,classificada — no sinal operável
GRMN_2017Q3,GRMN,2017-11-01,5.0,12.0,0.2391,-0.0263,0.2685,0.0256,0.0542,True,classificada — no sinal operável
GRMN_2017Q4,GRMN,2018-02-21,5.0,10.0,0.2831,-0.0467,0.4213,-0.0545,-0.02,True,classificada — no sinal operável
GRMN_2018Q1,GRMN,2018-05-02,5.0,11.0,0.3165,0.0607,0.3347,-0.0098,0.0493,True,classificada — no sinal operável
GRMN_2018Q2,GRMN,2018-08-01,2.0,9.0,0.0001,-0.1343,0.5869,0.0516,-0.0133,True,classificada — no sinal operável
GRMN_2018Q3,GRMN,2018-10-31,2.0,3.0,0.0002,-0.103,0.796,-0.0003,0.0518,True,classificada — no sinal operável
GRMN_2018Q4,GRMN,2019-02-20,3.0,9.0,0.2237,-0.0669,0.4176,0.0345,-0.0498,True,classificada — no sinal operável
GRMN_2019Q1,GRMN,2019-05-01,3.0,7.0,0.2758,0.0023,0.4614,-0.0457,-0.0123,True,classificada — no sinal operável
GRMN_2019Q2,GRMN,2019-07-31,3.0,8.0,0.3018,-0.0307,0.5833,0.0332,0.13,True,classificada — no sinal operável
GRMN_2019Q3,GRMN,2019-10-30,3.0,7.0,0.242,-0.0436,0.4311,0.0256,0.0238,True,classificada — no sinal operável
GRMN_2019Q4,GRMN,2020-02-19,3.0,6.0,0.2215,-0.1188,0.4069,-0.3173,-0.201,True,classificada — no sinal operável
GRMN_2020Q1,GRMN,2020-04-29,3.0,7.0,0.2551,-0.0026,0.4125,0.0963,0.209,True,classificada — no sinal operável
GRMN_2020Q2,GRMN,2020-07-29,4.0,6.0,0.2917,0.0159,0.3107,0.0511,0.0168,True,classificada — no sinal operável
GRMN_2020Q3,GRMN,2020-10-28,3.0,7.0,0.3229,-0.0115,0.5749,0.2003,0.1839,True,classificada — no sinal operável
GRMN_2020Q4,GRMN,2021-02-17,3.0,9.0,0.2841,-0.0461,0.525,-0.027,0.0879,True,classificada — no sinal operável
GRMN_2021Q1,GRMN,2021-04-28,3.0,8.0,0.2812,-0.0268,0.5092,0.0245,0.1283,True,classificada — no sinal operável
GRMN_2021Q2,GRMN,2021-07-28,3.0,8.0,0.2249,-0.0231,0.3529,0.0983,0.0222,True,classificada — no sinal operável
GRMN_2021Q3,GRMN,2021-10-27,3.0,6.0,0.2625,-0.0076,0.3402,-0.0444,-0.1811,True,classificada — no sinal operável
GRMN_2021Q4,GRMN,2022-02-16,3.0,8.0,0.2959,0.0189,0.4253,0.0237,-0.1339,True,classificada — no sinal operável
GRMN_2022Q1,GRMN,2022-04-27,3.0,7.0,0.2492,-0.0365,0.3161,-0.062,-0.096,True,classificada — no sinal operável
GRMN_2022Q2,GRMN,2022-07-27,3.0,5.0,0.2797,0.0437,0.2597,0.0158,-0.0861,True,classificada — no sinal operável
GRMN_2022Q3,GRMN,2022-10-26,3.0,5.0,0.2417,0.0422,0.2227,0.0674,0.1654,True,classificada — no sinal operável
GRMN_2022Q4,GRMN,2023-02-22,4.0,6.0,0.3034,0.0133,0.3969,-0.031,0.0604,True,classificada — no sinal operável
GRMN_2023Q1,GRMN,2023-05-03,3.0,7.0,0.3187,-0.0344,0.5312,0.0622,0.068,True,classificada — no sinal operável
GRMN_2023Q2,GRMN,2023-08-02,3.0,7.0,0.2782,-0.0429,0.4445,-0.0089,-0.0349,True,classificada — no sinal operável
GRMN_2023Q3,GRMN,2023-11-01,3.0,7.0,0.2835,-0.0348,0.5893,0.0802,0.0581,True,classificada — no sinal operável
GRMN_2023Q4,GRMN,2024-02-21,3.0,8.0,0.2239,-0.0746,0.4621,0.1046,0.2731,True,classificada — no sinal operável
GRMN_2024Q1,GRMN,2024-05-01,3.0,7.0,0.2327,-0.0255,0.4046,-0.0009,0.048,True,classificada — no sinal operável
GRMN_2024Q2,GRMN,2024-07-31,3.0,8.0,0.2866,-0.0212,0.5008,0.0507,-0.0289,True,classificada — no sinal operável
GRMN_2024Q3,GRMN,2024-10-30,3.0,6.0,0.3684,0.0346,0.7188,0.0396,0.0574,True,classificada — no sinal operável
GRMN_2024Q4,GRMN,2025-02-19,3.0,7.0,0.3498,0.0285,0.5539,-0.1239,-0.1447,True,classificada — no sinal operável
GRMN_2025Q1,GRMN,2025-04-30,3.0,8.0,0.2588,-0.0262,0.3976,0.0918,0.182,True,classificada — no sinal operável
HPE_2016Q1,HPE,2016-03-04,2.0,14.0,0.0003,-0.1781,0.5421,0.1639,0.2128,True,classificada — no sinal operável
HPE_2016Q2,HPE,2016-05-24,2.0,18.0,0.0001,-0.1756,0.593,0.0752,0.2,True,classificada — no sinal operável
HPE_2016Q3,HPE,2016-09-07,2.0,10.0,0.0001,-0.1668,0.6484,0.0309,0.0917,True,classificada — no sinal operável
HPE_2016Q4,HPE,2016-11-22,2.0,12.0,0.0001,-0.153,0.488,0.0369,0.0704,True,classificada — no sinal operável
HPE_2017Q1,HPE,2017-02-23,2.0,10.0,0.0001,-0.1453,0.298,0.0322,0.1442,True,classificada — no sinal operável
HPE_2017Q2,HPE,2017-05-31,2.0,11.0,0.0001,-0.1348,0.2653,-0.0892,-0.0197,True,classificada — no sinal operável
HPE_2017Q3,HPE,2017-09-05,2.0,13.0,0.0,-0.1512,0.5983,0.0408,0.0007,True,classificada — no sinal operável
HPE_2017Q4,HPE,2017-11-21,2.0,13.0,0.0,-0.1451,0.5592,0.1209,0.3813,True,classificada — no sinal operável
HPE_2018Q1,HPE,2018-02-22,2.0,14.0,0.0,-0.1404,0.6863,-0.0172,-0.1315,True,classificada — no sinal operável
HPE_2018Q2,HPE,2018-05-22,2.0,13.0,0.0001,-0.1304,0.6823,-0.0784,-0.0568,True,classificada — no sinal operável
HPE_2018Q3,HPE,2018-08-28,2.0,12.0,0.0001,-0.1315,0.715,-0.0374,-0.1095,True,classificada — no sinal operável
HPE_2018Q4,HPE,2018-12-05,3.0,12.0,0.4444,0.2679,0.6771,-0.0425,0.0623,True,classificada — no sinal operável
HPE_2019Q1,HPE,2019-02-21,3.0,7.0,0.3878,0.0038,0.7517,-0.0667,-0.1021,True,classificada — no sinal operável
HPE_2019Q2,HPE,2019-05-24,3.0,5.0,0.3841,-0.0487,0.7211,0.0303,-0.11,True,classificada — no sinal operável
HPE_2019Q3,HPE,2019-08-28,3.0,7.0,0.4277,-0.059,0.7782,0.104,0.1754,True,classificada — no sinal operável
HPE_2019Q4,HPE,2019-11-26,3.0,7.0,0.3486,-0.0595,0.6135,0.0057,-0.191,True,classificada — no sinal operável
HPE_2020Q1,HPE,2020-03-03,4.0,5.0,0.3444,0.0513,0.4655,-0.1862,-0.1548,True,classificada — no sinal operável
HPE_2020Q2,HPE,2020-05-21,3.0,8.0,0.2987,-0.0682,0.4693,0.0438,-0.0046,True,classificada — no sinal operável
HPE_2020Q3,HPE,2020-08-25,3.0,6.0,0.3713,-0.1029,0.6669,-0.0846,0.1099,True,classificada — no sinal operável
HPE_2020Q4,HPE,2020-12-01,4.0,7.0,0.4344,0.0077,0.6991,0.0773,0.2764,True,classificada — no sinal operável
HPE_2021Q1,HPE,2021-03-02,4.0,6.0,0.4749,0.1223,0.8566,0.06,0.0836,True,classificada — no sinal operável
HPE_2021Q2,HPE,2021-06-01,3.0,8.0,0.3848,0.0911,0.7694,-0.0742,-0.0279,True,classificada — no sinal operável
HPE_2021Q3,HPE,2021-09-02,3.0,8.0,0.414,0.0998,0.826,-0.0387,-0.0296,True,classificada — no sinal operável
HPE_2021Q4,HPE,2021-11-30,3.0,7.0,0.4411,0.0368,0.8836,0.1414,0.2204,True,classificada — no sinal operável
HPE_2022Q1,HPE,2022-03-01,3.0,8.0,0.3758,0.0749,0.7102,0.0732,-0.0311,True,classificada — no sinal operável
HPE_2022Q2,HPE,2022-06-01,3.0,7.0,0.3753,-0.0011,0.7074,-0.1189,-0.0754,True,classificada — no sinal operável
HPE_2022Q3,HPE,2022-08-30,3.0,8.0,0.3992,-0.0237,0.7301,-0.108,0.1379,True,classificada — no sinal operável
HPE_2022Q4,HPE,2022-11-29,,,,,0.8153,0.0176,-0.0092,False,sem distância de tom: <2 gestores identificados ou Q&A não detectado
HPE_2023Q1,HPE,2023-03-02,3.0,9.0,0.3795,0.0391,0.7444,0.0119,-0.0682,True,classificada — no sinal operável
HPE_2023Q2,HPE,2023-05-30,,,,,0.6851,0.21,0.2238,False,sem distância de tom: <2 gestores identificados ou Q&A não detectado
HPE_2023Q3,HPE,2023-08-29,3.0,6.0,0.418,0.046,0.838,0.0839,-0.0458,True,classificada — no sinal operável
HPE_2023Q4,HPE,2023-11-28,3.0,8.0,0.3834,-0.0359,0.731,0.0662,-0.0542,True,classificada — no sinal operável
HPE_2024Q1,HPE,2024-02-29,3.0,9.0,0.3616,0.0167,0.6386,0.2437,0.2839,True,classificada — no sinal operável
HPE_2024Q2,HPE,2024-06-04,4.0,9.0,0.3353,-0.0109,0.7104,0.0159,-0.0721,True,classificada — no sinal operável
HPE_2024Q3,HPE,2024-09-04,3.0,8.0,0.3786,-0.0086,0.7489,0.1951,0.2509,True,classificada — no sinal operável
HPE_2024Q4,HPE,2024-12-05,3.0,11.0,0.4073,-0.0193,0.7813,-0.0115,-0.3194,True,classificada — no sinal operável
HPE_2025Q1,HPE,2025-03-06,3.0,10.0,0.2822,-0.0848,0.4536,-0.1551,0.1732,True,classificada — no sinal operável
HPQ_2006Q1,HPQ,2006-02-16,4.0,15.0,0.4029,,0.2889,0.0117,-0.0324,False,"distância de tom OK, mas histórico curto para residualizar (<250 calls anteriores)"
HPQ_2006Q2,HPQ,2006-05-17,3.0,14.0,0.2911,,0.4893,0.0241,0.0671,False,"distância de tom OK, mas histórico curto para residualizar (<250 calls anteriores)"
HPQ_2006Q3,HPQ,2006-08-17,3.0,16.0,0.3071,,0.5786,0.0343,0.1307,False,"distância de tom OK, mas histórico curto para residualizar (<250 calls anteriores)"
HPQ_2006Q4,HPQ,2006-11-17,3.0,16.0,0.3643,,0.6801,0.0207,0.0295,False,"distância de tom OK, mas histórico curto para residualizar (<250 calls anteriores)"
HPQ_2007Q1,HPQ,2007-02-21,3.0,15.0,0.2608,,0.44,-0.0167,0.108,False,"distância de tom OK, mas histórico curto para residualizar (<250 calls anteriores)"
HPQ_2007Q2,HPQ,2007-05-17,3.0,15.0,0.2805,,0.513,0.0207,0.0242,False,"distância de tom OK, mas histórico curto para residualizar (<250 calls anteriores)"
HPQ_2007Q3,HPQ,2007-08-17,4.0,11.0,0.3784,,0.6134,0.062,0.0351,False,"distância de tom OK, mas histórico curto para residualizar (<250 calls anteriores)"
HPQ_2007Q4,HPQ,2007-11-20,3.0,12.0,0.3375,,0.6198,0.0573,-0.0204,False,"distância de tom OK, mas histórico curto para residualizar (<250 calls anteriores)"
HPQ_2008Q1,HPQ,2008-02-19,4.0,14.0,0.3919,,0.5888,0.0176,0.0203,False,"distância de tom OK, mas histórico curto para residualizar (<250 calls anteriores)"
HPQ_2010Q1,HPQ,2011-02-23,3.0,11.0,0.3985,0.004,0.6881,0.0005,-0.165,True,classificada — no sinal operável
HPQ_2012Q1,HPQ,2012-02-22,3.0,10.0,0.3207,0.0822,0.0474,-0.1614,-0.2069,True,classificada — no sinal operável
HPQ_2012Q2,HPQ,2012-05-23,4.0,6.0,0.3727,0.0466,0.3749,-0.0941,-0.1461,True,classificada — no sinal operável
HPQ_2012Q3,HPQ,2012-08-22,3.0,11.0,0.345,0.0874,0.1028,-0.018,-0.3055,True,classificada — no sinal operável
HPQ_2012Q4,HPQ,2012-11-20,3.0,9.0,0.3639,0.0083,0.393,0.2472,0.4831,True,classificada — no sinal operável
HPQ_2013Q1,HPQ,2013-02-21,3.0,12.0,0.3624,0.0117,0.6024,0.2732,0.1732,True,classificada — no sinal operável
HPQ_2013Q2,HPQ,2013-05-22,3.0,10.0,0.3277,0.016,0.5376,0.0466,0.0999,True,classificada — no sinal operável
HPQ_2013Q3,HPQ,2013-08-21,,,,,0.5909,-0.0794,0.0842,False,sem distância de tom: <2 gestores identificados ou Q&A não detectado
HPQ_2013Q4,HPQ,2013-11-26,3.0,12.0,0.3294,0.0024,0.5248,0.0566,0.12,True,classificada — no sinal operável
HPQ_2014Q1,HPQ,2014-02-20,3.0,12.0,0.3443,0.0833,0.549,0.0484,0.0672,True,classificada — no sinal operável
HPQ_2014Q2,HPQ,2014-05-22,3.0,11.0,0.3507,-0.0592,0.615,0.0735,0.1506,True,classificada — no sinal operável
HPQ_2014Q3,HPQ,2014-08-20,3.0,13.0,0.3754,-0.0367,0.6393,0.044,0.0642,True,classificada — no sinal operável
HPQ_2014Q4,HPQ,2014-11-25,3.0,7.0,0.3561,-0.034,0.6715,0.0932,-0.0642,True,classificada — no sinal operável
HPQ_2015Q1,HPQ,2015-02-24,,,,,0.4664,-0.085,-0.0514,False,sem distância de tom: <2 gestores identificados ou Q&A não detectado
HPQ_2015Q2,HPQ,2015-05-21,3.0,9.0,0.2875,-0.0122,0.3911,-0.07,-0.1976,True,classificada — no sinal operável
HPQ_2015Q3,HPQ,2015-08-20,3.0,9.0,0.3366,0.0662,0.5297,-0.0127,0.1215,True,classificada — no sinal operável
HPQ_2015Q4,HPQ,2015-11-24,5.0,7.0,0.2962,-0.0696,0.5633,-0.1003,-0.1839,True,classificada — no sinal operável
HPQ_2016Q1,HPQ,2016-02-24,4.0,6.0,0.5677,0.0996,0.6184,0.2013,0.1854,True,classificada — no sinal operável
HPQ_2016Q2,HPQ,2016-05-25,3.0,10.0,0.3583,-0.0736,0.5476,-0.0101,0.1627,True,classificada — no sinal operável
HPQ_2016Q3,HPQ,2016-08-24,3.0,12.0,0.3036,-0.0802,0.3203,0.1161,0.1798,True,classificada — no sinal operável
HPQ_2016Q4,HPQ,2016-11-22,3.0,12.0,0.3336,-0.0053,0.4831,-0.0053,0.1596,True,classificada — no sinal operável
HPQ_2017Q1,HPQ,2017-02-22,,,,,0.5068,0.0505,0.1573,False,sem distância de tom: <2 gestores identificados ou Q&A não detectado
HPQ_2017Q2,HPQ,2017-05-24,3.0,10.0,0.3283,0.0452,0.5753,-0.0836,-0.029,True,classificada — no sinal operável
HPQ_2017Q3,HPQ,2017-08-23,,,,,0.6195,0.0663,0.201,False,sem distância de tom: <2 gestores identificados ou Q&A não detectado
HPQ_2017Q4,HPQ,2017-11-21,5.0,8.0,0.4063,0.0305,0.5588,-0.0331,-0.0362,True,classificada — no sinal operável
HPQ_2018Q1,HPQ,2018-02-22,6.0,7.0,0.431,0.2133,0.4497,-0.0339,-0.0317,True,classificada — no sinal operável
HPQ_2018Q2,HPQ,2018-05-29,5.0,9.0,0.4005,0.0558,0.6454,0.0242,0.0925,True,classificada — no sinal operável
HPQ_2018Q3,HPQ,2018-08-23,5.0,7.0,0.4519,0.1038,0.6448,0.084,-0.0505,True,classificada — no sinal operável
HPQ_2018Q4,HPQ,2018-11-29,6.0,9.0,0.3164,0.012,0.3379,-0.1052,-0.1603,True,classificada — no sinal operável
HPQ_2019Q1,HPQ,2019-02-27,7.0,5.0,0.4249,0.1984,0.178,-0.0443,-0.0443,True,classificada — no sinal operável
HPQ_2019Q2,HPQ,2019-05-23,6.0,8.0,0.3049,0.0011,0.1407,0.067,-0.0224,True,classificada — no sinal operável
HPQ_2019Q3,HPQ,2019-08-22,6.0,6.0,0.5278,0.2721,0.3078,0.0784,0.1471,True,classificada — no sinal operável
HPQ_2019Q4,HPQ,2019-11-26,5.0,6.0,0.286,0.0345,0.4001,0.0151,0.028,True,classificada — no sinal operável
HPQ_2020Q1,HPQ,2020-02-24,5.0,12.0,0.3617,0.167,0.4607,-0.3205,-0.2533,True,classificada — no sinal operável
HPQ_2020Q2,HPQ,2020-05-27,6.0,6.0,0.3871,0.0963,0.4778,0.0529,0.186,True,classificada — no sinal operável
HPQ_2020Q3,HPQ,2020-08-27,7.0,7.0,0.4235,0.1264,0.3871,-0.0127,0.1647,True,classificada — no sinal operável
HPQ_2020Q4,HPQ,2020-11-24,3.0,8.0,0.376,0.0983,0.5214,0.0691,0.2766,True,classificada — no sinal operável
HPQ_2021Q1,HPQ,2021-02-25,3.0,9.0,0.4242,0.0411,0.7506,0.0831,0.1006,True,classificada — no sinal operável
HPQ_2021Q2,HPQ,2021-05-27,3.0,9.0,0.3937,0.0026,0.5992,-0.0151,-0.0385,True,classificada — no sinal operável
HPQ_2021Q3,HPQ,2021-08-27,3.0,8.0,0.3601,-0.0063,0.6199,-0.0128,0.1944,True,classificada — no sinal operável
HPQ_2021Q4,HPQ,2021-11-23,3.0,10.0,0.3954,0.0712,0.7136,0.1149,0.0225,True,classificada — no sinal operável
HPQ_2022Q1,HPQ,2022-02-28,3.0,9.0,0.3804,0.019,0.5597,0.1693,0.1407,True,classificada — no sinal operável
HPQ_2022Q2,HPQ,2022-05-31,3.0,8.0,0.3927,0.0513,0.6769,-0.1703,-0.2128,True,classificada — no sinal operável
HPQ_2022Q3,HPQ,2022-08-30,3.0,8.0,0.3038,-0.0514,0.3682,-0.1437,-0.0124,True,classificada — no sinal operável
HPQ_2022Q4,HPQ,2022-11-22,3.0,7.0,0.373,-0.0169,0.6083,-0.0761,0.0126,True,classificada — no sinal operável
HPQ_2023Q1,HPQ,2023-02-28,3.0,8.0,0.3729,0.0052,0.6489,-0.0463,0.042,True,classificada — no sinal operável
HPQ_2023Q2,HPQ,2023-05-30,3.0,9.0,0.3993,0.014,0.654,0.0274,0.0629,True,classificada — no sinal operável
HPQ_2023Q3,HPQ,2023-08-29,3.0,8.0,0.3255,-0.0057,0.365,-0.111,-0.0042,True,classificada — no sinal operável
HPQ_2023Q4,HPQ,2023-11-21,3.0,8.0,0.3941,-0.0128,0.6953,0.0687,0.0379,True,classificada — no sinal operável
HPQ_2024Q1,HPQ,2024-02-28,3.0,10.0,0.4111,-0.0124,0.7716,0.0945,0.1879,True,classificada — no sinal operável
HPQ_2024Q2,HPQ,2024-05-29,3.0,9.0,0.4084,0.0215,0.6486,0.0258,0.0182,True,classificada — no sinal operável
HPQ_2024Q3,HPQ,2024-08-28,3.0,9.0,0.3578,0.0336,0.4781,0.0467,0.1558,True,classificada — no sinal operável
HPQ_2024Q4,HPQ,2024-11-26,3.0,11.0,0.4138,0.0452,0.6535,-0.0821,-0.1715,True,classificada — no sinal operável
HPQ_2025Q1,HPQ,2025-02-27,4.0,7.0,0.4128,0.0376,0.6914,-0.1033,-0.1981,True,classificada — no sinal operável
IAC_2006Q1,IAC,2006-05-02,4.0,10.0,0.2599,,0.5157,0.2866,0.155,False,"distância de tom OK, mas confundidor ausente (size_proxy)"
IAC_2006Q2,IAC,2006-08-01,2.0,12.0,0.0,,0.5809,0.2866,0.155,False,"distância de tom OK, mas confundidor ausente (size_proxy)"
IAC_2006Q3,IAC,2006-10-31,4.0,13.0,0.2799,,0.3873,0.2866,0.155,False,"distância de tom OK, mas confundidor ausente (size_proxy)"
IAC_2006Q4,IAC,2007-02-06,5.0,14.0,0.2963,,0.497,0.2866,0.155,False,"distância de tom OK, mas confundidor ausente (size_proxy)"
IAC_2007Q1,IAC,2007-05-03,6.0,8.0,0.3082,,0.4467,0.2866,0.155,False,"distância de tom OK, mas confundidor ausente (size_proxy)"
IAC_2007Q3,IAC,2007-10-31,4.0,12.0,0.3692,,0.578,0.2866,0.155,False,"distância de tom OK, mas confundidor ausente (size_proxy)"
IAC_2007Q4,IAC,2008-02-07,,,,,0.6274,0.2866,0.155,False,sem distância de tom: <2 gestores identificados ou Q&A não detectado
IAC_2008Q1,IAC,2008-04-30,3.0,12.0,0.2529,,0.274,0.2866,0.155,False,"distância de tom OK, mas confundidor ausente (size_proxy)"
IAC_2008Q2,IAC,2008-07-30,2.0,17.0,0.0,,0.3948,0.2866,0.155,False,"distância de tom OK, mas confundidor ausente (size_proxy)"
IAC_2008Q3,IAC,2008-11-05,1.0,13.0,,,0.1603,0.2866,0.155,False,sem distância de tom: <2 gestores identificados ou Q&A não detectado
IAC_2008Q4,IAC,2009-02-03,4.0,11.0,0.1626,,-0.1103,0.2866,0.155,False,"distância de tom OK, mas confundidor ausente (size_proxy)"
IBM_2005Q4,IBM,2006-01-18,4.0,11.0,0.4537,,0.7505,-0.036,-0.0247,False,"distância de tom OK, mas histórico curto para residualizar (<250 calls anteriores)"
IBM_2006Q1,IBM,2006-04-19,4.0,10.0,0.4434,,0.7392,-0.0086,-0.065,False,"distância de tom OK, mas histórico curto para residualizar (<250 calls anteriores)"
IBM_2006Q2,IBM,2006-07-18,3.0,11.0,0.428,,0.7558,0.0448,0.1455,False,"distância de tom OK, mas histórico curto para residualizar (<250 calls anteriores)"
IBM_2006Q3,IBM,2006-10-17,3.0,10.0,0.4217,,0.7775,0.0321,0.066,False,"distância de tom OK, mas histórico curto para residualizar (<250 calls anteriores)"
IBM_2006Q4,IBM,2007-01-18,3.0,10.0,0.4009,,0.7712,0.0451,-0.0045,False,"distância de tom OK, mas histórico curto para residualizar (<250 calls anteriores)"
IBM_2007Q1,IBM,2007-04-17,3.0,10.0,0.3986,,0.6948,0.1211,0.173,False,"distância de tom OK, mas histórico curto para residualizar (<250 calls anteriores)"
IBM_2007Q2,IBM,2007-07-18,3.0,12.0,0.3823,,0.7476,-0.0428,0.0437,False,"distância de tom OK, mas histórico curto para residualizar (<250 calls anteriores)"
IBM_2007Q3,IBM,2007-10-16,3.0,9.0,0.4274,,0.8244,-0.1204,-0.1357,False,"distância de tom OK, mas histórico curto para residualizar (<250 calls anteriores)"
IBM_2007Q4,IBM,2008-01-17,3.0,9.0,0.3967,,0.7609,-0.0124,0.1701,False,"distância de tom OK, mas histórico curto para residualizar (<250 calls anteriores)"
IBM_2008Q1,IBM,2008-04-16,3.0,11.0,0.4413,-0.0363,0.8241,0.0539,0.0332,True,classificada — no sinal operável
IBM_2008Q2,IBM,2008-07-17,3.0,11.0,0.3854,0.0537,0.7726,0.0083,-0.2955,True,classificada — no sinal operável
IBM_2008Q3,IBM,2008-10-16,3.0,10.0,0.3856,-0.113,0.7016,-0.1196,-0.0693,True,classificada — no sinal operável
IBM_2008Q4,IBM,2009-02-12,4.0,15.0,0.2132,0.0189,0.198,-0.0377,0.0716,True,classificada — no sinal operável
IBM_2009Q1,IBM,2009-04-20,3.0,10.0,0.4434,0.0877,0.886,0.0777,0.1894,True,classificada — no sinal operável
IBM_2009Q2,IBM,2009-07-16,3.0,10.0,0.4108,0.055,0.8033,0.0504,0.137,True,classificada — no sinal operável
IBM_2009Q3,IBM,2009-10-15,3.0,10.0,0.4433,0.0695,0.87,0.0361,0.0749,True,classificada — no sinal operável
IBM_2009Q4,IBM,2010-01-19,3.0,10.0,0.4167,0.0267,0.837,-0.0159,-0.0015,True,classificada — no sinal operável
IBM_2010Q1,IBM,2010-04-19,3.0,10.0,0.4121,0.0002,0.8057,0.011,0.0097,True,classificada — no sinal operável
IBM_2010Q2,IBM,2010-07-19,3.0,10.0,0.4156,-0.0035,0.7615,0.0497,0.1528,True,classificada — no sinal operável
IBM_2010Q3,IBM,2010-10-18,3.0,10.0,0.4296,0.0075,0.8141,0.0406,0.1021,True,classificada — no sinal operável
IBM_2010Q4,IBM,2011-01-18,3.0,9.0,0.4243,0.0671,0.8591,0.0704,0.087,True,classificada — no sinal operável
IBM_2011Q1,IBM,2011-04-19,3.0,10.0,0.3973,-0.0347,0.7229,0.0506,0.131,True,classificada — no sinal operável
IBM_2011Q2,IBM,2011-07-18,3.0,10.0,0.4108,0.0763,0.8134,-0.0378,0.0706,True,classificada — no sinal operável
IBM_2011Q3,IBM,2011-10-17,3.0,10.0,0.4128,-0.0368,0.7307,0.0647,0.0213,True,classificada — no sinal operável
IBM_2011Q4,IBM,2012-01-19,3.0,10.0,0.4255,0.072,0.8075,0.0452,0.0781,True,classificada — no sinal operável
IBM_2012Q1,IBM,2012-04-17,3.0,10.0,0.3948,0.0798,0.7847,-0.0092,-0.089,True,classificada — no sinal operável
IBM_2012Q2,IBM,2012-07-18,4.0,9.0,0.3515,-0.0378,0.7839,0.0429,0.0957,True,classificada — no sinal operável
IBM_2012Q3,IBM,2012-10-17,3.0,10.0,0.3909,0.0027,0.7285,-0.0437,-0.0149,True,classificada — no sinal operável
IBM_2012Q4,IBM,2013-01-22,1.0,4.0,,,0.6931,-0.0213,-0.0545,False,sem distância de tom: <2 gestores identificados ou Q&A não detectado
IBM_2013Q1,IBM,2013-04-18,4.0,10.0,0.2992,-0.1227,0.5679,0.0699,0.0162,True,classificada — no sinal operável
IBM_2013Q2,IBM,2013-07-17,4.0,10.0,0.331,-0.0293,0.7364,-0.0583,-0.064,True,classificada — no sinal operável
IBM_2013Q3,IBM,2013-10-16,4.0,11.0,0.2475,-0.0606,0.3077,0.0538,0.0917,True,classificada — no sinal operável
IBM_2013Q4,IBM,2014-01-21,4.0,10.0,0.2664,-0.0193,0.5946,0.022,0.0658,True,classificada — no sinal operável
IBM_2014Q1,IBM,2014-04-16,4.0,10.0,0.2713,-0.0753,0.562,0.0048,0.034,True,classificada — no sinal operável
IBM_2014Q2,IBM,2014-07-17,4.0,10.0,0.3399,-0.1254,0.7082,-0.0181,-0.0476,True,classificada — no sinal operável
IBM_2014Q3,IBM,2014-10-20,4.0,13.0,0.1873,-0.0199,0.1531,-0.0094,-0.0529,True,classificada — no sinal operável
IBM_2014Q4,IBM,2015-01-20,3.0,10.0,0.3381,-0.0661,0.6642,0.0785,0.0809,True,classificada — no sinal operável
IBM_2015Q1,IBM,2015-04-20,3.0,10.0,0.3794,0.0011,0.7381,0.0525,0.0509,True,classificada — no sinal operável
IBM_2015Q2,IBM,2015-07-20,3.0,10.0,0.3314,-0.0782,0.5653,-0.0879,-0.1242,True,classificada — no sinal operável
IBM_2015Q3,IBM,2015-10-19,1.0,12.0,,,0.4879,-0.052,-0.1368,False,sem distância de tom: <2 gestores identificados ou Q&A não detectado
IBM_2015Q4,IBM,2016-01-20,2.0,10.0,0.4155,0.0016,0.7189,0.1083,0.2168,True,classificada — no sinal operável
IBM_2016Q1,IBM,2016-04-18,3.0,10.0,0.3085,-0.0409,0.586,0.0202,0.102,True,classificada — no sinal operável
IBM_2016Q2,IBM,2016-07-19,3.0,10.0,0.2713,-0.1541,0.4549,0.0116,-0.0242,True,classificada — no sinal operável
IBM_2016Q3,IBM,2016-10-17,3.0,10.0,0.3428,-0.0505,0.6257,0.0673,0.1219,True,classificada — no sinal operável
IBM_2016Q4,IBM,2017-01-19,3.0,10.0,0.3486,0.0357,0.6836,0.0851,-0.0252,True,classificada — no sinal operável
IBM_2017Q1,IBM,2017-04-18,3.0,10.0,0.3507,-0.0445,0.6724,-0.0578,-0.0387,True,classificada — no sinal operável
IBM_2017Q2,IBM,2017-07-19,3.0,9.0,0.3551,0.1034,0.7318,-0.0362,0.0038,True,classificada — no sinal operável
IBM_2017Q3,IBM,2017-10-17,4.0,10.0,0.3162,0.0488,0.7569,-0.0544,0.0871,True,classificada — no sinal operável
IBM_2017Q4,IBM,2018-01-18,5.0,10.0,0.409,-0.0001,0.7045,-0.041,-0.0931,True,classificada — no sinal operável
IBM_2018Q1,IBM,2018-04-18,3.0,8.0,0.4143,0.1905,0.8056,-0.0207,-0.0205,True,classificada — no sinal operável
IBM_2018Q2,IBM,2018-07-18,3.0,10.0,0.4168,-0.0101,0.8093,-0.0064,-0.0079,True,classificada — no sinal operável
IBM_2018Q3,IBM,2018-10-16,3.0,9.0,0.3922,-0.0763,0.7572,-0.1042,-0.0894,True,classificada — no sinal operável
IBM_2018Q4,IBM,2019-01-22,2.0,10.0,0.4611,0.1056,0.7891,0.0615,0.0815,True,classificada — no sinal operável
IBM_2019Q1,IBM,2019-04-16,2.0,9.0,0.4232,-0.0809,0.6652,0.0009,0.0539,True,classificada — no sinal operável
IBM_2019Q2,IBM,2019-07-17,3.0,6.0,0.4543,0.1234,0.8472,-0.0633,0.0153,True,classificada — no sinal operável
IBM_2019Q3,IBM,2019-10-16,2.0,9.0,0.4051,-0.0167,0.6794,0.0043,0.0341,True,classificada — no sinal operável
IBM_2019Q4,IBM,2020-01-21,2.0,9.0,0.3979,0.0685,0.6874,0.0661,-0.1768,True,classificada — no sinal operável
IBM_2020Q1,IBM,2020-04-21,4.0,7.0,0.3385,-0.1323,0.5918,0.0262,0.0657,True,classificada — no sinal operável
IBM_2020Q2,IBM,2020-07-21,3.0,8.0,0.3191,-0.0054,0.5712,-0.0035,0.01,True,classificada — no sinal operável
IBM_2020Q3,IBM,2020-10-20,4.0,8.0,0.3237,0.0026,0.5565,0.0155,0.1449,True,classificada — no sinal operável
IBM_2020Q4,IBM,2021-01-21,4.0,8.0,0.3178,-0.0876,0.6572,0.0147,0.1861,True,classificada — no sinal operável
IBM_2021Q1,IBM,2021-04-19,3.0,8.0,0.3756,0.0531,0.7052,0.0616,0.0174,True,classificada — no sinal operável
IBM_2021Q2,IBM,2021-07-20,3.0,8.0,0.339,0.106,0.4371,0.0074,0.0229,True,classificada — no sinal operável
IBM_2021Q3,IBM,2021-10-20,3.0,7.0,0.3675,-0.0564,0.7159,-0.0738,0.0386,True,classificada — no sinal operável
IBM_2021Q4,IBM,2022-01-24,3.0,8.0,0.3244,0.0249,0.6602,-0.0434,0.0901,True,classificada — no sinal operável
IBM_2022Q1,IBM,2022-04-19,3.0,8.0,0.3238,0.0698,0.6809,-0.0033,-0.0315,True,classificada — no sinal operável
IBM_2022Q2,IBM,2022-07-18,4.0,8.0,0.3578,0.1154,0.3952,0.0509,-0.0762,True,classificada — no sinal operável
IBM_2022Q3,IBM,2022-10-19,3.0,7.0,0.391,0.0263,0.777,0.1709,0.1318,True,classificada — no sinal operável
IBM_2022Q4,IBM,2023-01-25,3.0,8.0,0.3499,0.0567,0.7152,-0.0389,-0.0737,True,classificada — no sinal operável
IBM_2023Q1,IBM,2023-04-19,4.0,7.0,0.4921,0.1864,0.5065,-0.0175,0.0777,True,classificada — no sinal operável
IBM_2023Q2,IBM,2023-07-19,3.0,8.0,0.3502,0.0455,0.6898,0.0371,0.0346,True,classificada — no sinal operável
IBM_2023Q3,IBM,2023-10-25,3.0,8.0,0.345,-0.0381,0.6704,0.1037,0.333,True,classificada — no sinal operável
IBM_2023Q4,IBM,2024-01-24,3.0,8.0,0.3373,-0.0383,0.7,0.0133,0.0044,True,classificada — no sinal operável
IBM_2024Q1,IBM,2024-04-24,5.0,9.0,0.3344,0.0663,0.4577,0.0248,0.1527,True,classificada — no sinal operável
IBM_2024Q2,IBM,2024-07-24,3.0,8.0,0.4365,0.138,0.679,0.0582,0.2542,True,classificada — no sinal operável
IBM_2024Q3,IBM,2024-10-23,3.0,8.0,0.3441,0.0359,0.6787,0.0152,0.0231,True,classificada — no sinal operável
IBM_2024Q4,IBM,2025-01-29,3.0,6.0,0.3994,0.0296,0.8015,0.0165,-0.0263,True,classificada — no sinal operável
IBM_2025Q1,IBM,2025-04-23,3.0,5.0,0.3118,-0.0616,0.6334,0.1251,0.1344,True,classificada — no sinal operável
INTC_2005Q4,INTC,2006-01-18,4.0,17.0,0.2217,,0.0646,-0.062,-0.1481,False,"distância de tom OK, mas histórico curto para residualizar (<250 calls anteriores)"
INTC_2006Q1,INTC,2006-04-19,3.0,17.0,0.2012,,-0.153,-0.0518,-0.0599,False,"distância de tom OK, mas histórico curto para residualizar (<250 calls anteriores)"
INTC_2006Q2,INTC,2006-07-20,4.0,15.0,0.1453,,0.0271,0.0885,0.2489,False,"distância de tom OK, mas histórico curto para residualizar (<250 calls anteriores)"
INTC_2006Q3,INTC,2006-10-17,3.0,18.0,0.2076,,0.2766,0.0384,-0.0314,False,"distância de tom OK, mas histórico curto para residualizar (<250 calls anteriores)"
INTC_2006Q4,INTC,2007-02-13,5.0,14.0,0.2825,,0.0835,-0.0868,0.0555,False,"distância de tom OK, mas histórico curto para residualizar (<250 calls anteriores)"
INTC_2007Q1,INTC,2007-04-17,1.0,19.0,,,0.3554,0.0457,0.2414,False,sem distância de tom: <2 gestores identificados ou Q&A não detectado
INTC_2007Q2,INTC,2007-07-17,4.0,15.0,0.3682,,0.4486,-0.0654,0.0365,False,"distância de tom OK, mas histórico curto para residualizar (<250 calls anteriores)"
INTC_2007Q3,INTC,2007-10-16,4.0,12.0,0.3514,,0.5047,-0.031,-0.2548,False,"distância de tom OK, mas histórico curto para residualizar (<250 calls anteriores)"
INTC_2007Q4,INTC,2008-01-16,5.0,16.0,0.2982,,0.2747,0.0106,0.1111,False,"distância de tom OK, mas histórico curto para residualizar (<250 calls anteriores)"
INTC_2008Q1,INTC,2008-04-15,5.0,14.0,0.2882,0.0013,0.28,0.0692,-0.0712,True,classificada — no sinal operável
INTC_2008Q2,INTC,2008-07-15,5.0,16.0,0.2395,0.0309,0.27,0.1541,-0.1871,True,classificada — no sinal operável
INTC_2008Q3,INTC,2008-10-14,4.0,11.0,0.3068,0.0106,0.3493,-0.1551,-0.1826,True,classificada — no sinal operável
INTC_2008Q4,INTC,2009-01-15,4.0,11.0,0.5004,0.2638,0.1558,-0.0385,0.1355,True,classificada — no sinal operável
INTC_2009Q1,INTC,2009-04-14,5.0,16.0,0.239,-0.0318,0.1387,-0.0066,0.105,True,classificada — no sinal operável
INTC_2009Q2,INTC,2009-07-14,4.0,13.0,0.2973,-0.0035,0.3148,0.0532,0.1422,True,classificada — no sinal operável
INTC_2009Q3,INTC,2009-10-13,5.0,19.0,0.2781,0.0554,0.3855,-0.0597,-0.0066,True,classificada — no sinal operável
INTC_2009Q4,INTC,2010-01-14,5.0,17.0,0.3415,0.0103,0.448,-0.0236,0.1272,True,classificada — no sinal operável
INTC_2010Q1,INTC,2010-04-20,5.0,15.0,0.3241,0.0263,0.5061,-0.0974,-0.0953,True,classificada — no sinal operável
INTC_2010Q2,INTC,2010-07-20,,,,,0.3342,-0.0849,-0.1036,False,sem distância de tom: <2 gestores identificados ou Q&A não detectado
INTC_2010Q4,INTC,2011-01-13,2.0,15.0,0.0003,-0.1722,0.4473,0.0189,-0.0751,True,classificada — no sinal operável
INTC_2011Q1,INTC,2011-04-19,5.0,14.0,0.2672,-0.0199,0.4433,0.1186,0.0924,True,classificada — no sinal operável
INTC_2011Q2,INTC,2011-07-19,9.0,17.0,0.3726,0.1166,0.2212,-0.0965,0.0176,True,classificada — no sinal operável
INTC_2011Q3,INTC,2011-10-19,6.0,13.0,0.2265,-0.0105,0.306,0.0283,0.1145,True,classificada — no sinal operável
INTC_2011Q4,INTC,2012-01-24,,,,,0.4176,0.0012,0.0256,False,sem distância de tom: <2 gestores identificados ou Q&A não detectado
INTC_2012Q1,INTC,2012-04-17,5.0,14.0,0.2971,0.0414,0.4178,-0.0322,-0.0731,True,classificada — no sinal operável
INTC_2012Q2,INTC,2012-07-17,2.0,14.0,0.0,-0.1774,0.2698,0.0516,-0.1301,True,classificada — no sinal operável
INTC_2012Q3,INTC,2012-10-16,5.0,13.0,0.2257,0.0183,0.0169,-0.041,0.0094,True,classificada — no sinal operável
INTC_2012Q4,INTC,2013-01-17,5.0,13.0,0.2881,0.0158,0.2965,-0.002,0.0619,True,classificada — no sinal operável
INTC_2013Q1,INTC,2013-04-16,5.0,12.0,0.3168,-0.0101,0.433,0.1211,0.1234,True,classificada — no sinal operável
INTC_2013Q2,INTC,2013-07-23,,,,,0.2336,-0.0237,0.0631,False,sem distância de tom: <2 gestores identificados ou Q&A não detectado
INTC_2013Q3,INTC,2013-10-15,5.0,14.0,0.3031,-0.02,0.4086,0.0675,0.1573,True,classificada — no sinal operável
INTC_2013Q4,INTC,2014-01-23,5.0,18.0,0.2636,0.0108,0.2119,-0.0006,0.0854,True,classificada — no sinal operável
INTC_2014Q1,INTC,2014-04-15,5.0,11.0,0.3239,0.0057,0.4421,-0.0277,0.2953,True,classificada — no sinal operável
INTC_2014Q2,INTC,2014-07-24,5.0,11.0,0.3044,0.0891,0.3925,0.0299,-0.0488,True,classificada — no sinal operável
INTC_2014Q3,INTC,2014-10-14,5.0,11.0,0.2618,0.0198,0.3983,0.1002,0.198,True,classificada — no sinal operável
INTC_2014Q4,INTC,2015-01-22,5.0,18.0,0.3428,0.025,0.4408,-0.08,-0.1185,True,classificada — no sinal operável
INTC_2015Q1,INTC,2015-04-23,6.0,13.0,0.2418,0.037,0.114,0.0396,-0.1112,True,classificada — no sinal operável
INTC_2015Q2,INTC,2015-07-15,5.0,12.0,0.2499,0.0147,0.2113,-0.0446,0.0603,True,classificada — no sinal operável
INTC_2015Q3,INTC,2015-10-13,5.0,11.0,0.2902,0.007,0.2603,0.0542,0.0237,True,classificada — no sinal operável
INTC_2015Q4,INTC,2016-01-14,5.0,11.0,0.22,-0.0376,0.2413,-0.0234,0.0675,True,classificada — no sinal operável
INTC_2016Q1,INTC,2016-04-19,5.0,12.0,0.2827,0.0051,0.3645,-0.0342,0.132,True,classificada — no sinal operável
INTC_2016Q2,INTC,2016-07-20,5.0,12.0,0.3563,0.0429,0.536,0.0264,0.108,True,classificada — no sinal operável
INTC_2016Q3,INTC,2016-10-19,6.0,11.0,0.3535,0.0946,0.4227,-0.0035,0.0511,True,classificada — no sinal operável
INTC_2016Q4,INTC,2017-01-27,5.0,9.0,0.3428,-0.0649,0.5197,-0.034,-0.0353,True,classificada — no sinal operável
INTC_2017Q1,INTC,2017-04-27,6.0,8.0,0.3526,0.009,0.5714,0.0119,-0.0241,True,classificada — no sinal operável
INTC_2017Q2,INTC,2017-07-27,5.0,7.0,0.4148,0.0955,0.6742,-0.0057,0.1695,True,classificada — no sinal operável
INTC_2017Q3,INTC,2017-10-26,5.0,7.0,0.3626,0.0635,0.5763,0.0336,0.1611,True,classificada — no sinal operável
INTC_2017Q4,INTC,2018-01-25,4.0,7.0,0.3933,0.0047,0.6278,0.022,0.104,True,classificada — no sinal operável
INTC_2018Q1,INTC,2018-04-26,6.0,6.0,0.3571,-0.0266,0.5505,0.0058,-0.0537,True,classificada — no sinal operável
INTC_2018Q2,INTC,2018-07-26,4.0,16.0,0.375,0.1528,0.7601,-0.0166,-0.1247,True,classificada — no sinal operável
INTC_2018Q3,INTC,2018-10-25,4.0,11.0,0.3446,0.103,0.7819,0.0473,0.0273,True,classificada — no sinal operável
INTC_2018Q4,INTC,2019-01-24,2.0,12.0,0.3994,0.1809,0.5764,0.1406,0.2375,True,classificada — no sinal operável
INTC_2019Q1,INTC,2019-04-25,3.0,12.0,0.3225,-0.0064,0.3689,-0.1497,-0.0049,True,classificada — no sinal operável
INTC_2019Q2,INTC,2019-07-25,3.0,10.0,0.3904,-0.0445,0.6792,-0.1409,-0.0118,True,classificada — no sinal operável
INTC_2019Q3,INTC,2019-10-24,3.0,11.0,0.3768,0.1282,0.7158,0.069,0.2189,True,classificada — no sinal operável
INTC_2019Q4,INTC,2020-01-23,3.0,9.0,0.37,-0.0294,0.6819,-0.0677,-0.1087,True,classificada — no sinal operável
INTC_2020Q1,INTC,2020-04-23,3.0,11.0,0.414,0.0362,0.6619,0.1141,0.0808,True,classificada — no sinal operável
INTC_2020Q2,INTC,2020-07-23,3.0,8.0,0.3523,-0.0558,0.5968,-0.0486,0.0329,True,classificada — no sinal operável
INTC_2020Q3,INTC,2020-10-22,3.0,8.0,0.4195,-0.0397,0.7849,-0.0544,0.155,True,classificada — no sinal operável
INTC_2020Q4,INTC,2021-01-22,5.0,9.0,0.2962,-0.0588,0.7817,0.0907,0.0571,True,classificada — no sinal operável
INTC_2021Q1,INTC,2021-04-23,4.0,10.0,0.3371,-0.0736,0.6546,-0.0303,-0.0977,True,classificada — no sinal operável
INTC_2021Q2,INTC,2021-07-22,3.0,13.0,0.368,-0.0237,0.6414,-0.0409,0.0211,True,classificada — no sinal operável
INTC_2021Q3,INTC,2021-10-21,3.0,9.0,0.4047,-0.0319,0.7632,-0.0104,0.0399,True,classificada — no sinal operável
INTC_2021Q4,INTC,2022-01-26,4.0,11.0,0.3357,-0.0249,0.6547,-0.0381,-0.0883,True,classificada — no sinal operável
INTC_2022Q1,INTC,2022-04-28,4.0,10.0,0.3045,-0.1246,0.7888,-0.002,-0.1866,True,classificada — no sinal operável
INTC_2022Q2,INTC,2022-07-28,3.0,9.0,0.3618,-0.0502,0.5475,-0.0535,-0.228,True,classificada — no sinal operável
INTC_2022Q3,INTC,2022-10-27,3.0,8.0,0.3606,0.0082,0.5889,0.0333,0.0052,True,classificada — no sinal operável
INTC_2022Q4,INTC,2023-01-26,3.0,7.0,0.3635,-0.024,0.6448,-0.069,0.1165,True,classificada — no sinal operável
INTC_2023Q1,INTC,2023-04-27,3.0,7.0,0.4074,0.0006,0.7459,-0.0895,0.1564,True,classificada — no sinal operável
INTC_2023Q2,INTC,2023-07-27,3.0,7.0,0.398,0.0315,0.7629,-0.092,-0.1035,True,classificada — no sinal operável
INTC_2023Q3,INTC,2023-10-26,3.0,7.0,0.4251,0.014,0.797,0.276,0.269,True,classificada — no sinal operável
INTC_2023Q4,INTC,2024-01-25,3.0,6.0,0.4276,-0.0039,0.8135,-0.0241,-0.203,True,classificada — no sinal operável
INTC_2024Q1,INTC,2024-04-25,4.0,8.0,0.3431,0.0442,0.3921,-0.0294,-0.0095,True,classificada — no sinal operável
INTC_2024Q2,INTC,2024-08-01,3.0,7.0,0.3441,0.0032,0.4863,0.0109,0.0229,True,classificada — no sinal operável
INTC_2024Q3,INTC,2024-10-31,3.0,8.0,0.3668,-0.0017,0.6533,0.0404,-0.1613,True,classificada — no sinal operável
INTC_2024Q4,INTC,2025-01-30,3.0,9.0,0.3653,0.0101,0.5971,0.1313,-0.006,True,classificada — no sinal operável
INTC_2025Q1,INTC,2025-04-24,3.0,11.0,0.3129,0.1131,0.4492,0.0162,0.0492,True,classificada — no sinal operável
INTU_2006Q2,INTU,2006-02-20,8.0,10.0,0.3561,,0.4361,0.0861,0.0438,False,"distância de tom OK, mas histórico curto para residualizar (<250 calls anteriores)"
INTU_2006Q3,INTU,2006-05-18,6.0,7.0,0.2784,,0.6576,0.0599,0.2054,False,"distância de tom OK, mas histórico curto para residualizar (<250 calls anteriores)"
INTU_2006Q4,INTU,2006-08-22,5.0,12.0,0.3279,,0.5621,0.0288,0.0111,False,"distância de tom OK, mas histórico curto para residualizar (<250 calls anteriores)"
INTU_2007Q1,INTU,2006-11-16,6.0,11.0,0.2467,,0.4656,-0.0878,-0.0735,False,"distância de tom OK, mas histórico curto para residualizar (<250 calls anteriores)"
INTU_2007Q2,INTU,2007-02-22,5.0,10.0,0.3384,,0.3766,-0.087,0.0273,False,"distância de tom OK, mas histórico curto para residualizar (<250 calls anteriores)"
INTU_2007Q3,INTU,2007-05-17,5.0,10.0,0.4311,,0.7344,-0.0377,-0.0482,False,"distância de tom OK, mas histórico curto para residualizar (<250 calls anteriores)"
INTU_2007Q4,INTU,2007-08-22,6.0,10.0,0.416,,0.6013,0.0377,0.0245,False,"distância de tom OK, mas histórico curto para residualizar (<250 calls anteriores)"
INTU_2008Q1,INTU,2007-11-16,6.0,13.0,0.3139,,0.4146,-0.0142,0.0086,False,"distância de tom OK, mas histórico curto para residualizar (<250 calls anteriores)"
INTU_2008Q2,INTU,2008-02-21,5.0,9.0,0.2913,,0.4931,-0.0175,0.0068,False,"distância de tom OK, mas histórico curto para residualizar (<250 calls anteriores)"
INTU_2008Q3,INTU,2008-05-20,6.0,9.0,0.366,0.0208,0.5787,0.0557,0.073,True,classificada — no sinal operável
INTU_2008Q4,INTU,2008-08-21,5.0,11.0,0.3644,0.0312,0.6375,0.0062,-0.326,True,classificada — no sinal operável
INTU_2009Q1,INTU,2008-11-19,5.0,10.0,0.2959,-0.0571,0.4201,0.1403,0.1314,True,classificada — no sinal operável
INTU_2009Q2,INTU,2009-02-19,5.0,11.0,0.3477,-0.0472,0.4514,0.1222,0.113,True,classificada — no sinal operável
INTU_2009Q3,INTU,2009-05-20,5.0,14.0,0.3514,0.0629,0.5466,0.0783,0.1777,True,classificada — no sinal operável
INTU_2009Q4,INTU,2009-08-21,5.0,14.0,0.2674,-0.1088,0.4681,-0.0282,0.0554,True,classificada — no sinal operável
INTU_2010Q1,INTU,2009-11-19,6.0,14.0,0.3183,-0.0125,0.5527,0.0383,0.0792,True,classificada — no sinal operável
INTU_2010Q2,INTU,2010-02-18,4.0,15.0,0.4398,0.1397,0.6736,0.0732,0.1029,True,classificada — no sinal operável
INTU_2010Q3,INTU,2010-05-21,5.0,12.0,0.4065,0.0412,0.7362,0.0548,0.2794,True,classificada — no sinal operável
INTU_2010Q4,INTU,2010-08-20,3.0,16.0,0.2018,-0.0771,0.5982,0.0528,0.1073,True,classificada — no sinal operável
INTU_2011Q2,INTU,2011-02-17,5.0,17.0,0.3763,0.0725,0.5672,-0.0211,0.0844,True,classificada — no sinal operável
INTU_2011Q3,INTU,2011-05-19,5.0,14.0,0.4,0.065,0.5918,-0.0874,-0.2555,True,classificada — no sinal operável
INTU_2011Q4,INTU,2011-08-18,5.0,15.0,0.4117,0.0617,0.6445,0.1697,0.2707,True,classificada — no sinal operável
INTU_2012Q1,INTU,2011-11-17,6.0,11.0,0.3164,0.0033,0.5505,-0.0095,0.1199,True,classificada — no sinal operável
INTU_2012Q2,INTU,2012-02-21,5.0,18.0,0.4002,0.0483,0.6369,0.0176,-0.0625,True,classificada — no sinal operável
INTU_2012Q3,INTU,2012-05-17,5.0,10.0,0.3256,-0.0098,0.4797,0.0767,0.1046,True,classificada — no sinal operável
INTU_2012Q4,INTU,2012-08-21,5.0,14.0,0.2871,-0.0207,0.4973,-0.0015,-0.0032,True,classificada — no sinal operável
INTU_2013Q1,INTU,2012-11-15,5.0,18.0,0.3273,0.0208,0.5314,0.0419,0.0625,True,classificada — no sinal operável
INTU_2013Q2,INTU,2013-02-21,5.0,18.0,0.3109,0.0329,0.4533,0.0571,-0.0525,True,classificada — no sinal operável
INTU_2013Q3,INTU,2013-05-21,5.0,15.0,0.2866,-0.025,0.4341,-0.0185,0.0742,True,classificada — no sinal operável
INTU_2013Q4,INTU,2013-08-20,5.0,15.0,0.3807,0.0725,0.3925,0.0587,0.1734,True,classificada — no sinal operável
INTU_2014Q1,INTU,2013-11-21,5.0,16.0,0.3185,0.0069,0.4468,0.0465,0.063,True,classificada — no sinal operável
INTU_2014Q2,INTU,2014-02-20,5.0,12.0,0.3738,0.021,0.5301,0.0526,0.0291,True,classificada — no sinal operável
INTU_2014Q3,INTU,2014-05-20,3.0,12.0,0.3621,-0.0013,0.6117,0.0715,0.1566,True,classificada — no sinal operável
INTU_2014Q4,INTU,2014-08-21,4.0,10.0,0.3045,-0.0266,0.5637,0.0027,0.0751,True,classificada — no sinal operável
INTU_2015Q1,INTU,2014-11-20,5.0,11.0,0.2515,-0.0263,0.415,-0.0068,0.0243,True,classificada — no sinal operável
INTU_2015Q2,INTU,2015-02-19,5.0,14.0,0.3109,0.0067,0.4379,0.0582,0.092,True,classificada — no sinal operável
INTU_2015Q3,INTU,2015-05-21,5.0,12.0,0.327,0.0377,0.5153,0.0001,-0.0219,True,classificada — no sinal operável
INTU_2015Q4,INTU,2015-08-20,4.0,13.0,0.2401,-0.0904,0.4553,-0.0467,0.0646,True,classificada — no sinal operável
INTU_2016Q1,INTU,2015-11-19,4.0,12.0,0.3038,-0.0244,0.5086,-0.0997,-0.0811,True,classificada — no sinal operável
INTU_2016Q2,INTU,2016-02-25,5.0,7.0,0.3404,-0.0096,0.6409,0.0113,0.0437,True,classificada — no sinal operável
INTU_2016Q3,INTU,2016-05-24,5.0,11.0,0.3384,0.0281,0.5045,0.0575,0.1078,True,classificada — no sinal operável
INTU_2016Q4,INTU,2016-08-23,5.0,12.0,0.3584,0.0498,0.5831,0.022,0.0706,True,classificada — no sinal operável
INTU_2017Q1,INTU,2016-11-17,5.0,14.0,0.3389,0.0185,0.5437,0.0388,0.057,True,classificada — no sinal operável
INTU_2017Q2,INTU,2017-02-24,5.0,9.0,0.347,0.0418,0.5316,-0.067,0.0931,True,classificada — no sinal operável
INTU_2017Q3,INTU,2017-05-23,6.0,13.0,0.327,-0.0151,0.545,0.002,-0.0086,True,classificada — no sinal operável
INTU_2017Q4,INTU,2017-08-22,5.0,14.0,0.3836,0.0473,0.6168,0.0451,0.1444,True,classificada — no sinal operável
INTU_2018Q1,INTU,2017-11-20,5.0,16.0,0.3167,0.0653,0.3459,0.0449,0.1312,True,classificada — no sinal operável
INTU_2018Q2,INTU,2018-02-22,2.0,20.0,0.0001,-0.1401,0.5488,0.0117,0.1715,True,classificada — no sinal operável
INTU_2018Q3,INTU,2018-05-22,2.0,19.0,0.0,-0.1362,0.6296,0.1204,0.1182,True,classificada — no sinal operável
INTU_2018Q4,INTU,2018-08-23,2.0,20.0,0.0002,-0.1299,0.5365,0.0284,-0.0659,True,classificada — no sinal operável
INTU_2019Q1,INTU,2018-11-19,2.0,18.0,0.0002,-0.1255,0.5654,-0.0281,0.2728,True,classificada — no sinal operável
INTU_2019Q2,INTU,2019-02-21,3.0,18.0,0.3358,0.0496,0.5279,0.0674,0.0476,True,classificada — no sinal operável
INTU_2019Q3,INTU,2019-05-23,3.0,15.0,0.3473,-0.008,0.5862,0.0442,0.0993,True,classificada — no sinal operável
INTU_2019Q4,INTU,2019-08-22,3.0,14.0,0.3522,-0.0035,0.6391,-0.0736,-0.0563,True,classificada — no sinal operável
INTU_2020Q1,INTU,2019-11-21,3.0,15.0,0.3268,-0.0159,0.5443,-0.0061,0.0651,True,classificada — no sinal operável
INTU_2020Q2,INTU,2020-02-25,4.0,15.0,0.2802,-0.0786,0.6531,-0.1876,-0.0121,True,classificada — no sinal operável
INTU_2020Q3,INTU,2020-05-22,3.0,13.0,0.2967,-0.0382,0.466,0.0081,0.1075,True,classificada — no sinal operável
INTU_2020Q4,INTU,2020-08-26,3.0,15.0,0.3126,0.0435,0.5662,-0.0683,0.0116,True,classificada — no sinal operável
INTU_2021Q1,INTU,2020-11-19,3.0,14.0,0.281,0.022,0.4768,0.0476,0.1139,True,classificada — no sinal operável
INTU_2021Q2,INTU,2021-02-23,3.0,15.0,0.3736,0.0513,0.6117,-0.0283,0.1359,True,classificada — no sinal operável
INTU_2021Q3,INTU,2021-05-25,3.0,17.0,0.4132,0.0923,0.7248,0.0946,0.258,True,classificada — no sinal operável
INTU_2021Q4,INTU,2021-08-24,3.0,14.0,0.402,0.1004,0.7329,0.0001,0.1475,True,classificada — no sinal operável
INTU_2022Q1,INTU,2021-11-19,3.0,12.0,0.3768,0.0689,0.6484,-0.1024,-0.3008,True,classificada — no sinal operável
INTU_2022Q2,INTU,2022-02-24,2.0,14.0,0.0029,-0.303,0.7294,-0.0607,-0.2046,True,classificada — no sinal operável
INTU_2022Q3,INTU,2022-05-24,3.0,10.0,0.3188,0.0149,0.537,0.1203,0.2515,True,classificada — no sinal operável
INTU_2022Q4,INTU,2022-08-23,4.0,8.0,0.2767,-0.0143,0.6538,-0.1729,-0.2167,True,classificada — no sinal operável
INTU_2023Q1,INTU,2022-11-29,4.0,10.0,0.2854,-0.054,0.5865,0.041,0.0684,True,classificada — no sinal operável
INTU_2023Q2,INTU,2023-02-23,3.0,11.0,0.3768,0.0694,0.6562,0.0607,0.0288,True,classificada — no sinal operável
INTU_2023Q3,INTU,2023-05-23,3.0,10.0,0.3454,0.0248,0.5559,0.0753,0.1917,True,classificada — no sinal operável
INTU_2023Q4,INTU,2023-08-24,3.0,14.0,0.3543,0.0548,0.6263,0.0285,0.1436,True,classificada — no sinal operável
INTU_2024Q1,INTU,2023-11-28,3.0,13.0,0.3057,0.049,0.5418,0.0772,0.1388,True,classificada — no sinal operável
INTU_2024Q2,INTU,2024-02-22,3.0,14.0,0.3324,0.0304,0.5422,-0.0138,0.0283,True,classificada — no sinal operável
INTU_2024Q3,INTU,2024-05-23,3.0,14.0,0.3989,0.0951,0.7931,0.0152,-0.0005,True,classificada — no sinal operável
INTU_2024Q4,INTU,2024-08-22,,,,,0.6215,-0.0273,-0.0126,False,sem distância de tom: <2 gestores identificados ou Q&A não detectado
INTU_2025Q1,INTU,2024-11-21,3.0,11.0,0.3732,0.0076,0.6681,-0.0447,-0.0623,True,classificada — no sinal operável
INTU_2025Q2,INTU,2025-02-25,3.0,12.0,0.4097,0.0774,0.7897,-0.0325,0.1853,True,classificada — no sinal operável
IPGP_2018Q1,IPGP,2018-05-01,5.0,7.0,0.3588,0.0693,0.5433,0.0349,-0.2964,True,classificada — no sinal operável
IPGP_2018Q2,IPGP,2018-07-31,5.0,6.0,0.3395,0.0316,0.3993,0.0523,-0.1928,True,classificada — no sinal operável
IPGP_2018Q3,IPGP,2018-10-30,5.0,5.0,0.3359,0.032,0.416,-0.0138,-0.0442,True,classificada — no sinal operável
IPGP_2018Q4,IPGP,2019-02-12,3.0,6.0,0.3441,-0.0482,0.6389,0.014,-0.0108,True,classificada — no sinal operável
IPGP_2019Q1,IPGP,2019-04-30,3.0,10.0,0.2341,-0.1323,0.3558,-0.2536,-0.2027,True,classificada — no sinal operável
IPGP_2019Q2,IPGP,2019-07-30,3.0,10.0,0.2903,0.0549,0.1472,-0.1387,0.0508,True,classificada — no sinal operável
IPGP_2019Q3,IPGP,2019-10-29,3.0,7.0,0.2825,-0.028,0.1694,0.1585,0.049,True,classificada — no sinal operável
IPGP_2019Q4,IPGP,2020-02-13,4.0,9.0,0.3308,0.0603,0.4473,-0.2976,-0.0265,True,classificada — no sinal operável
IPGP_2020Q1,IPGP,2020-05-05,4.0,7.0,0.2676,-0.0129,0.2846,0.1059,0.1495,True,classificada — no sinal operável
IPGP_2020Q2,IPGP,2020-08-05,4.0,6.0,0.2637,-0.0598,0.5621,-0.0223,0.168,True,classificada — no sinal operável
IPGP_2020Q3,IPGP,2020-10-30,5.0,5.0,0.3711,0.0098,0.6024,0.0973,0.2332,True,classificada — no sinal operável
IPGP_2020Q4,IPGP,2021-02-16,4.0,8.0,0.1848,-0.1481,0.5297,-0.1521,-0.2319,True,classificada — no sinal operável
IPGP_2021Q1,IPGP,2021-05-04,4.0,7.0,0.3189,-0.0756,0.6816,0.0592,-0.0636,True,classificada — no sinal operável
IPGP_2021Q2,IPGP,2021-08-03,4.0,7.0,0.2061,-0.0946,0.3938,-0.0454,-0.0823,True,classificada — no sinal operável
IPGP_2021Q3,IPGP,2021-11-02,3.0,6.0,0.2373,-0.0881,0.3871,-0.0791,-0.1555,True,classificada — no sinal operável
IPGP_2021Q4,IPGP,2022-02-15,3.0,8.0,0.2799,-0.1048,0.4962,-0.1575,-0.2609,True,classificada — no sinal operável
IPGP_2022Q1,IPGP,2022-05-03,3.0,5.0,0.2403,-0.0477,0.3515,-0.0296,-0.0442,True,classificada — no sinal operável
IPGP_2022Q2,IPGP,2022-08-02,3.0,7.0,0.2899,-0.1144,0.4829,-0.1139,-0.1622,True,classificada — no sinal operável
IPGP_2022Q3,IPGP,2022-11-01,3.0,5.0,0.4113,0.1727,0.1994,0.0935,0.3714,True,classificada — no sinal operável
IPGP_2022Q4,IPGP,2023-02-14,3.0,5.0,0.3087,0.0868,0.2902,-0.0419,-0.1113,True,classificada — no sinal operável
IT_2017Q1,IT,2017-05-04,6.0,9.0,0.2602,-0.0181,0.5078,0.0562,0.1081,True,classificada — no sinal operável
IT_2017Q2,IT,2017-08-08,5.0,6.0,0.3523,-0.0471,0.6281,-0.0032,-0.0252,True,classificada — no sinal operável
IT_2017Q3,IT,2017-11-02,3.0,8.0,0.336,-0.0687,0.6125,-0.0353,0.0873,True,classificada — no sinal operável
IT_2017Q4,IT,2018-02-06,5.0,11.0,0.3364,-0.0212,0.5702,0.027,0.0339,True,classificada — no sinal operável
IT_2018Q1,IT,2018-05-08,5.0,10.0,0.3285,-0.008,0.5285,0.0965,0.1181,True,classificada — no sinal operável
IT_2018Q2,IT,2018-08-01,5.0,9.0,0.3701,-0.0467,0.6109,0.1315,0.0723,True,classificada — no sinal operável
IT_2018Q3,IT,2018-11-01,5.0,7.0,0.4095,0.0564,0.7178,0.0596,-0.0092,True,classificada — no sinal operável
IT_2018Q4,IT,2019-02-05,3.0,10.0,0.36,-0.0773,0.646,0.0194,0.1165,True,classificada — no sinal operável
IT_2019Q1,IT,2019-05-07,3.0,10.0,0.318,-0.0557,0.5149,-0.0259,-0.1927,True,classificada — no sinal operável
IT_2019Q2,IT,2019-07-30,3.0,9.0,0.3369,-0.0869,0.5613,-0.1202,-0.0157,True,classificada — no sinal operável
IT_2019Q3,IT,2019-10-31,3.0,8.0,0.3386,-0.0447,0.5877,0.0763,0.0785,True,classificada — no sinal operável
IT_2019Q4,IT,2020-02-04,3.0,10.0,0.3601,-0.0376,0.5729,-0.1897,-0.2522,True,classificada — no sinal operável
IT_2020Q1,IT,2020-05-08,3.0,7.0,0.203,-0.095,0.164,0.0944,0.0386,True,classificada — no sinal operável
IT_2020Q2,IT,2020-08-04,3.0,8.0,0.2706,-0.0714,0.4441,-0.0063,-0.0824,True,classificada — no sinal operável
IT_2020Q3,IT,2020-11-03,1.0,12.0,,,0.5944,0.1192,0.158,False,sem distância de tom: <2 gestores identificados ou Q&A não detectado
IT_2020Q4,IT,2021-02-09,3.0,8.0,0.3171,-0.0135,0.7133,0.0023,0.259,True,classificada — no sinal operável
IT_2021Q1,IT,2021-05-05,3.0,8.0,0.3775,0.046,0.7523,0.021,0.2867,True,classificada — no sinal operável
IT_2021Q2,IT,2021-08-03,3.0,7.0,0.3021,-0.0298,0.5286,0.1356,0.2208,True,classificada — no sinal operável
IT_2021Q3,IT,2021-11-02,3.0,8.0,0.3862,0.0277,0.6797,-0.1551,-0.1849,True,classificada — no sinal operável
IT_2021Q4,IT,2022-02-08,3.0,5.0,0.3625,-0.0274,0.7121,0.0472,-0.115,True,classificada — no sinal operável
IT_2022Q1,IT,2022-05-03,4.0,6.0,0.4175,0.0796,0.7192,-0.1003,-0.0008,True,classificada — no sinal operável
IT_2022Q2,IT,2022-08-02,3.0,6.0,0.343,0.0058,0.6619,0.01,0.0549,True,classificada — no sinal operável
IT_2022Q3,IT,2022-11-01,2.0,8.0,0.1016,-0.2584,0.5987,0.1143,0.1044,True,classificada — no sinal operável
IT_2022Q4,IT,2023-02-07,3.0,8.0,0.1464,-0.2351,0.6565,0.016,-0.0865,True,classificada — no sinal operável
IT_2023Q1,IT,2023-05-02,3.0,9.0,0.3335,-0.0037,0.565,0.1129,0.1147,True,classificada — no sinal operável
IT_2023Q2,IT,2023-08-01,4.0,8.0,0.4598,0.0617,0.6215,0.0231,-0.045,True,classificada — no sinal operável
IT_2023Q3,IT,2023-11-03,3.0,9.0,0.3473,0.0082,0.5883,0.2057,0.2886,True,classificada — no sinal operável
IT_2023Q4,IT,2024-02-06,3.0,10.0,0.3329,0.0099,0.5755,0.0827,0.0075,True,classificada — no sinal operável
IT_2024Q1,IT,2024-04-30,5.0,8.0,0.3257,0.0616,0.241,-0.0662,0.0889,True,classificada — no sinal operável
IT_2024Q2,IT,2024-07-30,4.0,8.0,0.3875,0.0319,0.5396,0.0078,0.065,True,classificada — no sinal operável
IT_2024Q3,IT,2024-11-05,3.0,10.0,0.3686,-0.0015,0.5998,0.0242,0.0475,True,classificada — no sinal operável
IT_2024Q4,IT,2025-02-04,4.0,9.0,0.2713,-0.0523,0.5707,-0.1471,-0.2572,True,classificada — no sinal operável
IT_2025Q1,IT,2025-05-06,3.0,8.0,0.3181,-0.0108,0.5565,0.0193,-0.4158,True,classificada — no sinal operável
JBL_2006Q2,JBL,2006-03-22,4.0,10.0,0.331,,0.4725,-0.0475,-0.3782,False,"distância de tom OK, mas histórico curto para residualizar (<250 calls anteriores)"
JBL_2006Q3,JBL,2006-06-22,4.0,10.0,0.2011,,0.1529,-0.0797,0.1139,False,"distância de tom OK, mas histórico curto para residualizar (<250 calls anteriores)"
JBL_2006Q4,JBL,2006-09-26,2.0,15.0,0.0,,0.2795,-0.0115,-0.1795,False,"distância de tom OK, mas histórico curto para residualizar (<250 calls anteriores)"
JBL_2007Q1,JBL,2006-12-20,1.0,17.0,,,0.1272,0.0079,-0.0805,False,sem distância de tom: <2 gestores identificados ou Q&A não detectado
JBL_2007Q2,JBL,2007-03-22,1.0,23.0,,,0.2298,0.0172,-0.0595,False,sem distância de tom: <2 gestores identificados ou Q&A não detectado
JBL_2007Q4,JBL,2007-09-27,4.0,10.0,0.2853,,0.4896,-0.1403,-0.374,False,"distância de tom OK, mas histórico curto para residualizar (<250 calls anteriores)"
JBL_2008Q1,JBL,2007-12-20,4.0,8.0,0.2245,,0.3099,-0.272,-0.3678,False,"distância de tom OK, mas histórico curto para residualizar (<250 calls anteriores)"
JBL_2008Q2,JBL,2008-03-25,5.0,13.0,0.312,0.0713,0.1423,0.0966,0.521,True,classificada — no sinal operável
JBL_2008Q3,JBL,2008-06-24,5.0,11.0,0.3359,0.0792,0.2007,0.0265,-0.3184,True,classificada — no sinal operável
JBL_2008Q4,JBL,2008-09-26,5.0,9.0,0.2713,-0.0892,0.1586,-0.3046,-0.4566,True,classificada — no sinal operável
JBL_2009Q1,JBL,2008-12-19,1.0,12.0,,,0.0352,0.0047,-0.3122,False,sem distância de tom: <2 gestores identificados ou Q&A não detectado
JBL_2009Q2,JBL,2009-03-24,1.0,10.0,,,0.1488,0.7746,0.7229,False,sem distância de tom: <2 gestores identificados ou Q&A não detectado
JBL_2009Q3,JBL,2009-06-23,5.0,9.0,0.2747,0.0374,0.2681,0.2974,0.8112,True,classificada — no sinal operável
JBL_2010Q1,JBL,2009-12-21,2.0,13.0,0.0,-0.1856,0.3514,-0.02,0.0374,True,classificada — no sinal operável
JBL_2010Q2,JBL,2010-03-23,1.0,13.0,,,0.1799,-0.0348,-0.2203,False,sem distância de tom: <2 gestores identificados ou Q&A não detectado
JBL_2010Q3,JBL,2010-06-23,1.0,13.0,,,0.4897,0.0317,-0.1393,False,sem distância de tom: <2 gestores identificados ou Q&A não detectado
JBL_2011Q2,JBL,2011-03-22,5.0,9.0,0.2422,-0.0229,0.3756,-0.0387,-0.0739,True,classificada — no sinal operável
JBL_2011Q3,JBL,2011-06-21,5.0,11.0,0.3487,0.025,0.4515,0.0317,-0.0961,True,classificada — no sinal operável
JBL_2011Q4,JBL,2011-09-27,5.0,11.0,0.4147,0.0671,0.649,0.0678,0.0695,True,classificada — no sinal operável
JBL_2012Q1,JBL,2011-12-21,4.0,8.0,0.3939,0.0505,0.5121,0.1962,0.3207,True,classificada — no sinal operável
JBL_2012Q2,JBL,2012-03-21,3.0,10.0,0.3001,-0.0298,0.6125,-0.1193,-0.1875,True,classificada — no sinal operável
JBL_2012Q3,JBL,2012-06-19,5.0,10.0,0.3413,0.0485,0.3546,0.0531,0.1314,True,classificada — no sinal operável
JBL_2012Q4,JBL,2012-09-25,2.0,13.0,0.0,-0.1841,0.1665,-0.1464,-0.0347,True,classificada — no sinal operável
JBL_2013Q1,JBL,2012-12-20,3.0,12.0,0.3227,0.0096,0.4424,0.0123,-0.0499,True,classificada — no sinal operável
JBL_2013Q2,JBL,2013-03-20,5.0,10.0,0.2502,-0.047,0.2451,-0.132,0.0426,True,classificada — no sinal operável
JBL_2013Q3,JBL,2013-06-19,5.0,9.0,0.2666,-0.027,0.2274,0.1829,0.2599,True,classificada — no sinal operável
JBL_2013Q4,JBL,2013-09-25,5.0,10.0,0.2618,-0.0501,0.2825,-0.0336,-0.2827,True,classificada — no sinal operável
JBL_2014Q1,JBL,2013-12-17,5.0,8.0,0.3169,-0.0142,0.3105,0.1384,0.1262,True,classificada — no sinal operável
JBL_2014Q2,JBL,2014-03-19,1.0,11.0,,,0.1614,-0.0527,0.0866,False,sem distância de tom: <2 gestores identificados ou Q&A não detectado
JBL_2014Q3,JBL,2014-06-18,2.0,10.0,0.0,-0.1534,0.1937,0.0251,0.0708,True,classificada — no sinal operável
JBL_2014Q4,JBL,2014-09-24,5.0,9.0,0.2703,0.0338,0.2787,-0.0943,0.0222,True,classificada — no sinal operável
JBL_2020Q1,JBL,2019-12-17,4.0,5.0,0.2543,-0.0203,0.6003,0.0051,-0.5351,True,classificada — no sinal operável
JBL_2020Q2,JBL,2020-03-13,4.0,7.0,0.1608,-0.0394,0.1412,0.1076,0.2968,True,classificada — no sinal operável
JBL_2020Q3,JBL,2020-06-19,3.0,9.0,0.2406,-0.0021,0.3347,0.0143,-0.0001,True,classificada — no sinal operável
JBL_2020Q4,JBL,2020-09-24,4.0,7.0,0.3248,0.0166,0.4836,0.0368,0.2598,True,classificada — no sinal operável
JBL_2021Q1,JBL,2020-12-17,4.0,7.0,0.2107,-0.0949,0.535,0.0348,0.1515,True,classificada — no sinal operável
JBL_2021Q2,JBL,2021-03-16,4.0,8.0,0.3079,-0.0058,0.6125,0.0596,0.12,True,classificada — no sinal operável
JBL_2021Q3,JBL,2021-06-17,3.0,8.0,0.3219,0.1017,0.4855,-0.0646,0.1001,True,classificada — no sinal operável
JBL_2021Q4,JBL,2021-09-29,4.0,7.0,0.3324,0.0258,0.6422,0.0152,0.2111,True,classificada — no sinal operável
JBL_2022Q1,JBL,2021-12-16,4.0,6.0,0.3639,0.083,0.3605,0.0691,-0.0272,True,classificada — no sinal operável
JBL_2022Q2,JBL,2022-03-16,3.0,7.0,0.3274,0.0687,0.4657,-0.0732,-0.0416,True,classificada — no sinal operável
JBL_2022Q3,JBL,2022-06-16,3.0,5.0,0.3786,-0.0185,0.6244,0.0116,0.0771,True,classificada — no sinal operável
JBL_2022Q4,JBL,2022-09-27,4.0,7.0,0.2584,-0.0728,0.5465,0.1253,0.2111,True,classificada — no sinal operável
JBL_2023Q1,JBL,2022-12-15,4.0,6.0,0.1633,-0.1708,0.409,0.0981,0.108,True,classificada — no sinal operável
JBL_2023Q2,JBL,2023-03-16,8.0,3.0,0.3491,-0.0929,0.4498,0.0656,0.3364,True,classificada — no sinal operável
JBL_2023Q3,JBL,2023-06-15,3.0,8.0,0.1047,-0.208,0.4693,0.0839,0.0018,True,classificada — no sinal operável
JBL_2023Q4,JBL,2023-09-28,4.0,7.0,0.0932,-0.2215,0.603,-0.0347,0.0087,True,classificada — no sinal operável
JBL_2024Q1,JBL,2023-12-14,3.0,8.0,0.1287,-0.1652,0.2503,-0.1129,-0.0929,True,classificada — no sinal operável
JBL_2024Q2,JBL,2024-03-15,3.0,6.0,0.1194,-0.2179,0.4983,0.0638,-0.0367,True,classificada — no sinal operável
JBL_2024Q3,JBL,2024-06-20,,,,,0.2822,0.0207,-0.0005,False,sem distância de tom: <2 gestores identificados ou Q&A não detectado
JBL_2024Q4,JBL,2024-09-26,6.0,8.0,0.1418,-0.2087,0.6171,-0.0243,0.1558,True,classificada — no sinal operável
JBL_2025Q1,JBL,2024-12-18,3.0,8.0,0.3306,0.0104,0.5864,0.1631,0.0328,True,classificada — no sinal operável
JBL_2025Q2,JBL,2025-03-20,3.0,7.0,0.1222,-0.1651,0.4994,-0.0884,0.4494,True,classificada — no sinal operável
JKHY_2018Q1,JKHY,2017-11-08,4.0,6.0,0.2609,0.0027,0.3103,0.0321,0.0148,True,classificada — no sinal operável
JKHY_2018Q2,JKHY,2018-02-07,4.0,8.0,0.2451,0.0061,0.3199,0.0571,0.0469,True,classificada — no sinal operável
JKHY_2018Q3,JKHY,2018-05-02,4.0,4.0,0.2769,0.0168,0.3421,0.0581,0.1533,True,classificada — no sinal operável
JKHY_2018Q4,JKHY,2018-08-22,2.0,8.0,0.1326,-0.1625,0.3902,0.0267,-0.1307,True,classificada — no sinal operável
JKHY_2019Q1,JKHY,2018-11-07,1.0,6.0,,,0.2403,-0.0531,-0.0765,False,sem distância de tom: <2 gestores identificados ou Q&A não detectado
JKHY_2019Q2,JKHY,2019-02-06,2.0,8.0,0.1038,-0.0983,0.2545,0.0022,0.0257,True,classificada — no sinal operável
JKHY_2019Q3,JKHY,2019-05-01,2.0,4.0,0.3426,0.1889,0.2979,-0.0622,-0.0016,True,classificada — no sinal operável
JKHY_2019Q4,JKHY,2019-08-21,3.0,8.0,0.1203,-0.1244,0.3268,0.0378,0.0619,True,classificada — no sinal operável
JKHY_2020Q1,JKHY,2019-11-06,2.0,4.0,0.0106,-0.1917,0.4374,0.0202,0.1193,True,classificada — no sinal operável
JKHY_2020Q2,JKHY,2020-02-05,2.0,10.0,0.1367,-0.1197,0.4496,-0.0204,0.0831,True,classificada — no sinal operável
JKHY_2020Q3,JKHY,2020-05-05,2.0,9.0,0.0387,-0.2612,0.3757,0.019,0.0277,True,classificada — no sinal operável
JKHY_2020Q4,JKHY,2020-08-19,2.0,7.0,0.0535,-0.1808,0.1678,-0.0495,-0.067,True,classificada — no sinal operável
JKHY_2021Q1,JKHY,2020-11-05,2.0,8.0,0.0,-0.1472,0.239,0.0174,0.0156,True,classificada — no sinal operável
JKHY_2021Q2,JKHY,2021-02-09,2.0,5.0,0.0452,-0.2236,0.3662,-0.0023,0.049,True,classificada — no sinal operável
JKHY_2021Q3,JKHY,2021-05-04,2.0,8.0,0.064,-0.1772,0.3933,-0.0291,0.0957,True,classificada — no sinal operável
JKHY_2021Q4,JKHY,2021-08-18,2.0,8.0,0.0246,-0.2541,0.4456,-0.0238,-0.0881,True,classificada — no sinal operável
JKHY_2022Q1,JKHY,2021-11-09,2.0,8.0,0.0534,-0.1812,0.4721,-0.0149,0.1014,True,classificada — no sinal operável
JKHY_2022Q2,JKHY,2022-02-09,2.0,5.0,0.0013,-0.281,0.458,0.0664,0.036,True,classificada — no sinal operável
JKHY_2022Q3,JKHY,2022-05-04,2.0,10.0,0.0656,-0.1946,0.4602,-0.0045,0.1146,True,classificada — no sinal operável
JKHY_2022Q4,JKHY,2022-08-17,4.0,10.0,0.2619,-0.0043,0.3878,-0.0216,-0.0745,True,classificada — no sinal operável
JKHY_2023Q1,JKHY,2022-11-09,15.0,,0.2267,,0.38,0.0246,-0.0382,False,"distância de tom OK, mas confundidor ausente (analyst_tone, analyst_tone_distance)"
JKHY_2023Q2,JKHY,2023-02-08,3.0,10.0,0.2686,0.0493,0.33,-0.0415,-0.0704,True,classificada — no sinal operável
JKHY_2023Q3,JKHY,2023-05-03,3.0,13.0,0.2612,0.0047,0.3456,-0.0275,0.0898,True,classificada — no sinal operável
JKHY_2023Q4,JKHY,2023-08-16,5.0,9.0,0.2199,-0.0585,0.3886,-0.0076,-0.0163,True,classificada — no sinal operável
JKHY_2024Q1,JKHY,2023-11-08,4.0,9.0,0.1993,-0.1314,0.576,0.0922,0.1668,True,classificada — no sinal operável
JKHY_2024Q2,JKHY,2024-02-07,6.0,10.0,0.2465,-0.0106,0.4828,0.0341,-0.0196,True,classificada — no sinal operável
JKHY_2024Q3,JKHY,2024-05-08,4.0,12.0,0.2563,-0.0375,0.3936,-0.0052,0.0103,True,classificada — no sinal operável
JKHY_2024Q4,JKHY,2024-08-21,3.0,11.0,0.1713,-0.1276,0.4973,0.0527,0.0408,True,classificada — no sinal operável
JKHY_2025Q1,JKHY,2024-11-06,3.0,12.0,0.1927,-0.0633,0.4751,-0.0375,-0.0339,True,classificada — no sinal operável
JKHY_2025Q2,JKHY,2025-02-05,4.0,10.0,0.3082,0.0155,0.4709,0.1056,-0.0078,True,classificada — no sinal operável
JKHY_2025Q3,JKHY,2025-05-07,,,,,0.3057,0.0588,-0.0446,False,sem distância de tom: <2 gestores identificados ou Q&A não detectado
JNPR_2006Q1,JNPR,2006-04-20,8.0,10.0,0.2789,,0.4878,,,False,"distância de tom OK, mas sem pregão de decisão (call não alinhada a preços)"
JNPR_2006Q2,JNPR,2006-07-20,2.0,11.0,0.0,,0.5345,,,False,"distância de tom OK, mas sem pregão de decisão (call não alinhada a preços)"
JNPR_2006Q3,JNPR,2006-10-18,2.0,12.0,0.0,,0.5626,,,False,"distância de tom OK, mas sem pregão de decisão (call não alinhada a preços)"
JNPR_2006Q4,JNPR,2007-01-30,2.0,13.0,0.0,,0.5959,,,False,"distância de tom OK, mas sem pregão de decisão (call não alinhada a preços)"
JNPR_2007Q1,JNPR,2007-04-23,2.0,13.0,0.0001,,0.5204,,,False,"distância de tom OK, mas sem pregão de decisão (call não alinhada a preços)"
JNPR_2007Q3,JNPR,2007-10-23,5.0,12.0,0.3418,,0.515,,,False,"distância de tom OK, mas sem pregão de decisão (call não alinhada a preços)"
JNPR_2007Q4,JNPR,2008-01-25,3.0,8.0,0.37,,0.6827,,,False,"distância de tom OK, mas sem pregão de decisão (call não alinhada a preços)"
JNPR_2008Q1,JNPR,2008-04-24,1.0,12.0,,,0.4962,,,False,sem distância de tom: <2 gestores identificados ou Q&A não detectado
JNPR_2008Q2,JNPR,2008-07-24,5.0,8.0,0.3456,,0.5794,,,False,"distância de tom OK, mas sem pregão de decisão (call não alinhada a preços)"
JNPR_2008Q3,JNPR,2008-10-23,6.0,10.0,0.4181,,0.4938,,,False,"distância de tom OK, mas sem pregão de decisão (call não alinhada a preços)"
JNPR_2008Q4,JNPR,2009-01-29,5.0,10.0,0.3103,,0.4641,,,False,"distância de tom OK, mas sem pregão de decisão (call não alinhada a preços)"
JNPR_2009Q2,JNPR,2009-07-23,1.0,17.0,,,0.6252,,,False,sem distância de tom: <2 gestores identificados ou Q&A não detectado
JNPR_2009Q3,JNPR,2009-10-23,2.0,14.0,0.0,,0.7102,,,False,"distância de tom OK, mas sem pregão de decisão (call não alinhada a preços)"
JNPR_2009Q4,JNPR,2010-01-29,2.0,19.0,0.0,,0.7117,,,False,"distância de tom OK, mas sem pregão de decisão (call não alinhada a preços)"
JNPR_2010Q1,JNPR,2010-04-20,1.0,17.0,,,0.6161,,,False,sem distância de tom: <2 gestores identificados ou Q&A não detectado
JNPR_2010Q2,JNPR,2010-07-22,5.0,14.0,0.3809,,0.535,,,False,"distância de tom OK, mas sem pregão de decisão (call não alinhada a preços)"
JNPR_2010Q3,JNPR,2010-10-19,1.0,14.0,,,0.5071,,,False,sem distância de tom: <2 gestores identificados ou Q&A não detectado
JNPR_2010Q4,JNPR,2011-01-26,5.0,10.0,0.4185,,0.6889,,,False,"distância de tom OK, mas sem pregão de decisão (call não alinhada a preços)"
JNPR_2011Q1,JNPR,2011-04-19,5.0,13.0,0.3965,,0.655,,,False,"distância de tom OK, mas sem pregão de decisão (call não alinhada a preços)"
JNPR_2011Q2,JNPR,2011-07-26,5.0,17.0,0.3736,,0.4975,,,False,"distância de tom OK, mas sem pregão de decisão (call não alinhada a preços)"
JNPR_2011Q3,JNPR,2011-10-19,5.0,16.0,0.3787,,0.5397,,,False,"distância de tom OK, mas sem pregão de decisão (call não alinhada a preços)"
JNPR_2011Q4,JNPR,2012-01-26,5.0,12.0,0.3177,,0.319,,,False,"distância de tom OK, mas sem pregão de decisão (call não alinhada a preços)"
JNPR_2012Q1,JNPR,2012-04-24,6.0,11.0,0.3316,,0.4085,,,False,"distância de tom OK, mas sem pregão de decisão (call não alinhada a preços)"
JNPR_2012Q2,JNPR,2012-07-24,6.0,10.0,0.3395,,0.4644,,,False,"distância de tom OK, mas sem pregão de decisão (call não alinhada a preços)"
JNPR_2012Q3,JNPR,2012-10-23,6.0,10.0,0.4327,,0.6341,,,False,"distância de tom OK, mas sem pregão de decisão (call não alinhada a preços)"
JNPR_2012Q4,JNPR,2013-01-24,6.0,10.0,0.4288,,0.6258,,,False,"distância de tom OK, mas sem pregão de decisão (call não alinhada a preços)"
JNPR_2013Q1,JNPR,2013-04-23,6.0,10.0,0.3608,,0.5053,,,False,"distância de tom OK, mas sem pregão de decisão (call não alinhada a preços)"
JNPR_2013Q2,JNPR,2013-07-23,6.0,9.0,0.3897,,0.6343,,,False,"distância de tom OK, mas sem pregão de decisão (call não alinhada a preços)"
JNPR_2013Q3,JNPR,2013-10-22,6.0,10.0,0.4264,,0.6947,,,False,"distância de tom OK, mas sem pregão de decisão (call não alinhada a preços)"
JNPR_2013Q4,JNPR,2014-01-23,5.0,12.0,0.3108,,0.5552,,,False,"distância de tom OK, mas sem pregão de decisão (call não alinhada a preços)"
JNPR_2014Q1,JNPR,2014-04-23,2.0,20.0,0.0001,,0.5313,,,False,"distância de tom OK, mas sem pregão de decisão (call não alinhada a preços)"
JNPR_2014Q2,JNPR,2014-07-22,2.0,12.0,0.0001,,0.5649,,,False,"distância de tom OK, mas sem pregão de decisão (call não alinhada a preços)"
JNPR_2014Q3,JNPR,2014-10-23,5.0,13.0,0.2786,,0.0914,,,False,"distância de tom OK, mas sem pregão de decisão (call não alinhada a preços)"
JNPR_2014Q4,JNPR,2015-01-27,2.0,14.0,0.0,,0.3145,,,False,"distância de tom OK, mas sem pregão de decisão (call não alinhada a preços)"
JNPR_2015Q1,JNPR,2015-04-24,2.0,15.0,0.0,,0.5039,,,False,"distância de tom OK, mas sem pregão de decisão (call não alinhada a preços)"
JNPR_2015Q2,JNPR,2015-07-24,2.0,18.0,0.3531,,0.5405,,,False,"distância de tom OK, mas sem pregão de decisão (call não alinhada a preços)"
JNPR_2015Q3,JNPR,2015-10-23,2.0,16.0,0.0001,,0.6268,,,False,"distância de tom OK, mas sem pregão de decisão (call não alinhada a preços)"
JNPR_2015Q4,JNPR,2016-01-27,1.0,13.0,,,0.593,,,False,sem distância de tom: <2 gestores identificados ou Q&A não detectado
JNPR_2016Q1,JNPR,2016-04-29,2.0,17.0,0.0001,,0.3729,,,False,"distância de tom OK, mas sem pregão de decisão (call não alinhada a preços)"
JNPR_2016Q2,JNPR,2016-07-26,2.0,17.0,0.0,,0.392,,,False,"distância de tom OK, mas sem pregão de decisão (call não alinhada a preços)"
JNPR_2016Q3,JNPR,2016-10-26,2.0,19.0,0.0,,0.5591,,,False,"distância de tom OK, mas sem pregão de decisão (call não alinhada a preços)"
JNPR_2016Q4,JNPR,2017-01-26,1.0,17.0,,,0.4655,,,False,sem distância de tom: <2 gestores identificados ou Q&A não detectado
JNPR_2017Q1,JNPR,2017-04-26,2.0,18.0,0.0,,0.3629,,,False,"distância de tom OK, mas sem pregão de decisão (call não alinhada a preços)"
JNPR_2017Q2,JNPR,2017-07-25,2.0,18.0,0.0001,,0.5567,,,False,"distância de tom OK, mas sem pregão de decisão (call não alinhada a preços)"
JNPR_2017Q3,JNPR,2017-10-24,2.0,20.0,0.0,,0.2615,,,False,"distância de tom OK, mas sem pregão de decisão (call não alinhada a preços)"
JNPR_2017Q4,JNPR,2018-01-31,1.0,18.0,,,0.3596,,,False,sem distância de tom: <2 gestores identificados ou Q&A não detectado
JNPR_2018Q1,JNPR,2018-05-01,2.0,15.0,0.0,,0.4849,,,False,"distância de tom OK, mas sem pregão de decisão (call não alinhada a preços)"
JNPR_2018Q2,JNPR,2018-07-27,2.0,17.0,0.0,,0.4894,,,False,"distância de tom OK, mas sem pregão de decisão (call não alinhada a preços)"
JNPR_2018Q3,JNPR,2018-10-23,1.0,15.0,,,0.3203,,,False,sem distância de tom: <2 gestores identificados ou Q&A não detectado
JNPR_2018Q4,JNPR,2019-01-29,3.0,11.0,0.3269,,0.4638,,,False,"distância de tom OK, mas sem pregão de decisão (call não alinhada a preços)"
JNPR_2019Q1,JNPR,2019-04-25,3.0,12.0,0.3483,,0.4891,,,False,"distância de tom OK, mas sem pregão de decisão (call não alinhada a preços)"
JNPR_2019Q2,JNPR,2019-07-25,3.0,13.0,0.3413,,0.546,,,False,"distância de tom OK, mas sem pregão de decisão (call não alinhada a preços)"
JNPR_2019Q3,JNPR,2019-10-24,3.0,11.0,0.3824,,0.633,,,False,"distância de tom OK, mas sem pregão de decisão (call não alinhada a preços)"
JNPR_2019Q4,JNPR,2020-01-28,3.0,12.0,0.3747,,0.5945,,,False,"distância de tom OK, mas sem pregão de decisão (call não alinhada a preços)"
JNPR_2020Q1,JNPR,2020-04-28,3.0,13.0,0.32,,0.4016,,,False,"distância de tom OK, mas sem pregão de decisão (call não alinhada a preços)"
JNPR_2020Q2,JNPR,2020-07-28,3.0,14.0,0.3653,,0.5455,,,False,"distância de tom OK, mas sem pregão de decisão (call não alinhada a preços)"
JNPR_2020Q3,JNPR,2020-10-27,3.0,11.0,0.3808,,0.6299,,,False,"distância de tom OK, mas sem pregão de decisão (call não alinhada a preços)"
JNPR_2020Q4,JNPR,2021-01-29,3.0,10.0,0.3464,,0.5977,,,False,"distância de tom OK, mas sem pregão de decisão (call não alinhada a preços)"
JNPR_2021Q1,JNPR,2021-04-27,3.0,12.0,0.3591,,0.6446,,,False,"distância de tom OK, mas sem pregão de decisão (call não alinhada a preços)"
JNPR_2021Q2,JNPR,2021-07-27,3.0,9.0,0.4318,,0.8022,,,False,"distância de tom OK, mas sem pregão de decisão (call não alinhada a preços)"
JNPR_2021Q3,JNPR,2021-10-26,3.0,12.0,0.3734,,0.6398,,,False,"distância de tom OK, mas sem pregão de decisão (call não alinhada a preços)"
JNPR_2021Q4,JNPR,2022-01-27,,,,,0.6858,,,False,sem distância de tom: <2 gestores identificados ou Q&A não detectado
JNPR_2022Q1,JNPR,2022-04-26,4.0,9.0,0.3876,,0.5446,,,False,"distância de tom OK, mas sem pregão de decisão (call não alinhada a preços)"
JNPR_2022Q2,JNPR,2022-07-26,3.0,14.0,0.3531,,0.5079,,,False,"distância de tom OK, mas sem pregão de decisão (call não alinhada a preços)"
JNPR_2022Q3,JNPR,2022-10-25,3.0,14.0,0.3458,,0.5286,,,False,"distância de tom OK, mas sem pregão de decisão (call não alinhada a preços)"
JNPR_2022Q4,JNPR,2023-01-31,3.0,12.0,0.3553,,0.5883,,,False,"distância de tom OK, mas sem pregão de decisão (call não alinhada a preços)"
JNPR_2023Q1,JNPR,2023-04-25,3.0,11.0,0.3094,,0.4117,,,False,"distância de tom OK, mas sem pregão de decisão (call não alinhada a preços)"
JNPR_2023Q2,JNPR,2023-07-27,3.0,12.0,0.2915,,0.3521,,,False,"distância de tom OK, mas sem pregão de decisão (call não alinhada a preços)"
JNPR_2023Q3,JNPR,2023-10-26,3.0,12.0,0.3296,,0.3845,,,False,"distância de tom OK, mas sem pregão de decisão (call não alinhada a preços)"
KEYS_2018Q1,KEYS,2018-03-01,2.0,12.0,0.0002,-0.1413,0.6565,0.0869,0.2485,True,classificada — no sinal operável
KEYS_2018Q2,KEYS,2018-05-30,2.0,12.0,0.0001,-0.1353,0.6838,-0.0012,0.084,True,classificada — no sinal operável
KEYS_2018Q3,KEYS,2018-08-21,2.0,11.0,0.0001,-0.1301,0.6613,-0.0669,-0.2005,True,classificada — no sinal operável
KEYS_2018Q4,KEYS,2018-11-21,3.0,10.0,0.3216,0.1258,0.6816,-0.0094,0.4962,True,classificada — no sinal operável
KEYS_2019Q1,KEYS,2019-02-21,3.0,8.0,0.3295,0.1113,0.686,0.0074,-0.0996,True,classificada — no sinal operável
KEYS_2019Q2,KEYS,2019-05-29,3.0,8.0,0.4006,0.2214,0.7321,0.0923,0.1849,True,classificada — no sinal operável
KEYS_2019Q3,KEYS,2019-08-21,3.0,10.0,0.3325,0.1274,0.6273,0.0458,0.145,True,classificada — no sinal operável
KEYS_2019Q4,KEYS,2019-11-26,3.0,12.0,0.3229,0.1144,0.6396,-0.0394,-0.1182,True,classificada — no sinal operável
KEYS_2020Q1,KEYS,2020-02-25,3.0,10.0,0.3089,0.155,0.6144,-0.1343,0.0921,True,classificada — no sinal operável
KEYS_2020Q2,KEYS,2020-05-26,3.0,13.0,0.3122,0.0899,0.5154,0.0383,-0.0124,True,classificada — no sinal operável
KEYS_2020Q3,KEYS,2020-08-20,3.0,12.0,0.3134,0.1094,0.6437,-0.074,0.0901,True,classificada — no sinal operável
KEYS_2020Q4,KEYS,2020-11-18,3.0,15.0,0.3755,0.1677,0.6407,0.1231,0.2052,True,classificada — no sinal operável
KEYS_2021Q1,KEYS,2021-02-18,3.0,12.0,0.3717,0.1576,0.6933,-0.1052,-0.0828,True,classificada — no sinal operável
KEYS_2021Q2,KEYS,2021-05-19,5.0,13.0,0.3967,0.082,0.555,0.0847,0.2037,True,classificada — no sinal operável
KEYS_2021Q3,KEYS,2021-08-18,3.0,12.0,0.3532,0.1444,0.6567,0.0844,0.1776,True,classificada — no sinal operável
KEYS_2021Q4,KEYS,2021-11-22,3.0,11.0,0.2693,0.0734,0.6254,0.0446,-0.2015,True,classificada — no sinal operável
KEYS_2022Q1,KEYS,2022-02-17,3.0,12.0,0.3745,0.1782,0.7039,-0.0074,-0.151,True,classificada — no sinal operável
KEYS_2022Q2,KEYS,2022-05-17,3.0,11.0,0.3402,0.0948,0.5228,-0.0434,0.2357,True,classificada — no sinal operável
KEYS_2022Q3,KEYS,2022-08-17,3.0,9.0,0.3195,0.054,0.7105,-0.063,-0.0231,True,classificada — no sinal operável
KEYS_2022Q4,KEYS,2022-11-17,3.0,10.0,0.292,0.0281,0.5483,-0.0036,0.0638,True,classificada — no sinal operável
KEYS_2023Q1,KEYS,2023-02-21,3.0,12.0,0.3694,0.0891,0.5567,-0.0362,-0.012,True,classificada — no sinal operável
KEYS_2023Q2,KEYS,2023-05-16,3.0,10.0,0.3342,0.0385,0.4812,0.034,-0.0574,True,classificada — no sinal operável
KEYS_2023Q3,KEYS,2023-08-17,3.0,12.0,0.4135,0.1283,0.4799,0.0331,0.0365,True,classificada — no sinal operável
KEYS_2023Q4,KEYS,2023-11-20,3.0,12.0,0.3914,0.1014,0.3915,0.1391,0.0837,True,classificada — no sinal operável
KEYS_2024Q1,KEYS,2024-02-20,3.0,12.0,0.3254,0.0016,0.5791,0.0741,0.1387,True,classificada — no sinal operável
KEYS_2024Q2,KEYS,2024-05-20,3.0,9.0,0.3822,0.1377,0.3736,-0.1163,-0.0959,True,classificada — no sinal operável
KEYS_2024Q3,KEYS,2024-08-20,3.0,11.0,0.4783,0.2047,0.5239,-0.0075,-0.0328,True,classificada — no sinal operável
KEYS_2024Q4,KEYS,2024-11-19,3.0,10.0,0.3564,0.0634,0.4942,-0.0324,0.05,True,classificada — no sinal operável
KEYS_2025Q1,KEYS,2025-02-25,3.0,10.0,0.1439,-0.1729,0.5608,-0.0329,0.0033,True,classificada — no sinal operável
KLAC_2009Q1,KLAC,2008-10-30,5.0,14.0,0.2153,-0.0186,0.0705,-0.158,-0.0679,True,classificada — no sinal operável
KLAC_2009Q2,KLAC,2009-01-29,4.0,13.0,0.289,0.149,-0.18,-0.1717,0.4114,True,classificada — no sinal operável
KLAC_2009Q3,KLAC,2009-04-24,3.0,10.0,0.2089,-0.0286,0.2452,0.0585,0.2466,True,classificada — no sinal operável
KLAC_2009Q4,KLAC,2009-07-23,1.0,13.0,,,0.2393,0.0149,0.1325,False,sem distância de tom: <2 gestores identificados ou Q&A não detectado
KLAC_2010Q1,KLAC,2009-10-29,1.0,15.0,,,0.3976,-0.0743,-0.1351,False,sem distância de tom: <2 gestores identificados ou Q&A não detectado
KLAC_2010Q2,KLAC,2010-01-28,1.0,15.0,,,0.3181,0.0191,0.1729,False,sem distância de tom: <2 gestores identificados ou Q&A não detectado
KLAC_2010Q3,KLAC,2010-04-29,1.0,13.0,,,0.3524,-0.1354,-0.134,False,sem distância de tom: <2 gestores identificados ou Q&A não detectado
KLAC_2010Q4,KLAC,2010-07-29,4.0,9.0,0.2252,-0.0493,0.3101,-0.0406,0.2041,True,classificada — no sinal operável
KLAC_2011Q1,KLAC,2010-10-29,3.0,12.0,0.2141,-0.0258,0.2319,0.0321,0.2406,True,classificada — no sinal operável
KLAC_2011Q3,KLAC,2011-04-29,5.0,7.0,0.2194,-0.0528,0.252,-0.0162,-0.0911,True,classificada — no sinal operável
KLAC_2011Q4,KLAC,2011-07-28,5.0,8.0,0.1734,-0.0777,0.0915,-0.1095,0.135,True,classificada — no sinal operável
KLAC_2012Q1,KLAC,2011-10-28,5.0,15.0,0.2521,-0.0161,0.2114,-0.0676,0.1006,True,classificada — no sinal operável
KLAC_2012Q2,KLAC,2012-01-26,5.0,16.0,0.2712,-0.0143,0.4152,-0.0555,0.0788,True,classificada — no sinal operável
KLAC_2012Q3,KLAC,2012-04-26,5.0,16.0,0.2204,-0.0607,0.245,-0.1211,-0.0543,True,classificada — no sinal operável
KLAC_2012Q4,KLAC,2012-07-26,5.0,13.0,0.2107,-0.0531,0.1428,0.1052,-0.0239,True,classificada — no sinal operável
KLAC_2013Q1,KLAC,2012-10-25,5.0,14.0,0.1615,-0.0045,-0.1291,-0.0191,0.1886,True,classificada — no sinal operável
KLAC_2013Q2,KLAC,2013-01-24,5.0,15.0,0.1507,-0.0758,0.1274,-0.0019,0.0523,True,classificada — no sinal operável
KLAC_2013Q3,KLAC,2013-04-25,5.0,11.0,0.2095,-0.0842,0.3131,0.0671,0.167,True,classificada — no sinal operável
KLAC_2013Q4,KLAC,2013-07-25,5.0,14.0,0.2006,-0.0369,0.2683,-0.0252,0.0845,True,classificada — no sinal operável
KLAC_2014Q1,KLAC,2013-10-24,5.0,13.0,0.3013,-0.0069,0.4176,0.0263,-0.0026,True,classificada — no sinal operável
KLAC_2014Q2,KLAC,2014-01-23,5.0,13.0,0.2208,-0.0034,0.2418,0.0369,0.0749,True,classificada — no sinal operável
KLAC_2014Q3,KLAC,2014-04-24,4.0,10.0,0.2178,-0.0024,0.1278,0.0261,0.1674,True,classificada — no sinal operável
KLAC_2014Q4,KLAC,2014-07-24,5.0,13.0,0.2001,-0.0874,0.1626,0.0727,0.0058,True,classificada — no sinal operável
KLAC_2015Q1,KLAC,2014-10-23,5.0,12.0,0.2163,-0.0569,0.2821,0.077,0.0753,True,classificada — no sinal operável
KLAC_2015Q2,KLAC,2015-01-22,2.0,16.0,0.0002,-0.169,0.2278,-0.0241,-0.094,True,classificada — no sinal operável
KLAC_2015Q3,KLAC,2015-04-23,4.0,14.0,0.2814,-0.0163,0.3324,-0.0014,-0.1075,True,classificada — no sinal operável
KLAC_2015Q4,KLAC,2015-07-30,5.0,13.0,0.2239,-0.0244,0.1899,-0.0141,0.3006,True,classificada — no sinal operável
KLAC_2017Q1,KLAC,2016-10-20,1.0,12.0,,,0.5597,0.0752,0.1028,False,sem distância de tom: <2 gestores identificados ou Q&A não detectado
KLAC_2017Q2,KLAC,2017-01-26,1.0,12.0,,,0.4612,0.0733,0.1983,False,sem distância de tom: <2 gestores identificados ou Q&A não detectado
KLAC_2017Q3,KLAC,2017-04-28,2.0,14.0,0.0001,-0.1583,0.6228,0.0648,-0.0385,True,classificada — no sinal operável
KLAC_2017Q4,KLAC,2017-07-27,2.0,12.0,0.0002,-0.147,0.4087,-0.068,0.0991,True,classificada — no sinal operável
KLAC_2018Q1,KLAC,2017-10-26,5.0,7.0,0.3461,0.0675,0.6068,-0.0295,0.0425,True,classificada — no sinal operável
KLAC_2018Q2,KLAC,2018-01-25,4.0,7.0,0.4474,0.1275,0.7155,0.0389,-0.0864,True,classificada — no sinal operável
KLAC_2018Q3,KLAC,2018-04-27,2.0,12.0,0.0002,-0.1349,0.3983,0.1162,0.0565,True,classificada — no sinal operável
KLAC_2018Q4,KLAC,2018-07-30,2.0,15.0,0.0,-0.1339,0.5653,0.0557,-0.2155,True,classificada — no sinal operável
KLAC_2019Q1,KLAC,2018-10-29,1.0,13.0,,,0.2668,0.1247,0.214,False,sem distância de tom: <2 gestores identificados ou Q&A não detectado
KLAC_2019Q2,KLAC,2019-01-29,3.0,5.0,0.3199,0.0073,0.4697,0.1185,0.2346,True,classificada — no sinal operável
KLAC_2019Q3,KLAC,2019-05-06,3.0,10.0,0.3517,0.0059,0.5773,-0.1046,0.0651,True,classificada — no sinal operável
KLAC_2019Q4,KLAC,2019-08-05,3.0,10.0,0.3532,0.0811,0.6375,0.1488,0.3148,True,classificada — no sinal operável
KLAC_2020Q1,KLAC,2019-10-30,5.0,10.0,0.3332,0.139,0.3027,-0.018,-0.0067,True,classificada — no sinal operável
KLAC_2020Q2,KLAC,2020-02-04,3.0,10.0,0.3489,0.022,0.5778,-0.1056,-0.1117,True,classificada — no sinal operável
KLAC_2020Q3,KLAC,2020-05-05,4.0,8.0,0.257,0.0983,0.1021,0.1455,0.26,True,classificada — no sinal operável
KLAC_2020Q4,KLAC,2020-08-03,3.0,14.0,0.3033,0.0066,0.4594,0.043,-0.011,True,classificada — no sinal operável
KLAC_2021Q1,KLAC,2020-10-28,3.0,11.0,0.3868,0.0097,0.6762,0.3399,0.4767,True,classificada — no sinal operável
KLAC_2021Q2,KLAC,2021-02-03,4.0,9.0,0.272,-0.0669,0.5532,0.0286,0.0844,True,classificada — no sinal operável
KLAC_2021Q3,KLAC,2021-04-30,3.0,9.0,0.2915,0.0043,0.5471,-0.0029,0.0995,True,classificada — no sinal operável
KLAC_2021Q4,KLAC,2021-07-30,3.0,10.0,0.3404,0.0455,0.614,-0.0142,0.0239,True,classificada — no sinal operável
KLAC_2022Q1,KLAC,2021-10-27,4.0,10.0,0.2587,0.0526,0.3241,0.0915,-0.0101,True,classificada — no sinal operável
KLAC_2022Q2,KLAC,2022-01-27,5.0,6.0,0.408,0.1917,0.0787,-0.0088,-0.0536,True,classificada — no sinal operável
KLAC_2022Q3,KLAC,2022-04-28,4.0,8.0,0.3166,0.0834,0.1435,0.1229,0.16,True,classificada — no sinal operável
KLAC_2022Q4,KLAC,2022-07-28,4.0,6.0,0.138,0.0605,0.0501,-0.0044,-0.1507,True,classificada — no sinal operável
KLAC_2023Q1,KLAC,2022-10-26,4.0,9.0,0.2956,-0.0249,0.4002,0.2076,0.269,True,classificada — no sinal operável
KLAC_2023Q2,KLAC,2023-01-26,4.0,9.0,0.165,-0.0027,0.0459,-0.061,-0.0472,True,classificada — no sinal operável
KLAC_2023Q3,KLAC,2023-04-26,5.0,12.0,0.2512,0.0378,0.1126,0.1354,0.2612,True,classificada — no sinal operável
KLAC_2023Q4,KLAC,2023-07-27,6.0,7.0,0.3518,0.0807,0.2765,-0.0339,-0.0878,True,classificada — no sinal operável
KLAC_2024Q1,KLAC,2023-10-25,5.0,12.0,0.151,-0.0743,0.1442,0.2148,0.3104,True,classificada — no sinal operável
KLAC_2024Q2,KLAC,2024-01-25,5.0,11.0,0.3364,0.0514,0.2975,0.0983,0.0808,True,classificada — no sinal operável
KLAC_2024Q3,KLAC,2024-04-25,4.0,9.0,0.3101,0.0402,0.3883,0.143,0.1552,True,classificada — no sinal operável
KLAC_2024Q4,KLAC,2024-07-24,3.0,13.0,0.3042,0.0348,0.4642,0.0423,-0.1254,True,classificada — no sinal operável
KLAC_2025Q1,KLAC,2024-10-30,,,,,0.3565,-0.0425,0.0953,False,sem distância de tom: <2 gestores identificados ou Q&A não detectado
KLAC_2025Q2,KLAC,2025-01-30,3.0,12.0,0.3223,0.028,0.5031,-0.0873,-0.1069,True,classificada — no sinal operável
KLAC_2025Q3,KLAC,2025-04-30,7.0,7.0,0.3265,0.0536,0.3525,0.1008,0.2785,True,classificada — no sinal operável
LDOS_2009Q1,LDOS,2008-06-03,5.0,10.0,0.3074,0.053,0.5427,0.0409,-0.0261,True,classificada — no sinal operável
LDOS_2009Q2,LDOS,2008-09-03,5.0,11.0,0.4022,0.0517,0.6097,-0.0069,-0.1326,True,classificada — no sinal operável
LDOS_2009Q4,LDOS,2009-03-25,7.0,8.0,0.3405,-0.049,0.6372,-0.0138,0.0077,True,classificada — no sinal operável
LDOS_2010Q1,LDOS,2009-06-03,7.0,8.0,0.3174,-0.0209,0.4449,-0.0146,-0.0162,True,classificada — no sinal operável
LDOS_2010Q2,LDOS,2009-09-02,5.0,6.0,0.3141,-0.0121,0.4099,-0.0438,-0.0208,True,classificada — no sinal operável
LDOS_2010Q3,LDOS,2009-12-09,2.0,10.0,0.0,-0.1886,0.2793,0.048,0.0639,True,classificada — no sinal operável
LDOS_2010Q4,LDOS,2010-03-30,5.0,9.0,0.2731,-0.0636,0.3646,-0.0073,-0.0582,True,classificada — no sinal operável
LDOS_2011Q1,LDOS,2010-06-05,1.0,11.0,,,0.47,-0.0652,-0.1399,False,sem distância de tom: <2 gestores identificados ou Q&A não detectado
LDOS_2011Q3,LDOS,2010-12-08,5.0,8.0,0.332,0.0059,0.4032,0.0408,0.0758,True,classificada — no sinal operável
LDOS_2012Q1,LDOS,2011-06-02,9.0,4.0,0.2653,-0.1109,0.3499,-0.0047,-0.1218,True,classificada — no sinal operável
LDOS_2012Q2,LDOS,2011-08-31,5.0,8.0,0.2717,-0.0163,0.1061,-0.1213,-0.1034,True,classificada — no sinal operável
LDOS_2012Q3,LDOS,2011-12-06,5.0,7.0,0.3192,-0.032,0.4427,0.018,0.0295,True,classificada — no sinal operável
LDOS_2012Q4,LDOS,2012-03-20,6.0,6.0,0.3638,-0.006,0.5191,-0.0988,-0.1205,True,classificada — no sinal operável
LDOS_2013Q1,LDOS,2012-05-31,8.0,7.0,0.3659,-0.0154,0.5217,0.0716,0.0542,True,classificada — no sinal operável
LDOS_2013Q2,LDOS,2012-08-30,6.0,7.0,0.3213,-0.02,0.5389,-0.0355,-0.0672,True,classificada — no sinal operável
LDOS_2013Q3,LDOS,2012-12-05,6.0,7.0,0.3393,-0.0047,0.4446,0.0189,0.0605,True,classificada — no sinal operável
LDOS_2013Q4,LDOS,2013-03-26,6.0,5.0,0.2809,-0.0084,0.3227,0.1053,0.0532,True,classificada — no sinal operável
LDOS_2019Q1,LDOS,2019-04-30,3.0,8.0,0.2807,-0.0245,0.4928,0.1057,0.2366,True,classificada — no sinal operável
LDOS_2019Q2,LDOS,2019-07-30,4.0,8.0,0.3383,0.0314,0.5494,0.0542,-0.0045,True,classificada — no sinal operável
LDOS_2019Q3,LDOS,2019-10-29,3.0,10.0,0.2878,-0.0395,0.4362,0.085,0.2226,True,classificada — no sinal operável
LDOS_2019Q4,LDOS,2020-02-18,3.0,9.0,0.3174,-0.0245,0.6052,-0.3011,-0.1685,True,classificada — no sinal operável
LDOS_2020Q1,LDOS,2020-05-05,3.0,7.0,0.2512,-0.1051,0.392,0.1291,0.0383,True,classificada — no sinal operável
LDOS_2020Q2,LDOS,2020-08-04,3.0,9.0,0.3053,-0.031,0.5156,-0.0885,-0.1533,True,classificada — no sinal operável
LDOS_2020Q3,LDOS,2020-11-02,3.0,9.0,0.3182,0.0624,0.4362,0.1965,0.2497,True,classificada — no sinal operável
LDOS_2020Q4,LDOS,2021-02-23,3.0,7.0,0.2896,-0.0711,0.5275,-0.0341,0.053,True,classificada — no sinal operável
LDOS_2021Q1,LDOS,2021-05-04,3.0,9.0,0.2569,-0.0654,0.4563,0.0084,0.0448,True,classificada — no sinal operável
LDOS_2021Q2,LDOS,2021-08-03,3.0,9.0,0.2155,-0.0655,0.2556,-0.0565,-0.035,True,classificada — no sinal operável
LDOS_2021Q3,LDOS,2021-11-02,3.0,9.0,0.2073,-0.1382,0.4378,-0.1375,-0.123,True,classificada — no sinal operável
LDOS_2021Q4,LDOS,2022-02-15,3.0,8.0,0.2389,-0.0748,0.4753,0.241,0.2549,True,classificada — no sinal operável
LDOS_2022Q1,LDOS,2022-05-03,3.0,10.0,0.2482,-0.0114,0.464,0.0297,-0.0224,True,classificada — no sinal operável
LDOS_2022Q2,LDOS,2022-08-02,3.0,10.0,0.2748,-0.0551,0.4453,-0.0607,0.0013,True,classificada — no sinal operável
LDOS_2022Q3,LDOS,2022-11-01,3.0,11.0,0.3082,-0.0505,0.6652,0.0608,-0.0475,True,classificada — no sinal operável
LDOS_2022Q4,LDOS,2023-02-14,3.0,10.0,0.3092,0.0047,0.6894,-0.0606,-0.203,True,classificada — no sinal operável
LDOS_2023Q1,LDOS,2023-05-02,3.0,8.0,0.353,-0.0482,0.7087,-0.0258,0.2287,True,classificada — no sinal operável
LDOS_2023Q2,LDOS,2023-08-01,3.0,9.0,0.3414,-0.0485,0.7155,0.0086,-0.0538,True,classificada — no sinal operável
LDOS_2023Q3,LDOS,2023-10-31,3.0,9.0,0.3628,-0.0519,0.7524,0.112,0.1605,True,classificada — no sinal operável
LDOS_2023Q4,LDOS,2024-02-13,3.0,10.0,0.3426,0.0008,0.7008,0.0704,0.2246,True,classificada — no sinal operável
LDOS_2024Q1,LDOS,2024-04-30,5.0,8.0,0.3871,0.0673,0.5852,0.0477,0.0523,True,classificada — no sinal operável
LDOS_2024Q2,LDOS,2024-07-30,3.0,8.0,0.3858,0.0633,0.7571,0.02,0.1054,True,classificada — no sinal operável
LDOS_2024Q3,LDOS,2024-10-29,4.0,11.0,0.3241,-0.011,0.8044,-0.0873,-0.2167,True,classificada — no sinal operável
LDOS_2024Q4,LDOS,2025-02-11,4.0,10.0,0.5559,0.1776,0.8094,-0.0943,0.0614,True,classificada — no sinal operável
LDOS_2025Q1,LDOS,2025-05-06,4.0,11.0,0.4863,0.055,0.7805,-0.0099,0.1888,True,classificada — no sinal operável
LRCX_2012Q1,LRCX,2011-10-19,5.0,11.0,0.201,0.0155,0.0342,0.039,0.0547,True,classificada — no sinal operável
LRCX_2012Q2,LRCX,2012-01-25,6.0,13.0,0.213,-0.0783,0.3892,-0.0611,-0.0586,True,classificada — no sinal operável
LRCX_2012Q3,LRCX,2012-04-18,5.0,14.0,0.3324,0.0464,0.4219,-0.0954,-0.1606,True,classificada — no sinal operável
LRCX_2012Q4,LRCX,2012-07-25,5.0,12.0,0.2249,-0.1005,0.3872,0.0304,0.0596,True,classificada — no sinal operável
LRCX_2013Q1,LRCX,2012-10-17,5.0,12.0,0.2213,-0.0713,0.3513,0.02,0.1788,True,classificada — no sinal operável
LRCX_2013Q2,LRCX,2013-01-23,5.0,14.0,0.287,0.0094,0.3973,0.0592,0.0844,True,classificada — no sinal operável
LRCX_2013Q3,LRCX,2013-04-24,5.0,12.0,0.2622,-0.037,0.4394,0.0639,0.1145,True,classificada — no sinal operável
LRCX_2013Q4,LRCX,2013-07-31,5.0,13.0,0.2334,-0.0558,0.4075,-0.0526,0.1023,True,classificada — no sinal operável
LRCX_2014Q1,LRCX,2013-10-23,4.0,12.0,0.2964,0.0386,0.4204,-0.0744,-0.0668,True,classificada — no sinal operável
LRCX_2014Q2,LRCX,2014-01-29,5.0,13.0,0.2967,-0.0196,0.412,-0.0203,0.0911,True,classificada — no sinal operável
LRCX_2014Q3,LRCX,2014-04-24,3.0,12.0,0.2241,-0.0454,0.4142,0.0552,0.2203,True,classificada — no sinal operável
LRCX_2014Q4,LRCX,2014-07-30,5.0,9.0,0.2962,-0.0117,0.4999,0.0578,0.1173,True,classificada — no sinal operável
LRCX_2015Q1,LRCX,2014-10-22,6.0,12.0,0.2643,-0.0537,0.4211,0.0865,0.1135,True,classificada — no sinal operável
LRCX_2015Q2,LRCX,2015-01-28,,,,,0.3687,0.0308,-0.0431,False,sem distância de tom: <2 gestores identificados ou Q&A não detectado
LRCX_2015Q3,LRCX,2015-04-21,4.0,16.0,0.3875,0.0803,0.6235,0.0245,-0.0101,True,classificada — no sinal operável
LRCX_2015Q4,LRCX,2015-07-29,4.0,12.0,0.4115,0.0875,0.5993,-0.068,-0.0386,True,classificada — no sinal operável
LRCX_2016Q1,LRCX,2015-10-21,7.0,10.0,0.355,0.0779,0.455,0.0884,-0.0364,True,classificada — no sinal operável
LRCX_2016Q2,LRCX,2016-01-28,4.0,11.0,0.3915,0.0678,0.6513,0.0467,0.1206,True,classificada — no sinal operável
LRCX_2016Q3,LRCX,2016-04-21,6.0,11.0,0.3308,-0.0193,0.5881,-0.0505,0.11,True,classificada — no sinal operável
LRCX_2016Q4,LRCX,2016-07-27,5.0,13.0,0.3726,0.0108,0.5743,0.0054,0.0588,True,classificada — no sinal operável
LRCX_2017Q1,LRCX,2016-10-19,5.0,14.0,0.311,0.0079,0.5051,0.038,0.1284,True,classificada — no sinal operável
LRCX_2017Q2,LRCX,2017-01-26,5.0,12.0,0.3115,0.024,0.4537,0.0317,0.2762,True,classificada — no sinal operável
LRCX_2017Q3,LRCX,2017-04-19,5.0,13.0,0.3381,0.0319,0.4939,0.0935,0.2022,True,classificada — no sinal operável
LRCX_2017Q4,LRCX,2017-07-26,5.0,11.0,0.3325,0.0849,0.5685,-0.0598,0.2218,True,classificada — no sinal operável
LRCX_2018Q1,LRCX,2017-10-17,6.0,11.0,0.2857,0.0023,0.4996,0.0547,0.0454,True,classificada — no sinal operável
LRCX_2018Q2,LRCX,2018-01-24,4.0,9.0,0.3214,0.0773,0.5425,-0.106,-0.1336,True,classificada — no sinal operável
LRCX_2018Q3,LRCX,2018-04-17,5.0,13.0,0.2468,0.0222,0.3687,0.0333,-0.1101,True,classificada — no sinal operável
LRCX_2018Q4,LRCX,2018-07-26,5.0,13.0,0.2885,-0.0293,0.4918,-0.0678,-0.2417,True,classificada — no sinal operável
LRCX_2019Q1,LRCX,2018-10-16,6.0,12.0,0.1973,-0.0584,0.3083,-0.064,-0.064,True,classificada — no sinal operável
LRCX_2019Q2,LRCX,2019-01-23,6.0,10.0,0.2804,0.0411,0.3341,0.1928,0.3088,True,classificada — no sinal operável
LRCX_2019Q3,LRCX,2019-04-25,7.0,5.0,0.2401,-0.0927,0.4476,-0.1039,0.0442,True,classificada — no sinal operável
LRCX_2019Q4,LRCX,2019-07-31,6.0,9.0,0.3202,-0.0031,0.4443,-0.0011,0.3367,True,classificada — no sinal operável
LRCX_2020Q1,LRCX,2019-10-23,3.0,12.0,0.2269,0.0315,0.4386,0.0454,0.2195,True,classificada — no sinal operável
LRCX_2020Q2,LRCX,2020-01-29,4.0,13.0,0.2257,-0.0451,0.5177,-0.0784,-0.1154,True,classificada — no sinal operável
LRCX_2020Q3,LRCX,2020-04-23,3.0,10.0,0.2563,0.0133,0.3169,-0.0275,0.3266,True,classificada — no sinal operável
LRCX_2020Q4,LRCX,2020-07-30,5.0,10.0,0.3165,0.02,0.5046,-0.0758,-0.1037,True,classificada — no sinal operável
LRCX_2021Q1,LRCX,2020-10-21,4.0,12.0,0.2126,-0.06,0.4609,0.2146,0.5687,True,classificada — no sinal operável
LRCX_2021Q2,LRCX,2021-01-27,3.0,11.0,0.3144,0.0802,0.5377,0.0776,0.2151,True,classificada — no sinal operável
LRCX_2021Q3,LRCX,2021-04-21,3.0,11.0,0.3325,0.0385,0.6499,-0.0267,-0.0083,True,classificada — no sinal operável
LRCX_2021Q4,LRCX,2021-07-28,3.0,11.0,0.277,-0.0064,0.5273,-0.0413,-0.0987,True,classificada — no sinal operável
LRCX_2022Q1,LRCX,2021-10-21,3.0,14.0,0.2724,0.0069,0.442,0.1509,0.0841,True,classificada — no sinal operável
LRCX_2022Q2,LRCX,2022-01-26,4.0,9.0,0.218,-0.0846,0.4107,-0.0365,-0.2297,True,classificada — no sinal operável
LRCX_2022Q3,LRCX,2022-04-20,3.0,12.0,0.2265,-0.0061,0.1069,-0.0338,-0.0224,True,classificada — no sinal operável
LRCX_2022Q4,LRCX,2022-07-27,3.0,13.0,0.253,-0.0035,0.4297,0.0297,-0.1789,True,classificada — no sinal operável
LRCX_2023Q1,LRCX,2022-10-19,3.0,11.0,0.2563,-0.0335,0.3369,0.3539,0.3923,True,classificada — no sinal operável
LRCX_2023Q2,LRCX,2023-01-25,3.0,12.0,0.2625,-0.0164,0.3214,-0.0127,0.0298,True,classificada — no sinal operável
LRCX_2023Q3,LRCX,2023-04-19,5.0,10.0,0.2899,0.0172,0.3372,0.1718,0.208,True,classificada — no sinal operável
LRCX_2023Q4,LRCX,2023-07-26,3.0,12.0,0.3113,0.0433,0.4732,-0.0283,-0.1025,True,classificada — no sinal operável
LRCX_2024Q1,LRCX,2023-10-18,3.0,12.0,0.2902,-0.0073,0.4182,0.1172,0.3216,True,classificada — no sinal operável
LRCX_2024Q2,LRCX,2024-01-24,4.0,12.0,0.2819,0.0031,0.5424,0.0587,0.0112,True,classificada — no sinal operável
LRCX_2024Q3,LRCX,2024-04-24,3.0,12.0,0.2988,0.0339,0.4708,0.0537,-0.0259,True,classificada — no sinal operável
LRCX_2024Q4,LRCX,2024-07-31,3.0,12.0,0.3342,0.0173,0.5252,-0.0672,-0.081,True,classificada — no sinal operável
LRCX_2025Q1,LRCX,2024-10-23,3.0,12.0,0.3289,0.0048,0.4671,-0.04,-0.0042,True,classificada — no sinal operável
LRCX_2025Q2,LRCX,2025-01-29,3.0,14.0,0.2957,0.0423,0.4448,-0.0377,-0.0986,True,classificada — no sinal operável
LRCX_2025Q3,LRCX,2025-04-23,3.0,13.0,0.2736,-0.0082,0.3844,0.185,0.407,True,classificada — no sinal operável
LSI_2006Q4,LSI,2007-01-25,4.0,7.0,0.4715,,0.5277,,,False,"distância de tom OK, mas sem pregão de decisão (call não alinhada a preços)"
LSI_2007Q1,LSI,2007-04-26,3.0,10.0,0.3529,,0.5268,,,False,"distância de tom OK, mas sem pregão de decisão (call não alinhada a preços)"
LSI_2007Q2,LSI,2007-07-26,3.0,11.0,0.2955,,0.4851,,,False,"distância de tom OK, mas sem pregão de decisão (call não alinhada a preços)"
LSI_2007Q3,LSI,2007-10-25,3.0,11.0,0.3558,,0.5908,,,False,"distância de tom OK, mas sem pregão de decisão (call não alinhada a preços)"
LSI_2007Q4,LSI,2008-02-14,3.0,6.0,0.2113,,0.2964,,,False,"distância de tom OK, mas sem pregão de decisão (call não alinhada a preços)"
LSI_2008Q1,LSI,2008-05-15,3.0,7.0,0.1929,,0.1059,,,False,"distância de tom OK, mas sem pregão de decisão (call não alinhada a preços)"
LSI_2008Q2,LSI,2008-08-07,3.0,7.0,0.2087,,0.21,,,False,"distância de tom OK, mas sem pregão de decisão (call não alinhada a preços)"
LSI_2008Q3,LSI,2008-11-06,3.0,7.0,0.1651,,0.1187,,,False,"distância de tom OK, mas sem pregão de decisão (call não alinhada a preços)"
LSI_2008Q4,LSI,2009-02-18,3.0,7.0,0.1426,,0.1858,,,False,"distância de tom OK, mas sem pregão de decisão (call não alinhada a preços)"
LSI_2009Q1,LSI,2009-05-08,2.0,9.0,0.0001,,0.1655,,,False,"distância de tom OK, mas sem pregão de decisão (call não alinhada a preços)"
LSI_2009Q2,LSI,2009-07-30,3.0,11.0,0.347,,0.7069,,,False,"distância de tom OK, mas sem pregão de decisão (call não alinhada a preços)"
LSI_2009Q3,LSI,2009-10-29,4.0,12.0,0.394,,0.6761,,,False,"distância de tom OK, mas sem pregão de decisão (call não alinhada a preços)"
LSI_2009Q4,LSI,2010-01-28,3.0,13.0,0.3936,,0.6593,,,False,"distância de tom OK, mas sem pregão de decisão (call não alinhada a preços)"
LSI_2010Q1,LSI,2010-05-06,3.0,8.0,0.1898,,0.0153,,,False,"distância de tom OK, mas sem pregão de decisão (call não alinhada a preços)"
LSI_2010Q2,LSI,2010-08-07,1.0,9.0,,,0.1813,,,False,sem distância de tom: <2 gestores identificados ou Q&A não detectado
LSI_2010Q3,LSI,2010-11-04,3.0,6.0,0.1892,,0.2615,,,False,"distância de tom OK, mas sem pregão de decisão (call não alinhada a preços)"
LSI_2010Q4,LSI,2011-01-27,3.0,8.0,0.2266,,0.6299,,,False,"distância de tom OK, mas sem pregão de decisão (call não alinhada a preços)"
LSI_2011Q1,LSI,2011-04-28,3.0,6.0,0.339,,0.5784,,,False,"distância de tom OK, mas sem pregão de decisão (call não alinhada a preços)"
LSI_2011Q2,LSI,2011-07-28,3.0,7.0,0.2613,,0.5606,,,False,"distância de tom OK, mas sem pregão de decisão (call não alinhada a preços)"
LSI_2011Q3,LSI,2011-10-27,3.0,9.0,0.2665,,0.5234,,,False,"distância de tom OK, mas sem pregão de decisão (call não alinhada a preços)"
LSI_2011Q4,LSI,2012-01-26,4.0,9.0,0.3112,,0.5757,,,False,"distância de tom OK, mas sem pregão de decisão (call não alinhada a preços)"
LSI_2012Q1,LSI,2012-04-26,3.0,11.0,0.3091,,0.6154,,,False,"distância de tom OK, mas sem pregão de decisão (call não alinhada a preços)"
LSI_2012Q2,LSI,2012-07-26,3.0,12.0,0.2819,,0.5078,,,False,"distância de tom OK, mas sem pregão de decisão (call não alinhada a preços)"
LSI_2012Q3,LSI,2012-10-25,3.0,10.0,0.2393,,0.4447,,,False,"distância de tom OK, mas sem pregão de decisão (call não alinhada a preços)"
LSI_2012Q4,LSI,2013-02-14,2.0,12.0,0.0002,,0.2944,,,False,"distância de tom OK, mas sem pregão de decisão (call não alinhada a preços)"
LSI_2013Q1,LSI,2013-05-03,2.0,13.0,0.0,,0.1821,,,False,"distância de tom OK, mas sem pregão de decisão (call não alinhada a preços)"
LSI_2013Q2,LSI,2013-08-01,2.0,14.0,0.0,,0.108,,,False,"distância de tom OK, mas sem pregão de decisão (call não alinhada a preços)"
LSI_2013Q3,LSI,2013-11-06,2.0,17.0,0.0,,0.2668,,,False,"distância de tom OK, mas sem pregão de decisão (call não alinhada a preços)"
LSI_2013Q4,LSI,2014-02-26,2.0,14.0,0.0,,0.1684,,,False,"distância de tom OK, mas sem pregão de decisão (call não alinhada a preços)"
LSI_2014Q1,LSI,2014-05-01,2.0,18.0,0.0,,0.2009,,,False,"distância de tom OK, mas sem pregão de decisão (call não alinhada a preços)"
LSI_2014Q2,LSI,2014-07-31,2.0,10.0,0.0001,,0.2136,,,False,"distância de tom OK, mas sem pregão de decisão (call não alinhada a preços)"
LSI_2014Q3,LSI,2014-10-30,2.0,11.0,0.0001,,0.3779,,,False,"distância de tom OK, mas sem pregão de decisão (call não alinhada a preços)"
LSI_2014Q4,LSI,2015-02-19,2.0,16.0,0.0,,0.1469,,,False,"distância de tom OK, mas sem pregão de decisão (call não alinhada a preços)"
MA_2008Q1,MA,2008-04-29,5.0,12.0,0.2048,-0.0446,0.3256,0.1196,-0.0498,True,classificada — no sinal operável
MA_2008Q2,MA,2008-07-31,3.0,10.0,0.2032,-0.078,0.2772,0.0086,-0.435,True,classificada — no sinal operável
MA_2008Q3,MA,2008-11-04,2.0,14.0,0.0,-0.1776,0.2479,-0.2061,-0.047,True,classificada — no sinal operável
MA_2008Q4,MA,2009-02-05,5.0,11.0,0.284,0.0645,0.1927,-0.1129,0.127,True,classificada — no sinal operável
MA_2009Q1,MA,2009-05-01,5.0,7.0,0.2477,-0.0239,0.156,-0.0473,0.0988,True,classificada — no sinal operável
MA_2009Q2,MA,2009-07-30,2.0,14.0,0.0,-0.1731,0.1523,0.0477,0.1356,True,classificada — no sinal operável
MA_2009Q3,MA,2009-11-03,5.0,11.0,0.2558,-0.0399,0.3861,0.0729,0.0097,True,classificada — no sinal operável
MA_2009Q4,MA,2010-02-04,5.0,9.0,0.3652,0.0146,0.6052,0.0897,0.0223,True,classificada — no sinal operável
MA_2010Q1,MA,2010-05-04,6.0,11.0,0.2922,0.0208,0.4308,-0.1855,-0.1893,True,classificada — no sinal operável
MA_2010Q2,MA,2010-08-03,5.0,14.0,0.1776,-0.0799,0.2008,-0.0075,0.1805,True,classificada — no sinal operável
MA_2010Q3,MA,2010-11-02,6.0,8.0,0.1979,-0.0623,0.3542,0.0101,-0.029,True,classificada — no sinal operável
MA_2010Q4,MA,2011-02-03,5.0,12.0,0.2471,-0.0253,0.3161,0.006,0.1174,True,classificada — no sinal operável
MA_2011Q1,MA,2011-05-03,5.0,12.0,0.1922,-0.0758,0.2661,0.0111,0.0679,True,classificada — no sinal operável
MA_2011Q2,MA,2011-08-03,6.0,11.0,0.262,-0.0177,0.3597,-0.0113,0.0019,True,classificada — no sinal operável
MA_2011Q3,MA,2011-11-02,5.0,11.0,0.2816,0.0095,0.5131,0.0648,0.0989,True,classificada — no sinal operável
MA_2011Q4,MA,2012-02-02,5.0,18.0,0.2346,-0.0324,0.3589,0.0931,0.1588,True,classificada — no sinal operável
MA_2012Q1,MA,2012-05-02,5.0,15.0,0.2083,-0.068,0.3428,-0.1351,-0.0563,True,classificada — no sinal operável
MA_2012Q2,MA,2012-08-01,5.0,13.0,0.2206,-0.0371,0.37,-0.0113,0.1015,True,classificada — no sinal operável
MA_2012Q3,MA,2012-10-31,5.0,12.0,0.2226,-0.0209,0.3138,0.0545,0.12,True,classificada — no sinal operável
MA_2012Q4,MA,2013-01-31,2.0,2.0,0.0002,-0.128,0.482,0.0012,0.0486,True,classificada — no sinal operável
MA_2013Q1,MA,2013-05-01,5.0,12.0,0.1866,-0.0741,0.2022,0.0639,0.1404,True,classificada — no sinal operável
MA_2013Q2,MA,2013-07-31,5.0,16.0,0.2199,-0.0064,0.3686,-0.01,0.1848,True,classificada — no sinal operável
MA_2013Q3,MA,2013-10-31,5.0,14.0,0.2527,-0.0195,0.418,0.0444,0.0223,True,classificada — no sinal operável
MA_2013Q4,MA,2014-01-31,5.0,17.0,0.2131,-0.0508,0.2736,0.0322,-0.0284,True,classificada — no sinal operável
MA_2014Q1,MA,2014-05-01,5.0,14.0,0.1636,-0.0521,0.1727,0.0384,0.0008,True,classificada — no sinal operável
MA_2014Q2,MA,2014-07-31,5.0,12.0,0.1648,-0.0391,0.2504,0.0267,0.0306,True,classificada — no sinal operável
MA_2014Q3,MA,2014-10-30,5.0,12.0,0.2176,-0.0667,0.3313,0.0511,-0.0008,True,classificada — no sinal operável
MA_2014Q4,MA,2015-01-30,,,,,0.3924,0.1133,0.1188,False,sem distância de tom: <2 gestores identificados ou Q&A não detectado
MA_2015Q1,MA,2015-04-29,5.0,11.0,0.2187,-0.0784,0.3382,0.0223,0.0736,True,classificada — no sinal operável
MA_2015Q2,MA,2015-07-29,5.0,12.0,0.1892,-0.0756,0.2932,-0.0268,0.0203,True,classificada — no sinal operável
MA_2015Q3,MA,2015-10-29,2.0,17.0,0.0001,-0.1641,0.2739,-0.0283,-0.1187,True,classificada — no sinal operável
MA_2015Q4,MA,2016-01-29,5.0,13.0,0.2159,-0.0351,0.3436,0.0178,0.0979,True,classificada — no sinal operável
MA_2016Q1,MA,2016-04-28,5.0,13.0,0.1544,-0.0785,0.2187,0.0036,-0.0063,True,classificada — no sinal operável
MA_2016Q2,MA,2016-07-28,5.0,12.0,0.2211,-0.0594,0.3751,0.0042,0.0764,True,classificada — no sinal operável
MA_2016Q3,MA,2016-10-28,2.0,17.0,0.0,-0.1582,0.4263,-0.0333,-0.0079,True,classificada — no sinal operável
MA_2016Q4,MA,2017-01-31,5.0,14.0,0.3165,0.0309,0.5006,0.0441,0.1099,True,classificada — no sinal operável
MA_2017Q1,MA,2017-05-02,5.0,11.0,0.2906,-0.0075,0.4294,0.0443,0.0978,True,classificada — no sinal operável
MA_2017Q2,MA,2017-07-27,2.0,15.0,0.0003,-0.1475,0.5036,0.0294,0.1358,True,classificada — no sinal operável
MA_2017Q3,MA,2017-10-31,5.0,12.0,0.3122,0.0531,0.4287,0.0035,0.1551,True,classificada — no sinal operável
MA_2017Q4,MA,2018-02-01,5.0,9.0,0.268,-0.0002,0.4897,0.0386,0.0864,True,classificada — no sinal operável
MA_2018Q1,MA,2018-05-02,5.0,9.0,0.2963,-0.0209,0.4848,0.0583,0.0913,True,classificada — no sinal operável
MA_2018Q2,MA,2018-07-26,5.0,11.0,0.293,-0.0169,0.452,-0.0108,-0.0745,True,classificada — no sinal operável
MA_2018Q3,MA,2018-10-30,2.0,14.0,0.0001,-0.1229,0.3926,0.0176,0.1081,True,classificada — no sinal operável
MA_2018Q4,MA,2019-01-31,3.0,10.0,0.305,-0.0016,0.5808,0.0675,0.1677,True,classificada — no sinal operável
MA_2019Q1,MA,2019-04-30,3.0,13.0,0.2536,-0.0203,0.4435,-0.0028,0.0926,True,classificada — no sinal operável
MA_2019Q2,MA,2019-07-30,3.0,14.0,0.3419,0.0808,0.6223,-0.0015,-0.0086,True,classificada — no sinal operável
MA_2019Q3,MA,2019-10-29,3.0,13.0,0.3057,0.0195,0.5444,0.0621,0.183,True,classificada — no sinal operável
MA_2019Q4,MA,2020-01-29,3.0,9.0,0.2201,-0.0286,0.3691,-0.0901,-0.1093,True,classificada — no sinal operável
MA_2020Q1,MA,2020-04-29,4.0,9.0,0.2223,-0.0814,0.4819,0.0807,0.1124,True,classificada — no sinal operável
MA_2020Q2,MA,2020-07-30,4.0,11.0,0.2066,0.0517,0.414,0.181,-0.059,True,classificada — no sinal operável
MA_2020Q3,MA,2020-10-28,4.0,11.0,0.2465,-0.0471,0.5289,0.1564,0.0801,True,classificada — no sinal operável
MA_2020Q4,MA,2021-01-28,3.0,9.0,0.2338,-0.0407,0.4113,0.1208,0.2026,True,classificada — no sinal operável
MA_2021Q1,MA,2021-04-29,3.0,10.0,0.2715,-0.0278,0.5241,-0.0582,0.0167,True,classificada — no sinal operável
MA_2021Q2,MA,2021-07-29,3.0,11.0,0.1761,-0.0594,0.4575,-0.0855,-0.1359,True,classificada — no sinal operável
MA_2021Q3,MA,2021-10-28,4.0,11.0,0.2826,0.0242,0.4953,-0.0248,0.1563,True,classificada — no sinal operável
MA_2021Q4,MA,2022-01-27,4.0,15.0,0.2891,0.0157,0.4822,0.0049,0.0566,True,classificada — no sinal operável
MA_2022Q1,MA,2022-04-28,4.0,12.0,0.3564,0.048,0.6094,-0.0384,-0.0476,True,classificada — no sinal operável
MA_2022Q2,MA,2022-07-28,3.0,12.0,0.3053,0.0364,0.6162,-0.0626,-0.0963,True,classificada — no sinal operável
MA_2022Q3,MA,2022-10-27,6.0,11.0,0.3997,0.1192,0.5395,0.0792,0.1641,True,classificada — no sinal operável
MA_2022Q4,MA,2023-01-26,,,,,0.5744,-0.0551,-0.0051,False,sem distância de tom: <2 gestores identificados ou Q&A não detectado
MA_2023Q1,MA,2023-04-27,3.0,11.0,0.3344,0.0162,0.6577,0.0049,0.0564,True,classificada — no sinal operável
MA_2023Q2,MA,2023-07-27,3.0,13.0,0.3387,-0.0019,0.6965,0.0124,-0.0279,True,classificada — no sinal operável
MA_2023Q3,MA,2023-10-26,3.0,16.0,0.1953,-0.1292,0.5037,0.1159,0.2041,True,classificada — no sinal operável
MA_2023Q4,MA,2024-01-31,3.0,13.0,0.259,-0.0658,0.5036,0.0475,-0.0271,True,classificada — no sinal operável
MA_2024Q1,MA,2024-05-01,3.0,13.0,0.2677,-0.0547,0.494,0.0092,0.0454,True,classificada — no sinal operável
MA_2024Q2,MA,2024-07-31,3.0,13.0,0.3419,0.0375,0.7115,0.033,0.0891,True,classificada — no sinal operável
MA_2024Q3,MA,2024-10-31,3.0,14.0,0.3461,0.0332,0.6854,0.0618,0.1189,True,classificada — no sinal operável
MA_2024Q4,MA,2025-01-30,3.0,12.0,0.3195,0.0079,0.659,0.0197,-0.029,True,classificada — no sinal operável
MA_2025Q1,MA,2025-05-01,3.0,11.0,0.2689,0.0153,0.4296,0.0461,0.009,True,classificada — no sinal operável
MCHP_2007Q1,MCHP,2006-07-21,2.0,13.0,0.1336,,0.411,0.0455,0.023,False,"distância de tom OK, mas histórico curto para residualizar (<250 calls anteriores)"
MCHP_2007Q2,MCHP,2006-10-26,3.0,12.0,0.1343,,0.0696,0.0136,0.0406,False,"distância de tom OK, mas histórico curto para residualizar (<250 calls anteriores)"
MCHP_2007Q4,MCHP,2007-04-27,4.0,10.0,0.2548,,0.488,-0.0009,-0.0739,False,"distância de tom OK, mas histórico curto para residualizar (<250 calls anteriores)"
MCHP_2008Q1,MCHP,2007-07-27,11.0,,0.2526,,0.0068,0.0108,-0.1171,False,"distância de tom OK, mas confundidor ausente (analyst_tone, analyst_tone_distance)"
MCHP_2008Q2,MCHP,2007-10-24,3.0,10.0,0.3664,,-0.043,-0.1088,-0.0538,False,"distância de tom OK, mas histórico curto para residualizar (<250 calls anteriores)"
MCHP_2008Q4,MCHP,2008-04-29,9.0,5.0,0.2419,-0.0593,0.4049,0.0108,-0.1366,True,classificada — no sinal operável
MCHP_2009Q1,MCHP,2008-07-24,,,,,0.4008,0.0323,-0.3092,False,sem distância de tom: <2 gestores identificados ou Q&A não detectado
MCHP_2009Q2,MCHP,2008-10-23,8.0,8.0,0.2852,0.0124,0.2093,-0.0881,-0.0897,True,classificada — no sinal operável
MCHP_2009Q3,MCHP,2009-01-29,7.0,5.0,0.2583,0.0749,-0.0757,-0.0248,0.2558,True,classificada — no sinal operável
MCHP_2010Q1,MCHP,2009-08-06,5.0,8.0,0.3142,0.0,0.4624,0.0296,-0.0594,True,classificada — no sinal operável
MCHP_2010Q2,MCHP,2009-11-05,11.0,7.0,0.2261,-0.0151,0.2672,0.1193,0.0592,True,classificada — no sinal operável
MCHP_2010Q3,MCHP,2010-02-04,6.0,12.0,0.2914,0.003,0.4084,0.0584,0.0904,True,classificada — no sinal operável
MCHP_2011Q2,MCHP,2010-11-05,5.0,12.0,0.2681,0.0109,0.2857,0.0749,0.1416,True,classificada — no sinal operável
MCHP_2011Q3,MCHP,2011-03-10,5.0,13.0,0.3286,0.0741,0.5413,0.0796,0.0603,True,classificada — no sinal operável
MCHP_2011Q4,MCHP,2011-05-06,6.0,17.0,0.2097,-0.0281,0.3043,-0.0725,-0.2261,True,classificada — no sinal operável
MCHP_2012Q1,MCHP,2011-08-04,5.0,14.0,0.3112,0.1349,-0.1481,-0.0115,0.0912,True,classificada — no sinal operável
MCHP_2012Q2,MCHP,2011-11-03,16.0,,0.2889,,-0.0083,-0.0497,0.0349,False,"distância de tom OK, mas confundidor ausente (analyst_tone, analyst_tone_distance)"
MCHP_2012Q3,MCHP,2012-02-02,12.0,,0.2465,,0.3555,-0.0724,-0.0851,False,"distância de tom OK, mas confundidor ausente (analyst_tone, analyst_tone_distance)"
MCHP_2012Q4,MCHP,2012-05-02,6.0,9.0,0.3263,0.0271,0.4083,-0.1212,-0.029,True,classificada — no sinal operável
MCHP_2013Q1,MCHP,2012-08-03,8.0,13.0,0.1709,-0.0692,0.1373,0.0018,-0.0573,True,classificada — no sinal operável
MCHP_2013Q2,MCHP,2012-11-08,17.0,,0.202,,0.0738,0.0092,0.1867,False,"distância de tom OK, mas confundidor ausente (analyst_tone, analyst_tone_distance)"
MCHP_2013Q3,MCHP,2013-02-07,5.0,12.0,0.372,0.0768,0.434,0.0082,0.0123,True,classificada — no sinal operável
MCHP_2013Q4,MCHP,2013-05-02,5.0,9.0,0.3289,0.0116,0.4542,-0.0138,0.116,True,classificada — no sinal operável
MCHP_2014Q1,MCHP,2013-07-31,13.0,1.0,0.2726,,0.4712,-0.0394,-0.0082,False,"distância de tom OK, mas confundidor ausente (analyst_tone_distance)"
MCHP_2014Q2,MCHP,2013-10-30,8.0,6.0,0.2785,0.0171,0.362,0.027,0.0642,True,classificada — no sinal operável
MCHP_2014Q3,MCHP,2014-01-30,,,,,0.4414,0.0097,0.0481,False,sem distância de tom: <2 gestores identificados ou Q&A não detectado
MCHP_2014Q4,MCHP,2014-05-06,6.0,7.0,0.2615,-0.0488,0.5272,0.0463,0.0017,True,classificada — no sinal operável
MCHP_2015Q1,MCHP,2014-07-31,5.0,11.0,0.2783,-0.0255,0.3926,0.0435,-0.0977,True,classificada — no sinal operável
MCHP_2015Q2,MCHP,2014-11-02,6.0,9.0,0.3921,0.1388,0.0754,0.0444,0.0664,True,classificada — no sinal operável
MCHP_2015Q3,MCHP,2015-01-29,5.0,7.0,0.2749,0.0426,0.2596,0.1281,0.0258,True,classificada — no sinal operável
MCHP_2015Q4,MCHP,2015-05-07,5.0,7.0,0.2296,-0.0447,0.2618,-0.0208,-0.0927,True,classificada — no sinal operável
MCHP_2016Q1,MCHP,2015-08-03,4.0,7.0,0.2241,0.0617,-0.0791,0.0073,0.1323,True,classificada — no sinal operável
MCHP_2016Q2,MCHP,2015-11-04,6.0,8.0,0.2154,-0.0059,0.1632,-0.0404,-0.1447,True,classificada — no sinal operável
MCHP_2016Q3,MCHP,2016-02-04,4.0,7.0,0.3152,0.0312,0.3338,0.1286,0.131,True,classificada — no sinal operável
MCHP_2016Q4,MCHP,2016-05-05,7.0,9.0,0.2485,-0.0241,0.3362,0.0988,0.1835,True,classificada — no sinal operável
MCHP_2017Q1,MCHP,2016-08-09,8.0,9.0,0.2458,0.0654,0.2847,0.0068,0.0328,True,classificada — no sinal operável
MCHP_2017Q2,MCHP,2016-11-07,5.0,12.0,0.2973,0.0533,0.3697,-0.0057,0.1376,True,classificada — no sinal operável
MCHP_2017Q3,MCHP,2017-02-07,7.0,10.0,0.2646,0.0326,0.4328,-0.0346,0.0044,True,classificada — no sinal operável
MCHP_2017Q4,MCHP,2017-05-09,5.0,9.0,0.2872,0.0339,0.5401,0.0922,0.0641,True,classificada — no sinal operável
MCHP_2018Q1,MCHP,2017-08-03,5.0,13.0,0.3268,0.1315,0.4765,0.0835,0.1469,True,classificada — no sinal operável
MCHP_2018Q2,MCHP,2017-11-06,6.0,12.0,0.2574,0.0017,0.4513,-0.0878,-0.1238,True,classificada — no sinal operável
MCHP_2018Q3,MCHP,2018-02-07,5.0,13.0,0.2282,0.0605,0.2939,0.1976,0.1116,True,classificada — no sinal operável
MCHP_2018Q4,MCHP,2018-05-08,5.0,12.0,0.2957,0.078,0.45,0.1277,0.073,True,classificada — no sinal operável
MCHP_2019Q1,MCHP,2018-08-10,5.0,12.0,0.3217,0.0678,0.1065,-0.0466,-0.1471,True,classificada — no sinal operável
MCHP_2019Q2,MCHP,2018-11-08,,,,,0.1688,-0.0119,0.2524,False,sem distância de tom: <2 gestores identificados ou Q&A não detectado
MCHP_2019Q3,MCHP,2019-02-05,6.0,12.0,0.2098,0.0057,0.0553,-0.0419,0.0681,True,classificada — no sinal operável
MCHP_2019Q4,MCHP,2019-05-08,3.0,12.0,0.1841,-0.0004,0.1775,-0.0617,-0.0085,True,classificada — no sinal operável
MCHP_2020Q1,MCHP,2019-08-07,11.0,7.0,0.2941,0.0199,0.227,0.0245,0.132,True,classificada — no sinal operável
MCHP_2020Q2,MCHP,2019-11-06,6.0,12.0,0.2343,0.1734,-0.0933,0.0318,0.1096,True,classificada — no sinal operável
MCHP_2020Q3,MCHP,2020-02-05,4.0,13.0,0.2391,0.0104,0.3535,-0.1961,-0.2257,True,classificada — no sinal operável
MCHP_2020Q4,MCHP,2020-05-08,3.0,12.0,0.1242,-0.1722,0.2592,0.2065,0.1294,True,classificada — no sinal operável
MCHP_2021Q1,MCHP,2020-08-05,,,,,0.3283,0.116,0.1156,False,sem distância de tom: <2 gestores identificados ou Q&A não detectado
MCHP_2021Q2,MCHP,2020-11-05,4.0,14.0,0.2737,0.1206,0.1342,0.1888,0.2502,True,classificada — no sinal operável
MCHP_2021Q3,MCHP,2021-02-04,16.0,,0.2123,,0.2467,-0.0642,0.0026,False,"distância de tom OK, mas confundidor ausente (analyst_tone, analyst_tone_distance)"
MCHP_2021Q4,MCHP,2021-05-06,3.0,14.0,0.1143,-0.0876,0.2173,0.0104,-0.0146,True,classificada — no sinal operável
MCHP_2022Q1,MCHP,2021-08-04,7.0,10.0,0.2652,0.0354,0.3122,0.0591,0.0678,True,classificada — no sinal operável
MCHP_2022Q2,MCHP,2021-11-04,3.0,14.0,0.0866,-0.1403,0.3152,0.0228,-0.1084,True,classificada — no sinal operável
MCHP_2022Q3,MCHP,2022-02-03,3.0,15.0,0.1004,-0.1711,0.3931,-0.0934,-0.0522,True,classificada — no sinal operável
MCHP_2022Q4,MCHP,2022-05-09,3.0,15.0,0.1357,-0.135,0.3535,0.0083,-0.005,True,classificada — no sinal operável
MCHP_2023Q1,MCHP,2022-08-02,3.0,8.0,0.127,-0.1822,0.7066,-0.0931,-0.1419,True,classificada — no sinal operável
MCHP_2023Q2,MCHP,2022-11-03,7.0,9.0,0.2859,0.0503,0.2871,0.1577,0.277,True,classificada — no sinal operável
MCHP_2023Q3,MCHP,2023-02-02,3.0,14.0,0.1187,-0.1623,0.3439,-0.0167,-0.088,True,classificada — no sinal operável
MCHP_2023Q4,MCHP,2023-05-04,3.0,10.0,0.2194,-0.0848,0.3935,0.0654,0.1813,True,classificada — no sinal operável
MCHP_2024Q1,MCHP,2023-08-03,3.0,11.0,0.3036,0.0506,0.0841,-0.0384,-0.1699,True,classificada — no sinal operável
MCHP_2024Q2,MCHP,2023-11-02,3.0,14.0,0.3344,0.0987,-0.019,0.1307,0.1437,True,classificada — no sinal operável
MCHP_2024Q3,MCHP,2024-02-01,3.0,14.0,0.2986,0.0817,0.0974,0.0549,0.0858,True,classificada — no sinal operável
MCHP_2024Q4,MCHP,2024-05-06,3.0,15.0,0.0724,-0.1507,0.1747,0.0067,-0.2028,True,classificada — no sinal operável
MCHP_2025Q1,MCHP,2024-08-01,3.0,10.0,0.2025,-0.0126,0.0565,0.0398,-0.0435,True,classificada — no sinal operável
MCHP_2025Q2,MCHP,2024-11-05,3.0,13.0,0.1473,-0.0758,0.0901,-0.2313,-0.3152,True,classificada — no sinal operável
MCHP_2025Q3,MCHP,2025-02-06,3.0,10.0,0.2425,0.0553,0.0235,0.0304,-0.0526,True,classificada — no sinal operável
MCHP_2025Q4,MCHP,2025-05-08,3.0,16.0,0.2062,0.0016,0.117,0.2301,0.1184,True,classificada — no sinal operável
META_2013Q1,META,2013-05-01,2.0,19.0,0.0001,-0.2141,0.6706,-0.1307,0.3138,True,classificada — no sinal operável
META_2013Q2,META,2013-07-24,2.0,20.0,0.0001,-0.2093,0.748,0.4559,1.046,True,classificada — no sinal operável
META_2013Q3,META,2013-10-30,2.0,18.0,0.0,-0.1921,0.6668,-0.0032,0.3268,True,classificada — no sinal operável
META_2013Q4,META,2014-01-29,6.0,14.0,0.3834,0.0334,0.5919,0.1021,-0.0377,True,classificada — no sinal operável
META_2014Q1,META,2014-04-23,2.0,19.0,0.0001,-0.1815,0.6232,-0.0484,0.1209,True,classificada — no sinal operável
META_2014Q2,META,2014-07-23,2.0,18.0,0.0001,-0.1695,0.5559,-0.0183,0.0359,True,classificada — no sinal operável
META_2014Q3,META,2014-10-28,2.0,18.0,0.0001,-0.1649,0.4641,0.0288,0.0338,True,classificada — no sinal operável
META_2014Q4,META,2015-01-28,2.0,19.0,0.0,-0.1858,0.6394,0.0276,0.0471,True,classificada — no sinal operável
META_2015Q1,META,2015-04-22,2.0,18.0,0.0001,-0.1779,0.6149,-0.043,0.1539,True,classificada — no sinal operável
META_2015Q2,META,2015-07-29,2.0,19.0,0.0002,-0.165,0.5507,-0.0546,0.0926,True,classificada — no sinal operável
META_2015Q3,META,2015-11-04,2.0,16.0,0.0001,-0.1531,0.5806,-0.0241,-0.0435,True,classificada — no sinal operável
META_2015Q4,META,2016-01-27,2.0,16.0,0.0001,-0.16,0.6189,0.0067,0.0158,True,classificada — no sinal operável
META_2016Q1,META,2016-04-27,2.0,16.0,0.0001,-0.1467,0.5105,-0.0009,0.0314,True,classificada — no sinal operável
META_2016Q2,META,2016-07-27,2.0,16.0,0.0001,-0.1483,0.5465,-0.0285,0.0374,True,classificada — no sinal operável
META_2016Q3,META,2016-11-02,2.0,17.0,0.0003,-0.1434,0.4836,-0.0541,0.0736,True,classificada — no sinal operável
META_2016Q4,META,2017-02-01,2.0,17.0,0.0002,-0.1401,0.5148,0.0297,0.1395,True,classificada — no sinal operável
META_2017Q1,META,2017-05-03,2.0,17.0,0.0001,-0.1357,0.4363,0.0229,0.1274,True,classificada — no sinal operável
META_2017Q2,META,2017-07-26,2.0,21.0,0.0001,-0.1286,0.4814,-0.0398,-0.0166,True,classificada — no sinal operável
META_2017Q3,META,2017-11-01,2.0,17.0,0.0001,-0.124,0.4786,-0.0306,0.0534,True,classificada — no sinal operável
META_2017Q4,META,2018-01-31,2.0,17.0,0.0,-0.1231,0.5077,-0.0616,-0.0646,True,classificada — no sinal operável
META_2018Q1,META,2018-04-25,2.0,18.0,0.0001,-0.1237,0.4742,0.0734,0.2556,True,classificada — no sinal operável
META_2018Q2,META,2018-07-25,2.0,18.0,0.0004,-0.1158,0.5204,-0.0114,-0.1172,True,classificada — no sinal operável
META_2018Q3,META,2018-10-30,2.0,15.0,0.0002,-0.1196,0.4375,-0.1053,0.0691,True,classificada — no sinal operável
META_2018Q4,META,2019-01-30,4.0,12.0,0.287,-0.0205,0.5391,-0.02,0.1656,True,classificada — no sinal operável
META_2019Q1,META,2019-04-24,4.0,13.0,0.2163,-0.0054,0.3139,-0.0818,0.039,True,classificada — no sinal operável
META_2019Q2,META,2019-07-24,4.0,13.0,0.1906,-0.1057,0.4535,-0.1193,-0.1179,True,classificada — no sinal operável
META_2019Q3,META,2019-10-30,4.0,11.0,0.3042,0.0238,0.332,0.0251,0.0265,True,classificada — no sinal operável
META_2019Q4,META,2020-01-29,4.0,14.0,0.2789,-0.0066,0.414,-0.0681,-0.0597,True,classificada — no sinal operável
META_2020Q1,META,2020-04-29,4.0,8.0,0.2042,-0.0746,0.32,0.0878,0.1274,True,classificada — no sinal operável
META_2020Q2,META,2020-07-30,4.0,9.0,0.2082,-0.0126,0.1594,0.1479,0.0463,True,classificada — no sinal operável
META_2020Q3,META,2020-10-30,4.0,9.0,0.2774,-0.0186,0.505,0.083,0.0094,True,classificada — no sinal operável
META_2020Q4,META,2021-01-27,4.0,8.0,0.251,0.0142,0.3002,-0.0706,0.1079,True,classificada — no sinal operável
META_2021Q1,META,2021-04-28,5.0,8.0,0.3439,0.0122,0.5964,0.008,0.1307,True,classificada — no sinal operável
META_2021Q2,META,2021-07-29,4.0,11.0,0.2885,-0.038,0.5461,0.0526,-0.118,True,classificada — no sinal operável
META_2021Q3,META,2021-10-25,4.0,10.0,0.2558,-0.0486,0.4997,0.0274,-0.0856,True,classificada — no sinal operável
META_2021Q4,META,2022-02-02,4.0,9.0,0.2433,-0.0831,0.2707,-0.1823,-0.0868,True,classificada — no sinal operável
META_2022Q1,META,2022-04-27,4.0,10.0,0.2843,-0.0243,0.3487,-0.0556,-0.208,True,classificada — no sinal operável
META_2022Q2,META,2022-07-29,4.0,10.0,0.3262,0.0656,0.569,0.0122,-0.3772,True,classificada — no sinal operável
META_2022Q3,META,2022-10-26,3.0,10.0,0.2174,0.0103,0.4328,0.1371,0.5487,True,classificada — no sinal operável
META_2022Q4,META,2023-02-01,3.0,11.0,0.2862,0.0321,0.5852,0.0102,0.2926,True,classificada — no sinal operável
META_2023Q1,META,2023-04-26,3.0,9.0,0.3309,-0.0118,0.6507,0.0534,0.2994,True,classificada — no sinal operável
META_2023Q2,META,2023-07-26,3.0,7.0,0.2653,-0.0126,0.5182,-0.118,-0.0387,True,classificada — no sinal operável
META_2023Q3,META,2023-10-25,3.0,7.0,0.2776,-0.0496,0.5672,0.1465,0.3361,True,classificada — no sinal operável
META_2023Q4,META,2024-02-01,3.0,7.0,0.2963,-0.0293,0.6086,0.0851,-0.038,True,classificada — no sinal operável
META_2024Q1,META,2024-04-24,4.0,9.0,0.258,-0.0911,0.4379,0.1053,0.077,True,classificada — no sinal operável
META_2024Q2,META,2024-07-31,3.0,9.0,0.3582,0.0093,0.7423,-0.0053,0.1398,True,classificada — no sinal operável
META_2024Q3,META,2024-10-30,3.0,9.0,0.3451,-0.0197,0.6849,-0.0183,0.1932,True,classificada — no sinal operável
META_2024Q4,META,2025-01-29,3.0,8.0,0.3025,-0.0157,0.6327,-0.0411,-0.2114,True,classificada — no sinal operável
META_2025Q1,META,2025-04-30,3.0,9.0,0.2647,-0.075,0.5072,0.0936,0.3073,True,classificada — no sinal operável
MPWR_2020Q1,MPWR,2020-04-29,1.0,10.0,,,0.0675,0.0373,0.3079,False,sem distância de tom: <2 gestores identificados ou Q&A não detectado
MPWR_2020Q2,MPWR,2020-07-29,,,,,0.3222,0.01,0.226,False,sem distância de tom: <2 gestores identificados ou Q&A não detectado
MPWR_2020Q3,MPWR,2020-11-01,2.0,8.0,0.2688,0.0676,0.1992,-0.0185,0.1512,True,classificada — no sinal operável
MPWR_2020Q4,MPWR,2021-02-04,2.0,9.0,0.3628,0.1599,0.2794,-0.2217,-0.1395,True,classificada — no sinal operável
MPWR_2021Q1,MPWR,2021-05-04,9.0,2.0,0.2596,-0.0061,0.3554,-0.0263,0.3254,True,classificada — no sinal operável
MPWR_2021Q2,MPWR,2021-07-27,2.0,7.0,0.3366,0.1191,0.416,0.1787,0.2767,True,classificada — no sinal operável
MPWR_2021Q3,MPWR,2021-10-28,2.0,9.0,0.2405,0.0677,0.2847,0.1014,-0.2752,True,classificada — no sinal operável
MPWR_2021Q4,MPWR,2022-02-10,2.0,9.0,0.2921,0.0958,0.3407,-0.1263,-0.1173,True,classificada — no sinal operável
MPWR_2022Q1,MPWR,2022-05-02,2.0,10.0,0.3277,0.1298,0.37,0.0073,0.1386,True,classificada — no sinal operável
MPWR_2022Q2,MPWR,2022-08-02,2.0,9.0,0.3228,0.1294,0.3649,-0.1133,-0.3345,True,classificada — no sinal operável
MPWR_2022Q3,MPWR,2022-10-27,3.0,8.0,0.2035,0.0257,0.1026,0.0929,0.2559,True,classificada — no sinal operável
MPWR_2022Q4,MPWR,2023-02-08,2.0,9.0,0.3061,0.0986,0.2043,-0.0219,-0.1488,True,classificada — no sinal operável
MPWR_2023Q1,MPWR,2023-05-04,1.0,7.0,,,0.1591,0.2027,0.3284,False,sem distância de tom: <2 gestores identificados ou Q&A não detectado
MPWR_2023Q2,MPWR,2023-07-31,2.0,8.0,0.2165,0.0612,0.1209,0.0016,-0.2054,True,classificada — no sinal operável
MPWR_2023Q3,MPWR,2023-10-30,2.0,7.0,0.2423,0.0757,0.1736,0.2981,0.4184,True,classificada — no sinal operável
MPWR_2023Q4,MPWR,2024-02-07,2.0,9.0,0.2427,0.0718,0.2246,0.0768,0.051,True,classificada — no sinal operável
MPWR_2024Q1,MPWR,2024-05-01,4.0,8.0,0.2131,0.0148,0.1834,0.0801,0.1543,True,classificada — no sinal operável
MPWR_2024Q2,MPWR,2024-08-01,2.0,7.0,0.3914,0.1908,0.1914,0.1853,0.168,True,classificada — no sinal operável
MPWR_2024Q3,MPWR,2024-10-30,2.0,9.0,0.207,0.0243,0.2684,-0.3131,-0.2375,True,classificada — no sinal operável
MPWR_2024Q4,MPWR,2025-02-06,,,,,0.2256,-0.1531,-0.0656,False,sem distância de tom: <2 gestores identificados ou Q&A não detectado
MPWR_2025Q1,MPWR,2025-05-01,2.0,13.0,0.3687,0.1663,0.321,0.0878,0.2808,True,classificada — no sinal operável
MSFT_2006Q3,MSFT,2006-04-28,2.0,7.0,0.0685,,0.6096,-0.0444,0.001,False,"distância de tom OK, mas histórico curto para residualizar (<250 calls anteriores)"
MSFT_2006Q4,MSFT,2006-07-21,2.0,9.0,0.0429,,0.5149,0.0919,0.1826,False,"distância de tom OK, mas histórico curto para residualizar (<250 calls anteriores)"
MSFT_2007Q1,MSFT,2006-10-27,2.0,12.0,0.0118,,0.6046,0.0402,0.0923,False,"distância de tom OK, mas histórico curto para residualizar (<250 calls anteriores)"
MSFT_2007Q2,MSFT,2007-01-26,2.0,10.0,0.0444,,0.6144,-0.0875,-0.0139,False,"distância de tom OK, mas histórico curto para residualizar (<250 calls anteriores)"
MSFT_2007Q3,MSFT,2007-04-27,2.0,8.0,0.0118,,0.6231,0.0252,-0.0214,False,"distância de tom OK, mas histórico curto para residualizar (<250 calls anteriores)"
MSFT_2007Q4,MSFT,2007-07-20,2.0,9.0,0.0298,,0.5905,-0.0957,-0.0029,False,"distância de tom OK, mas histórico curto para residualizar (<250 calls anteriores)"
MSFT_2008Q1,MSFT,2007-10-26,2.0,9.0,0.155,,0.7288,-0.0482,-0.0615,False,"distância de tom OK, mas histórico curto para residualizar (<250 calls anteriores)"
MSFT_2008Q2,MSFT,2008-01-25,2.0,9.0,0.0685,,0.7445,-0.1372,-0.0931,False,"distância de tom OK, mas histórico curto para residualizar (<250 calls anteriores)"
MSFT_2008Q3,MSFT,2008-04-25,2.0,8.0,0.0289,-0.372,0.5528,-0.0421,-0.1189,True,classificada — no sinal operável
MSFT_2008Q4,MSFT,2008-07-18,2.0,8.0,0.0796,-0.3138,0.5356,0.0791,-0.0535,True,classificada — no sinal operável
MSFT_2009Q1,MSFT,2008-10-24,2.0,9.0,0.0956,-0.2459,0.3775,-0.0388,-0.1795,True,classificada — no sinal operável
MSFT_2009Q2,MSFT,2009-01-22,3.0,10.0,0.1511,-0.0531,0.0323,0.0211,0.1226,True,classificada — no sinal operável
MSFT_2009Q3,MSFT,2009-04-24,2.0,12.0,0.0518,-0.1929,0.1842,-0.0039,0.1484,True,classificada — no sinal operável
MSFT_2009Q4,MSFT,2009-07-24,2.0,13.0,0.0904,-0.2222,0.301,0.0571,0.1408,True,classificada — no sinal operável
MSFT_2010Q1,MSFT,2009-10-23,2.0,15.0,0.2061,-0.1246,0.5822,0.069,0.0533,True,classificada — no sinal operável
MSFT_2010Q2,MSFT,2010-01-29,2.0,13.0,0.0449,-0.2832,0.658,0.0072,0.0808,True,classificada — no sinal operável
MSFT_2010Q3,MSFT,2010-04-23,5.0,10.0,0.2831,-0.0455,0.4893,-0.1488,-0.1637,True,classificada — no sinal operável
MSFT_2010Q4,MSFT,2010-07-23,,,,,0.6488,-0.0561,-0.0118,False,sem distância de tom: <2 gestores identificados ou Q&A não detectado
MSFT_2011Q1,MSFT,2010-10-29,2.0,12.0,0.1023,-0.228,0.7038,-0.0545,0.038,True,classificada — no sinal operável
MSFT_2011Q2,MSFT,2011-01-28,2.0,12.0,0.0614,-0.2142,0.8143,-0.0524,-0.0611,True,classificada — no sinal operável
MSFT_2011Q3,MSFT,2011-04-29,2.0,11.0,0.0068,-0.4141,0.7064,-0.0295,0.0632,True,classificada — no sinal operável
MSFT_2011Q4,MSFT,2011-07-21,4.0,10.0,0.4015,0.0633,0.7365,-0.099,0.0164,True,classificada — no sinal operável
MSFT_2012Q1,MSFT,2011-10-21,2.0,15.0,0.0458,-0.3394,0.6399,-0.0692,0.0924,True,classificada — no sinal operável
MSFT_2012Q2,MSFT,2012-01-20,2.0,13.0,0.0809,-0.3758,0.6037,0.071,0.1043,True,classificada — no sinal operável
MSFT_2012Q3,MSFT,2012-04-20,2.0,13.0,0.0256,-0.2551,0.7729,-0.0732,-0.0617,True,classificada — no sinal operável
MSFT_2012Q4,MSFT,2012-07-20,2.0,15.0,0.05,-0.3245,0.7287,0.0465,0.0042,True,classificada — no sinal operável
MSFT_2013Q1,MSFT,2012-10-18,3.0,13.0,0.3289,0.014,0.4807,-0.073,-0.0418,True,classificada — no sinal operável
MSFT_2013Q2,MSFT,2013-01-25,2.0,13.0,0.094,-0.2705,0.5936,-0.0148,0.1443,True,classificada — no sinal operável
MSFT_2013Q3,MSFT,2013-04-18,2.0,11.0,0.0415,-0.3314,0.6067,0.1855,0.2049,True,classificada — no sinal operável
MSFT_2013Q4,MSFT,2013-07-19,3.0,14.0,0.2677,-0.0239,0.4093,-0.0028,0.1093,True,classificada — no sinal operável
MSFT_2014Q1,MSFT,2013-10-25,2.0,16.0,0.1731,-0.1634,0.6642,0.065,0.0263,True,classificada — no sinal operável
MSFT_2014Q2,MSFT,2014-01-24,2.0,14.0,0.1067,-0.1745,0.6305,0.0258,0.0906,True,classificada — no sinal operável
MSFT_2014Q3,MSFT,2014-04-25,3.0,12.0,0.3028,-0.0112,0.5365,0.0083,0.1164,True,classificada — no sinal operável
MSFT_2014Q4,MSFT,2014-07-23,3.0,11.0,0.3178,0.0537,0.5927,0.0127,0.0051,True,classificada — no sinal operável
MSFT_2015Q1,MSFT,2014-10-24,3.0,10.0,0.322,0.0608,0.5864,0.0477,-0.0608,True,classificada — no sinal operável
MSFT_2015Q2,MSFT,2015-01-27,3.0,10.0,0.327,0.0086,0.5438,0.0382,0.1584,True,classificada — no sinal operável
MSFT_2015Q3,MSFT,2015-04-24,3.0,9.0,0.2656,0.0167,0.4665,-0.0071,-0.021,True,classificada — no sinal operável
MSFT_2015Q4,MSFT,2015-07-22,3.0,9.0,0.3495,-0.0104,0.6314,0.0153,0.0622,True,classificada — no sinal operável
MSFT_2016Q1,MSFT,2015-10-23,3.0,9.0,0.3852,0.1043,0.7025,0.0386,-0.0002,True,classificada — no sinal operável
MSFT_2016Q2,MSFT,2016-01-28,5.0,11.0,0.286,0.0358,0.5561,-0.0637,-0.0817,True,classificada — no sinal operável
MSFT_2016Q3,MSFT,2016-04-21,5.0,11.0,0.2935,0.0484,0.2993,-0.018,0.0825,True,classificada — no sinal operável
MSFT_2016Q4,MSFT,2016-07-19,5.0,11.0,0.3068,0.1115,0.4675,0.0315,0.0254,True,classificada — no sinal operável
MSFT_2017Q1,MSFT,2016-10-20,5.0,12.0,0.3933,0.0832,0.6749,0.0079,0.0515,True,classificada — no sinal operável
MSFT_2017Q2,MSFT,2017-01-27,5.0,11.0,0.3531,0.1586,0.5953,-0.0201,0.0485,True,classificada — no sinal operável
MSFT_2017Q3,MSFT,2017-04-27,5.0,10.0,0.2768,0.0083,0.4639,0.0211,0.0678,True,classificada — no sinal operável
MSFT_2017Q4,MSFT,2017-07-20,5.0,11.0,0.4064,0.1348,0.7164,-0.0078,0.0623,True,classificada — no sinal operável
MSFT_2018Q1,MSFT,2017-10-26,5.0,11.0,0.4075,0.0738,0.6883,-0.0009,0.1188,True,classificada — no sinal operável
MSFT_2018Q2,MSFT,2018-01-31,2.0,13.0,0.0001,-0.1268,0.6928,-0.0137,-0.0089,True,classificada — no sinal operável
MSFT_2018Q3,MSFT,2018-04-26,5.0,10.0,0.4574,0.2005,0.8241,0.0122,0.128,True,classificada — no sinal operável
MSFT_2018Q4,MSFT,2018-07-19,2.0,12.0,0.0,-0.1142,0.7786,-0.0008,0.0283,True,classificada — no sinal operável
MSFT_2019Q1,MSFT,2018-10-24,10.0,6.0,0.4242,0.1605,0.8042,-0.0285,-0.0095,True,classificada — no sinal operável
MSFT_2019Q2,MSFT,2019-01-30,3.0,10.0,0.3599,0.0187,0.662,0.0887,0.2372,True,classificada — no sinal operável
MSFT_2019Q3,MSFT,2019-04-24,3.0,10.0,0.3923,0.1814,0.7921,-0.0262,0.086,True,classificada — no sinal operável
MSFT_2019Q4,MSFT,2019-07-18,3.0,9.0,0.418,0.0446,0.7753,-0.0259,0.0047,True,classificada — no sinal operável
MSFT_2020Q1,MSFT,2019-10-23,3.0,8.0,0.398,0.1048,0.7592,0.076,0.188,True,classificada — no sinal operável
MSFT_2020Q2,MSFT,2020-01-29,3.0,8.0,0.3802,0.0721,0.6823,-0.0666,0.0222,True,classificada — no sinal operável
MSFT_2020Q3,MSFT,2020-04-29,3.0,8.0,0.3284,0.0519,0.5288,0.0209,0.1368,True,classificada — no sinal operável
MSFT_2020Q4,MSFT,2020-07-22,3.0,8.0,0.3603,0.0562,0.7107,0.0382,0.0385,True,classificada — no sinal operável
MSFT_2021Q1,MSFT,2020-10-27,3.0,8.0,0.3383,0.0712,0.6739,0.0326,0.1535,True,classificada — no sinal operável
MSFT_2021Q2,MSFT,2021-01-26,4.0,7.0,0.3121,0.0328,0.8089,-0.0356,0.1032,True,classificada — no sinal operável
MSFT_2021Q3,MSFT,2021-04-27,3.0,8.0,0.4025,0.0496,0.7847,-0.0157,0.1215,True,classificada — no sinal operável
MSFT_2021Q4,MSFT,2021-07-27,4.0,6.0,0.3543,-0.0376,0.808,0.0471,0.0683,True,classificada — no sinal operável
MSFT_2022Q1,MSFT,2021-10-26,3.0,8.0,0.3891,0.032,0.7477,0.0713,-0.0593,True,classificada — no sinal operável
MSFT_2022Q2,MSFT,2022-01-25,4.0,6.0,0.4207,0.2394,0.7143,-0.0415,-0.1208,True,classificada — no sinal operável
MSFT_2022Q3,MSFT,2022-04-26,4.0,7.0,0.3187,0.0879,0.6927,-0.0672,-0.0451,True,classificada — no sinal operável
MSFT_2022Q4,MSFT,2022-07-26,4.0,7.0,0.3497,0.035,0.5451,0.0583,-0.0513,True,classificada — no sinal operável
MSFT_2023Q1,MSFT,2022-10-25,4.0,7.0,0.5976,0.1579,0.7551,0.074,0.0758,True,classificada — no sinal operável
MSFT_2023Q2,MSFT,2023-01-24,3.0,8.0,0.304,-0.0307,0.4167,0.0893,0.1775,True,classificada — no sinal operável
MSFT_2023Q3,MSFT,2023-04-25,3.0,8.0,0.3844,0.0391,0.7521,0.0601,0.1409,True,classificada — no sinal operável
MSFT_2023Q4,MSFT,2023-07-25,3.0,8.0,0.2927,0.0247,0.5884,-0.0403,-0.0335,True,classificada — no sinal operável
MSFT_2024Q1,MSFT,2023-10-24,3.0,8.0,0.3717,0.1773,0.7805,0.0974,0.1759,True,classificada — no sinal operável
MSFT_2024Q2,MSFT,2024-01-30,3.0,8.0,0.3372,0.0463,0.6716,0.0183,-0.0416,True,classificada — no sinal operável
MSFT_2024Q3,MSFT,2024-04-25,3.0,8.0,0.2919,0.0322,0.5669,0.0455,0.0336,True,classificada — no sinal operável
MSFT_2024Q4,MSFT,2024-07-30,3.0,8.0,0.3171,0.0052,0.5973,-0.0218,0.0163,True,classificada — no sinal operável
MSFT_2025Q1,MSFT,2024-10-30,3.0,8.0,0.3482,0.0138,0.6745,0.0215,-0.0087,True,classificada — no sinal operável
MSFT_2025Q2,MSFT,2025-01-29,3.0,8.0,0.3611,0.0291,0.7071,-0.0501,-0.0542,True,classificada — no sinal operável
MSFT_2025Q3,MSFT,2025-04-30,,,,,0.7501,0.0698,0.2398,False,sem distância de tom: <2 gestores identificados ou Q&A não detectado
MSI_2011Q1,MSI,2011-04-28,5.0,11.0,0.3385,0.0846,0.4966,0.0443,-0.0127,True,classificada — no sinal operável
MSI_2011Q2,MSI,2011-07-28,5.0,11.0,0.3945,0.102,0.5798,-0.0971,0.023,True,classificada — no sinal operável
MSI_2011Q3,MSI,2011-10-27,5.0,14.0,0.3818,0.0992,0.6036,-0.0747,-0.0257,True,classificada — no sinal operável
MSI_2011Q4,MSI,2012-01-25,5.0,11.0,0.3471,-0.004,0.5271,0.0349,0.0212,True,classificada — no sinal operável
MSI_2012Q1,MSI,2012-04-25,5.0,11.0,0.343,0.0277,0.4876,-0.0219,-0.0775,True,classificada — no sinal operável
MSI_2012Q2,MSI,2012-07-25,5.0,12.0,0.3294,0.0568,0.457,0.0497,0.114,True,classificada — no sinal operável
MSI_2012Q3,MSI,2012-10-24,,,,,0.4722,0.0812,0.1741,False,sem distância de tom: <2 gestores identificados ou Q&A não detectado
MSI_2012Q4,MSI,2013-01-23,,,,,0.5309,0.0477,0.0671,False,sem distância de tom: <2 gestores identificados ou Q&A não detectado
MSI_2013Q1,MSI,2013-04-24,5.0,9.0,0.3227,0.1128,0.4455,0.0468,0.1008,True,classificada — no sinal operável
MSI_2013Q2,MSI,2013-07-24,7.0,8.0,0.389,0.0754,0.3364,-0.0062,0.0905,True,classificada — no sinal operável
MSI_2013Q3,MSI,2013-10-23,5.0,11.0,0.3951,0.1008,0.5157,0.047,0.0644,True,classificada — no sinal operável
MSI_2013Q4,MSI,2014-01-22,,,,,0.5228,0.0216,-0.0043,False,sem distância de tom: <2 gestores identificados ou Q&A não detectado
MSI_2014Q1,MSI,2014-05-01,5.0,9.0,0.3516,0.1036,0.3376,0.1203,0.0822,True,classificada — no sinal operável
MSI_2014Q2,MSI,2014-08-05,7.0,8.0,0.3684,0.0529,0.4682,-0.0419,0.0543,True,classificada — no sinal operável
MSI_2014Q3,MSI,2014-11-04,,,,,0.4833,0.0097,-0.0063,False,sem distância de tom: <2 gestores identificados ou Q&A não detectado
MSI_2014Q4,MSI,2015-02-04,5.0,9.0,0.3913,0.1069,0.4383,0.0589,-0.0819,True,classificada — no sinal operável
MSI_2015Q1,MSI,2015-05-06,6.0,10.0,0.3802,0.1536,0.4438,-0.0255,0.0038,True,classificada — no sinal operável
MSI_2015Q2,MSI,2015-08-05,5.0,11.0,0.3483,0.0863,0.5573,0.0188,0.1221,True,classificada — no sinal operável
MSI_2015Q3,MSI,2015-11-04,5.0,10.0,0.377,0.068,0.4273,0.1111,-0.0263,True,classificada — no sinal operável
MSI_2015Q4,MSI,2016-02-22,5.0,5.0,0.3255,0.06,0.3791,0.0585,-0.0127,True,classificada — no sinal operável
MSI_2016Q1,MSI,2016-05-05,5.0,12.0,0.3132,0.0613,0.2938,-0.0434,-0.017,True,classificada — no sinal operável
MSI_2016Q2,MSI,2016-08-05,5.0,13.0,0.3699,0.1514,0.3808,0.0633,-0.027,True,classificada — no sinal operável
MSI_2016Q3,MSI,2016-11-03,5.0,14.0,0.3185,0.0433,0.3199,0.1152,0.1328,True,classificada — no sinal operável
MSI_2016Q4,MSI,2017-02-02,5.0,12.0,0.3701,0.0209,0.5132,-0.0357,0.0442,True,classificada — no sinal operável
MSI_2017Q1,MSI,2017-05-04,5.0,14.0,0.3296,0.0993,0.4101,-0.0014,0.0396,True,classificada — no sinal operável
MSI_2017Q2,MSI,2017-08-03,5.0,12.0,0.3074,0.0362,0.4393,-0.0406,-0.0058,True,classificada — no sinal operável
MSI_2017Q3,MSI,2017-11-02,5.0,8.0,0.3348,0.0806,0.5034,0.0231,0.1104,True,classificada — no sinal operável
MSI_2017Q4,MSI,2018-02-01,5.0,9.0,0.3747,0.1148,0.5963,0.0683,0.087,True,classificada — no sinal operável
MSI_2018Q1,MSI,2018-05-03,5.0,8.0,0.3597,0.0899,0.4754,0.0181,0.1308,True,classificada — no sinal operável
MSI_2018Q2,MSI,2018-08-02,5.0,14.0,0.4042,0.1265,0.5601,0.1042,0.0586,True,classificada — no sinal operável
MSI_2018Q3,MSI,2018-11-01,5.0,8.0,0.3078,0.1355,0.4854,0.0709,-0.0402,True,classificada — no sinal operável
MSI_2018Q4,MSI,2019-02-07,6.0,10.0,0.276,0.0765,0.5167,0.0886,0.1222,True,classificada — no sinal operável
MSI_2019Q1,MSI,2019-05-02,3.0,9.0,0.3276,0.0957,0.4808,0.062,0.1546,True,classificada — no sinal operável
MSI_2019Q2,MSI,2019-08-01,4.0,9.0,0.3597,0.0751,0.5752,0.1067,0.0151,True,classificada — no sinal operável
MSI_2019Q3,MSI,2019-10-30,3.0,10.0,0.3264,0.1546,0.5899,0.0078,0.0705,True,classificada — no sinal operável
MSI_2019Q4,MSI,2020-02-06,4.0,11.0,0.3868,0.1708,0.5823,-0.0803,-0.2409,True,classificada — no sinal operável
MSI_2020Q1,MSI,2020-05-08,4.0,12.0,0.2997,0.1138,0.1869,0.167,0.1145,True,classificada — no sinal operável
MSI_2020Q2,MSI,2020-08-06,3.0,11.0,0.328,0.2237,0.4175,0.0361,0.09,True,classificada — no sinal operável
MSI_2020Q3,MSI,2020-10-29,5.0,8.0,0.3895,0.0875,0.6315,0.0687,0.0925,True,classificada — no sinal operável
MSI_2020Q4,MSI,2021-02-04,6.0,9.0,0.4346,0.1744,0.6057,-0.0174,0.035,True,classificada — no sinal operável
MSI_2021Q1,MSI,2021-05-06,3.0,13.0,0.3834,0.1403,0.6201,0.0974,0.1784,True,classificada — no sinal operável
MSI_2021Q2,MSI,2021-08-06,5.0,10.0,0.3949,0.1161,0.7656,0.0715,0.1034,True,classificada — no sinal operável
MSI_2021Q3,MSI,2021-11-04,3.0,13.0,0.3507,0.132,0.6014,-0.0063,-0.0632,True,classificada — no sinal operável
MSI_2021Q4,MSI,2022-02-10,4.0,11.0,0.3098,0.0244,0.5372,-0.0079,-0.086,True,classificada — no sinal operável
MSI_2022Q1,MSI,2022-05-12,3.0,11.0,0.3437,0.1136,0.5407,-0.0215,0.2411,True,classificada — no sinal operável
MSI_2022Q2,MSI,2022-08-04,3.0,12.0,0.4025,0.1746,0.7224,0.0032,-0.0096,True,classificada — no sinal operável
MSI_2022Q3,MSI,2022-11-03,3.0,10.0,0.2889,0.0069,0.4195,0.0647,0.0284,True,classificada — no sinal operável
MSI_2022Q4,MSI,2023-02-09,3.0,13.0,0.3693,0.1382,0.625,-0.0128,0.094,True,classificada — no sinal operável
MSI_2023Q1,MSI,2023-05-04,3.0,6.0,0.4233,0.1757,0.8113,-0.0066,-0.0189,True,classificada — no sinal operável
MSI_2023Q2,MSI,2023-08-03,3.0,10.0,0.3739,0.0932,0.6358,-0.0322,-0.0401,True,classificada — no sinal operável
MSI_2023Q3,MSI,2023-11-02,3.0,10.0,0.3418,0.1125,0.6389,0.1009,0.1098,True,classificada — no sinal operável
MSI_2023Q4,MSI,2024-02-08,3.0,12.0,0.4038,0.1156,0.7156,0.0439,0.1152,True,classificada — no sinal operável
MSI_2024Q1,MSI,2024-05-02,3.0,6.0,0.3966,0.0302,0.5631,0.0405,0.1682,True,classificada — no sinal operável
MSI_2024Q2,MSI,2024-08-01,3.0,13.0,0.4085,0.1384,0.7194,0.1064,0.1364,True,classificada — no sinal operável
MSI_2024Q3,MSI,2024-11-07,3.0,12.0,0.4198,0.1025,0.6961,-0.0147,-0.0213,True,classificada — no sinal operável
MSI_2024Q4,MSI,2025-02-13,3.0,8.0,0.4207,0.0912,0.7249,-0.1026,-0.0941,True,classificada — no sinal operável
MSI_2025Q1,MSI,2025-05-01,3.0,11.0,0.3612,0.1074,0.5629,0.0044,0.0492,True,classificada — no sinal operável
MTCH_2020Q1,MTCH,2020-05-06,3.0,10.0,0.2323,0.0403,0.1567,0.018,0.364,True,classificada — no sinal operável
MTCH_2020Q2,MTCH,2020-08-05,4.0,12.0,0.3544,0.0357,0.4503,-0.0611,0.0331,True,classificada — no sinal operável
MTCH_2020Q3,MTCH,2020-11-05,3.0,11.0,0.2679,0.0351,0.4329,0.0853,0.1814,True,classificada — no sinal operável
MTCH_2020Q4,MTCH,2021-02-03,3.0,9.0,0.2924,0.0258,0.4028,0.0319,0.0134,True,classificada — no sinal operável
MTCH_2021Q1,MTCH,2021-05-05,3.0,9.0,0.2567,-0.0272,0.3895,-0.0298,0.0592,True,classificada — no sinal operável
MTCH_2021Q2,MTCH,2021-08-04,3.0,9.0,0.3687,-0.0092,0.7012,-0.0185,-0.0089,True,classificada — no sinal operável
MTCH_2021Q3,MTCH,2021-11-03,3.0,9.0,0.2702,-0.0171,0.4661,-0.1701,-0.2635,True,classificada — no sinal operável
MTCH_2021Q4,MTCH,2022-02-02,4.0,9.0,0.2764,-0.0245,0.48,-0.1601,-0.2706,True,classificada — no sinal operável
MTCH_2022Q1,MTCH,2022-05-04,3.0,10.0,0.3056,-0.0727,0.4762,0.009,-0.1835,True,classificada — no sinal operável
MTCH_2022Q2,MTCH,2022-08-03,3.0,10.0,0.3635,-0.0425,0.5826,-0.1279,-0.3095,True,classificada — no sinal operável
MTCH_2022Q3,MTCH,2022-11-02,3.0,11.0,0.3427,-0.0492,0.5884,0.0787,0.0738,True,classificada — no sinal operável
MTCH_2022Q4,MTCH,2023-02-01,3.0,9.0,0.3956,0.0946,0.5979,-0.2011,-0.3559,True,classificada — no sinal operável
MTCH_2023Q1,MTCH,2023-05-03,3.0,13.0,0.3424,0.027,0.5641,0.1581,0.3718,True,classificada — no sinal operável
MTCH_2023Q2,MTCH,2023-08-02,3.0,13.0,0.4142,0.0189,0.8306,0.0125,-0.2526,True,classificada — no sinal operável
MTCH_2023Q3,MTCH,2023-11-01,3.0,9.0,0.3436,-0.0307,0.5565,0.1208,0.2557,True,classificada — no sinal operável
MTCH_2023Q4,MTCH,2024-01-31,3.0,12.0,0.3956,0.0006,0.7605,-0.0735,-0.1956,True,classificada — no sinal operável
MTCH_2024Q1,MTCH,2024-05-08,3.0,12.0,0.3033,0.0199,0.3084,0.0627,0.1573,True,classificada — no sinal operável
MTCH_2024Q2,MTCH,2024-07-31,3.0,12.0,0.3678,0.0853,0.6529,-0.0345,-0.041,True,classificada — no sinal operável
MTCH_2024Q3,MTCH,2024-11-07,3.0,12.0,0.3409,0.0354,0.5647,0.0678,0.0914,True,classificada — no sinal operável
MTCH_2024Q4,MTCH,2025-02-05,4.0,11.0,0.297,-0.0942,0.665,-0.0346,-0.0955,True,classificada — no sinal operável
MTCH_2025Q1,MTCH,2025-05-08,3.0,12.0,0.2872,0.0098,0.4046,0.1492,0.3066,True,classificada — no sinal operável
MU_2006Q1,MU,2005-12-26,,,,,0.772,0.0513,0.0571,False,sem distância de tom: <2 gestores identificados ou Q&A não detectado
MU_2006Q2,MU,2006-04-11,12.0,17.0,0.2608,,0.2603,0.0971,-0.0046,False,"distância de tom OK, mas histórico curto para residualizar (<250 calls anteriores)"
MU_2006Q3,MU,2006-06-28,6.0,17.0,0.2654,,0.2287,0.0109,0.1246,False,"distância de tom OK, mas histórico curto para residualizar (<250 calls anteriores)"
MU_2006Q4,MU,2006-10-05,7.0,12.0,0.3898,,0.41,-0.1268,-0.1418,False,"distância de tom OK, mas histórico curto para residualizar (<250 calls anteriores)"
MU_2007Q2,MU,2007-04-04,7.0,20.0,0.2127,,-0.0626,-0.0198,0.0535,False,"distância de tom OK, mas histórico curto para residualizar (<250 calls anteriores)"
MU_2007Q3,MU,2007-06-28,7.0,12.0,0.26,,0.2015,-0.0376,-0.0905,False,"distância de tom OK, mas histórico curto para residualizar (<250 calls anteriores)"
MU_2007Q4,MU,2007-10-02,5.0,15.0,0.2328,,0.3686,-0.0549,-0.3669,False,"distância de tom OK, mas histórico curto para residualizar (<250 calls anteriores)"
MU_2008Q1,MU,2007-12-20,5.0,15.0,0.2143,,0.2996,-0.1265,-0.2451,False,"distância de tom OK, mas histórico curto para residualizar (<250 calls anteriores)"
MU_2008Q2,MU,2008-04-02,5.0,13.0,0.2197,-0.0242,0.2643,0.209,-0.1358,True,classificada — no sinal operável
MU_2008Q3,MU,2008-06-27,6.0,19.0,0.2802,0.0225,0.2178,-0.2353,-0.2402,True,classificada — no sinal operável
MU_2008Q4,MU,2008-10-01,8.0,11.0,0.3526,0.1342,0.039,0.0548,-0.3714,True,classificada — no sinal operável
MU_2009Q1,MU,2008-12-23,5.0,15.0,0.3383,0.0843,0.3268,0.5455,0.9182,True,classificada — no sinal operável
MU_2009Q2,MU,2009-04-03,5.0,14.0,0.2547,0.0626,0.0822,0.2336,0.1088,True,classificada — no sinal operável
MU_2009Q3,MU,2009-06-25,5.0,13.0,0.3096,0.111,0.283,0.2535,0.6059,True,classificada — no sinal operável
MU_2010Q1,MU,2009-12-22,2.0,19.0,0.0,-0.1763,0.406,-0.0431,0.0646,True,classificada — no sinal operável
MU_2010Q2,MU,2010-04-01,2.0,17.0,0.0002,-0.1732,0.2293,-0.0463,-0.1919,True,classificada — no sinal operável
MU_2010Q3,MU,2010-06-28,5.0,14.0,0.2435,0.0034,0.3096,-0.1082,-0.2392,True,classificada — no sinal operável
MU_2010Q4,MU,2010-10-08,3.0,15.0,0.2131,0.0179,0.1479,0.0757,0.1292,True,classificada — no sinal operável
MU_2011Q2,MU,2011-03-24,5.0,15.0,0.1614,-0.009,0.1403,-0.0165,-0.2682,True,classificada — no sinal operável
MU_2011Q3,MU,2011-06-24,5.0,17.0,0.1869,-0.0121,0.2018,0.0841,-0.0828,True,classificada — no sinal operável
MU_2011Q4,MU,2011-09-29,7.0,15.0,0.2335,0.0554,0.2759,0.0809,0.1526,True,classificada — no sinal operável
MU_2012Q1,MU,2011-12-21,5.0,17.0,0.2411,-0.0065,0.1295,0.3923,0.4711,True,classificada — no sinal operável
MU_2012Q2,MU,2012-03-22,5.0,18.0,0.1769,-0.0295,0.2168,-0.2191,-0.3345,True,classificada — no sinal operável
MU_2012Q3,MU,2012-06-20,7.0,7.0,0.4029,0.0496,0.6339,-0.0152,0.1233,True,classificada — no sinal operável
MU_2012Q4,MU,2012-09-27,7.0,10.0,0.4194,0.0512,0.5934,-0.0959,0.0479,True,classificada — no sinal operável
MU_2013Q1,MU,2012-12-20,7.0,13.0,0.3142,0.0224,0.2472,0.2006,0.5247,True,classificada — no sinal operável
MU_2013Q2,MU,2013-03-21,8.0,11.0,0.326,0.0625,0.3562,-0.0451,0.3887,True,classificada — no sinal operável
MU_2013Q3,MU,2013-06-19,6.0,10.0,0.2425,-0.0055,0.3843,0.0185,0.2812,True,classificada — no sinal operável
MU_2013Q4,MU,2013-10-10,7.0,9.0,0.3008,0.0336,0.4034,0.0123,0.3253,True,classificada — no sinal operável
MU_2014Q1,MU,2014-01-07,6.0,10.0,0.268,-0.0221,0.3275,-0.0037,-0.0822,True,classificada — no sinal operável
MU_2014Q2,MU,2014-04-03,6.0,22.0,0.3371,0.0377,0.4123,0.0787,0.3606,True,classificada — no sinal operável
MU_2014Q3,MU,2014-06-23,6.0,11.0,0.3087,0.0191,0.4155,0.0689,-0.0289,True,classificada — no sinal operável
MU_2014Q4,MU,2014-09-25,7.0,9.0,0.3234,0.0381,0.5536,-0.0857,0.0277,True,classificada — no sinal operável
MU_2015Q1,MU,2015-01-06,8.0,6.0,0.3367,0.0385,0.4857,-0.0647,-0.1395,True,classificada — no sinal operável
MU_2015Q2,MU,2015-04-01,6.0,13.0,0.3814,0.0595,0.5172,0.0447,-0.3232,True,classificada — no sinal operável
MU_2015Q3,MU,2015-06-25,6.0,10.0,0.2978,-0.0118,0.2529,-0.1061,-0.2432,True,classificada — no sinal operável
MU_2015Q4,MU,2015-10-01,6.0,12.0,0.2957,0.0403,0.2924,0.088,-0.0696,True,classificada — no sinal operável
MU_2016Q1,MU,2015-12-22,7.0,13.0,0.3523,0.0625,0.2771,-0.2362,-0.2347,True,classificada — no sinal operável
MU_2016Q2,MU,2016-03-30,4.0,17.0,0.3134,0.0673,0.2717,0.1271,0.2599,True,classificada — no sinal operável
MU_2016Q3,MU,2016-06-30,5.0,13.0,0.3265,-0.0091,0.4272,0.0779,0.3943,True,classificada — no sinal operável
MU_2016Q4,MU,2016-10-04,4.0,13.0,0.3126,0.0101,0.4078,-0.0496,0.2741,True,classificada — no sinal operável
MU_2017Q1,MU,2016-12-21,4.0,16.0,0.3739,0.1006,0.527,-0.0026,0.2409,True,classificada — no sinal operável
MU_2017Q2,MU,2017-03-23,5.0,15.0,0.3536,0.0332,0.4706,-0.1057,0.0734,True,classificada — no sinal operável
MU_2017Q3,MU,2017-06-29,4.0,12.0,0.4058,0.1277,0.6321,-0.1245,0.1818,True,classificada — no sinal operável
MU_2017Q4,MU,2017-09-27,5.0,9.0,0.3825,0.0354,0.6325,0.0929,0.1435,True,classificada — no sinal operável
MU_2018Q1,MU,2017-12-19,4.0,12.0,0.3875,0.0762,0.5943,-0.0808,0.263,True,classificada — no sinal operável
MU_2018Q2,MU,2018-03-22,5.0,8.0,0.3599,0.0056,0.5894,-0.1503,0.0303,True,classificada — no sinal operável
MU_2018Q3,MU,2018-06-20,5.0,10.0,0.4746,0.0868,0.6457,-0.1048,-0.2668,True,classificada — no sinal operável
MU_2018Q4,MU,2018-09-20,4.0,8.0,0.4323,0.0524,0.6849,-0.089,-0.2955,True,classificada — no sinal operável
MU_2019Q1,MU,2018-12-18,6.0,5.0,0.4104,0.0782,0.4956,0.1295,0.3895,True,classificada — no sinal operável
MU_2019Q2,MU,2019-03-20,3.0,8.0,0.3484,-0.0303,0.5295,0.0408,-0.1861,True,classificada — no sinal operável
MU_2019Q3,MU,2019-06-25,3.0,8.0,0.2664,-0.0474,0.4303,0.3318,0.3524,True,classificada — no sinal operável
MU_2019Q4,MU,2019-09-26,3.0,12.0,0.3325,-0.067,0.4112,0.0464,0.2007,True,classificada — no sinal operável
MU_2020Q1,MU,2019-12-18,3.0,12.0,0.3765,0.0601,0.7521,0.072,-0.3436,True,classificada — no sinal operável
MU_2020Q2,MU,2020-03-25,3.0,11.0,0.3059,-0.0164,0.4009,-0.0165,0.0755,True,classificada — no sinal operável
MU_2020Q3,MU,2020-06-29,3.0,11.0,0.3567,0.0658,0.6217,-0.0268,-0.0398,True,classificada — no sinal operável
MU_2020Q4,MU,2020-09-29,4.0,7.0,0.498,0.1381,0.6461,0.0215,0.4343,True,classificada — no sinal operável
MU_2021Q1,MU,2021-01-07,3.0,9.0,0.3961,0.0191,0.7174,0.0178,0.1546,True,classificada — no sinal operável
MU_2021Q2,MU,2021-03-31,3.0,11.0,0.4041,0.0663,0.7667,-0.0745,-0.0862,True,classificada — no sinal operável
MU_2021Q3,MU,2021-06-30,3.0,7.0,0.3072,-0.0337,0.5076,-0.0567,-0.1289,True,classificada — no sinal operável
MU_2021Q4,MU,2021-09-28,4.0,8.0,0.414,0.0149,0.6511,-0.0397,0.3079,True,classificada — no sinal operável
MU_2022Q1,MU,2021-12-20,3.0,8.0,0.3745,0.0216,0.6782,-0.043,-0.11,True,classificada — no sinal operável
MU_2022Q2,MU,2022-03-29,3.0,10.0,0.4237,-0.0034,0.7722,-0.1664,-0.3346,True,classificada — no sinal operável
MU_2022Q3,MU,2022-06-30,3.0,8.0,0.3215,0.1184,0.3997,0.1759,-0.0597,True,classificada — no sinal operável
MU_2022Q4,MU,2022-09-29,3.0,7.0,0.3426,-0.0029,0.2843,0.0715,0.0043,True,classificada — no sinal operável
MU_2023Q1,MU,2022-12-21,4.0,7.0,0.4576,0.2774,0.2648,0.2404,0.2384,True,classificada — no sinal operável
MU_2023Q2,MU,2023-03-28,3.0,8.0,0.3813,0.0392,0.2876,0.0183,0.1034,True,classificada — no sinal operável
MU_2023Q3,MU,2023-06-28,3.0,6.0,0.3486,-0.0651,0.6505,0.0515,0.0073,True,classificada — no sinal operável
MU_2023Q4,MU,2023-09-27,4.0,3.0,0.4636,0.1298,0.661,-0.0202,0.3158,True,classificada — no sinal operável
MU_2024Q1,MU,2023-12-20,3.0,6.0,0.4333,0.071,0.8073,0.0311,0.2983,True,classificada — no sinal operável
MU_2024Q2,MU,2024-03-20,3.0,7.0,0.4258,0.0127,0.8128,-0.0573,0.2731,True,classificada — no sinal operável
MU_2024Q3,MU,2024-06-26,3.0,6.0,0.4121,0.0483,0.7662,-0.1936,-0.2941,True,classificada — no sinal operável
MU_2024Q4,MU,2024-09-25,3.0,6.0,0.4421,0.0289,0.8147,-0.0542,-0.2097,True,classificada — no sinal operável
MU_2025Q1,MU,2024-12-18,1.0,12.0,,,0.4332,0.2142,0.0776,False,sem distância de tom: <2 gestores identificados ou Q&A não detectado
MU_2025Q2,MU,2025-03-20,4.0,6.0,0.309,-0.0734,0.7181,-0.3195,0.2603,True,classificada — no sinal operável
MXIM_2006Q2,MXIM,2006-01-30,2.0,19.0,0.0516,,0.2951,,,False,"distância de tom OK, mas sem pregão de decisão (call não alinhada a preços)"
MXIM_2006Q3,MXIM,2006-04-27,4.0,17.0,0.1402,,0.215,,,False,"distância de tom OK, mas sem pregão de decisão (call não alinhada a preços)"
MXIM_2006Q4,MXIM,2006-08-05,4.0,16.0,0.1769,,0.1274,,,False,"distância de tom OK, mas sem pregão de decisão (call não alinhada a preços)"
MXIM_2007Q1,MXIM,2006-11-02,4.0,16.0,0.3349,,-0.0245,,,False,"distância de tom OK, mas sem pregão de decisão (call não alinhada a preços)"
MXIM_2007Q2,MXIM,2007-02-08,4.0,15.0,0.2702,,0.185,,,False,"distância de tom OK, mas sem pregão de decisão (call não alinhada a preços)"
MXIM_2007Q3,MXIM,2007-04-26,5.0,15.0,0.2838,,0.3806,,,False,"distância de tom OK, mas sem pregão de decisão (call não alinhada a preços)"
MXIM_2007Q4,MXIM,2007-08-03,5.0,16.0,0.2652,,0.3514,,,False,"distância de tom OK, mas sem pregão de decisão (call não alinhada a preços)"
MXIM_2008Q1,MXIM,2007-11-02,3.0,21.0,0.2731,,0.3262,,,False,"distância de tom OK, mas sem pregão de decisão (call não alinhada a preços)"
MXIM_2008Q2,MXIM,2008-02-01,3.0,13.0,0.2983,,0.277,,,False,"distância de tom OK, mas sem pregão de decisão (call não alinhada a preços)"
MXIM_2008Q3,MXIM,2008-05-02,3.0,16.0,0.2162,,0.2706,,,False,"distância de tom OK, mas sem pregão de decisão (call não alinhada a preços)"
MXIM_2008Q4,MXIM,2008-08-10,3.0,18.0,0.2986,,0.4218,,,False,"distância de tom OK, mas sem pregão de decisão (call não alinhada a preços)"
MXIM_2009Q1,MXIM,2008-10-30,3.0,16.0,0.2212,,0.1134,,,False,"distância de tom OK, mas sem pregão de decisão (call não alinhada a preços)"
MXIM_2011Q4,MXIM,2011-07-29,3.0,11.0,0.2945,,0.3537,,,False,"distância de tom OK, mas sem pregão de decisão (call não alinhada a preços)"
MXIM_2012Q1,MXIM,2011-10-21,3.0,10.0,0.2377,,0.0802,,,False,"distância de tom OK, mas sem pregão de decisão (call não alinhada a preços)"
MXIM_2012Q2,MXIM,2012-01-27,3.0,9.0,0.2836,,0.1676,,,False,"distância de tom OK, mas sem pregão de decisão (call não alinhada a preços)"
MXIM_2012Q3,MXIM,2012-04-27,3.0,12.0,0.2778,,0.3744,,,False,"distância de tom OK, mas sem pregão de decisão (call não alinhada a preços)"
MXIM_2012Q4,MXIM,2012-07-27,3.0,23.0,0.2278,,0.2495,,,False,"distância de tom OK, mas sem pregão de decisão (call não alinhada a preços)"
MXIM_2013Q1,MXIM,2012-10-26,3.0,12.0,0.193,,0.054,,,False,"distância de tom OK, mas sem pregão de decisão (call não alinhada a preços)"
MXIM_2013Q2,MXIM,2013-01-25,3.0,14.0,0.2819,,0.4111,,,False,"distância de tom OK, mas sem pregão de decisão (call não alinhada a preços)"
MXIM_2013Q3,MXIM,2013-04-26,3.0,12.0,0.2396,,0.3809,,,False,"distância de tom OK, mas sem pregão de decisão (call não alinhada a preços)"
MXIM_2013Q4,MXIM,2013-07-26,3.0,16.0,0.223,,0.2006,,,False,"distância de tom OK, mas sem pregão de decisão (call não alinhada a preços)"
MXIM_2014Q1,MXIM,2013-10-25,3.0,14.0,0.2941,,0.2949,,,False,"distância de tom OK, mas sem pregão de decisão (call não alinhada a preços)"
MXIM_2014Q2,MXIM,2014-01-24,3.0,15.0,0.2946,,0.4475,,,False,"distância de tom OK, mas sem pregão de decisão (call não alinhada a preços)"
MXIM_2014Q3,MXIM,2014-04-25,3.0,11.0,0.3317,,0.4777,,,False,"distância de tom OK, mas sem pregão de decisão (call não alinhada a preços)"
MXIM_2014Q4,MXIM,2014-07-25,3.0,14.0,0.2302,,0.3379,,,False,"distância de tom OK, mas sem pregão de decisão (call não alinhada a preços)"
MXIM_2015Q1,MXIM,2014-10-24,3.0,13.0,0.231,,0.1875,,,False,"distância de tom OK, mas sem pregão de decisão (call não alinhada a preços)"
MXIM_2015Q2,MXIM,2015-01-23,3.0,11.0,0.3107,,0.5208,,,False,"distância de tom OK, mas sem pregão de decisão (call não alinhada a preços)"
MXIM_2015Q3,MXIM,2015-04-24,5.0,10.0,0.3296,,0.2983,,,False,"distância de tom OK, mas sem pregão de decisão (call não alinhada a preços)"
MXIM_2015Q4,MXIM,2015-07-24,3.0,11.0,0.2649,,0.4387,,,False,"distância de tom OK, mas sem pregão de decisão (call não alinhada a preços)"
MXIM_2016Q1,MXIM,2015-10-23,3.0,8.0,0.3098,,0.4777,,,False,"distância de tom OK, mas sem pregão de decisão (call não alinhada a preços)"
MXIM_2016Q2,MXIM,2016-01-22,3.0,12.0,0.3524,,0.4898,,,False,"distância de tom OK, mas sem pregão de decisão (call não alinhada a preços)"
MXIM_2016Q3,MXIM,2016-04-22,3.0,19.0,0.324,,0.5862,,,False,"distância de tom OK, mas sem pregão de decisão (call não alinhada a preços)"
MXIM_2016Q4,MXIM,2016-07-22,3.0,13.0,0.3296,,0.5924,,,False,"distância de tom OK, mas sem pregão de decisão (call não alinhada a preços)"
MXIM_2017Q1,MXIM,2016-10-21,3.0,19.0,0.3573,,0.5883,,,False,"distância de tom OK, mas sem pregão de decisão (call não alinhada a preços)"
MXIM_2017Q2,MXIM,2017-01-27,3.0,6.0,0.3807,,0.6493,,,False,"distância de tom OK, mas sem pregão de decisão (call não alinhada a preços)"
MXIM_2017Q3,MXIM,2017-04-21,3.0,16.0,0.3462,,0.595,,,False,"distância de tom OK, mas sem pregão de decisão (call não alinhada a preços)"
MXIM_2017Q4,MXIM,2017-07-21,3.0,12.0,0.361,,0.4909,,,False,"distância de tom OK, mas sem pregão de decisão (call não alinhada a preços)"
MXIM_2018Q1,MXIM,2017-10-20,3.0,15.0,0.3673,,0.6684,,,False,"distância de tom OK, mas sem pregão de decisão (call não alinhada a preços)"
MXIM_2018Q2,MXIM,2018-01-26,3.0,10.0,0.3726,,0.6751,,,False,"distância de tom OK, mas sem pregão de decisão (call não alinhada a preços)"
MXIM_2018Q3,MXIM,2018-04-27,3.0,9.0,0.4051,,0.708,,,False,"distância de tom OK, mas sem pregão de decisão (call não alinhada a preços)"
MXIM_2018Q4,MXIM,2018-07-26,3.0,11.0,0.3264,,0.5862,,,False,"distância de tom OK, mas sem pregão de decisão (call não alinhada a preços)"
MXIM_2019Q1,MXIM,2018-10-31,3.0,14.0,0.2573,,0.1769,,,False,"distância de tom OK, mas sem pregão de decisão (call não alinhada a preços)"
MXIM_2019Q2,MXIM,2019-01-30,3.0,12.0,0.2471,,-0.0849,,,False,"distância de tom OK, mas sem pregão de decisão (call não alinhada a preços)"
MXIM_2019Q3,MXIM,2019-05-01,3.0,11.0,0.2668,,0.2503,,,False,"distância de tom OK, mas sem pregão de decisão (call não alinhada a preços)"
MXIM_2019Q4,MXIM,2019-07-31,3.0,16.0,0.2846,,0.2271,,,False,"distância de tom OK, mas sem pregão de decisão (call não alinhada a preços)"
MXIM_2020Q1,MXIM,2019-10-30,3.0,12.0,0.3912,,0.7115,,,False,"distância de tom OK, mas sem pregão de decisão (call não alinhada a preços)"
MXIM_2020Q2,MXIM,2020-01-29,3.0,8.0,0.3436,,0.6556,,,False,"distância de tom OK, mas sem pregão de decisão (call não alinhada a preços)"
MXIM_2020Q3,MXIM,2020-04-29,3.0,9.0,0.2751,,0.1354,,,False,"distância de tom OK, mas sem pregão de decisão (call não alinhada a preços)"
NFLX_2010Q1,NFLX,2010-04-22,,,,,0.244,-0.0054,0.0355,False,sem distância de tom: <2 gestores identificados ou Q&A não detectado
NFLX_2010Q2,NFLX,2010-07-21,,,,,0.3177,0.1711,0.3637,False,sem distância de tom: <2 gestores identificados ou Q&A não detectado
NFLX_2010Q3,NFLX,2010-10-21,,,,,0.1111,0.0355,0.0897,False,sem distância de tom: <2 gestores identificados ou Q&A não detectado
NFLX_2010Q4,NFLX,2011-01-26,,,,,0.1718,0.0255,0.1391,False,sem distância de tom: <2 gestores identificados ou Q&A não detectado
NFLX_2011Q1,NFLX,2011-04-25,,,,,0.2797,0.0442,0.1873,False,sem distância de tom: <2 gestores identificados ou Q&A não detectado
NFLX_2011Q2,NFLX,2011-07-25,,,,,0.3,-0.1411,-0.5421,False,sem distância de tom: <2 gestores identificados ou Q&A não detectado
NFLX_2011Q3,NFLX,2011-10-24,5.0,1.0,0.3337,,0.2642,-0.0594,0.2689,False,"distância de tom OK, mas confundidor ausente (analyst_tone_distance)"
NFLX_2011Q4,NFLX,2012-01-25,5.0,10.0,0.2168,-0.0386,0.2715,-0.0196,-0.2419,True,classificada — no sinal operável
NFLX_2012Q1,NFLX,2012-04-23,,,,,0.1811,-0.2174,-0.0761,False,sem distância de tom: <2 gestores identificados ou Q&A não detectado
NFLX_2012Q2,NFLX,2012-07-24,5.0,11.0,0.2039,-0.0517,0.1961,0.0185,0.0572,True,classificada — no sinal operável
NFLX_2012Q3,NFLX,2012-10-23,5.0,10.0,0.2115,-0.0648,0.3058,0.4183,1.8018,True,classificada — no sinal operável
NFLX_2012Q4,NFLX,2013-01-23,5.0,10.0,0.2577,-0.0085,0.3235,0.2491,0.5051,True,classificada — no sinal operável
NFLX_2013Q1,NFLX,2013-04-22,5.0,9.0,0.2468,0.0363,0.3236,0.0998,0.2152,True,classificada — no sinal operável
NFLX_2013Q2,NFLX,2013-07-22,,,,,0.4136,0.0871,0.3266,False,sem distância de tom: <2 gestores identificados ou Q&A não detectado
NFLX_2013Q3,NFLX,2013-10-21,,,,,0.2905,-0.1303,-0.1395,False,sem distância de tom: <2 gestores identificados ou Q&A não detectado
NFLX_2013Q4,NFLX,2014-01-22,,,,,0.241,0.1157,-0.0875,False,sem distância de tom: <2 gestores identificados ou Q&A não detectado
NFLX_2014Q1,NFLX,2014-04-21,,,,,0.3113,-0.0132,0.2,False,sem distância de tom: <2 gestores identificados ou Q&A não detectado
NFLX_2014Q2,NFLX,2014-07-21,,,,,0.2089,0.0568,-0.1939,False,sem distância de tom: <2 gestores identificados ou Q&A não detectado
NFLX_2014Q3,NFLX,2014-10-15,,,,,0.2796,0.1403,-0.027,False,sem distância de tom: <2 gestores identificados ou Q&A não detectado
NFLX_2014Q4,NFLX,2015-01-20,1.0,4.0,,,0.2536,0.1446,0.3516,False,sem distância de tom: <2 gestores identificados ou Q&A não detectado
NFLX_2015Q1,NFLX,2015-04-15,2.0,4.0,0.2312,0.0797,0.4351,0.1031,0.2912,True,classificada — no sinal operável
NFLX_2015Q2,NFLX,2015-07-15,,,,,0.4046,0.1145,-0.0116,False,sem distância de tom: <2 gestores identificados ou Q&A não detectado
NFLX_2015Q3,NFLX,2015-10-15,2.0,5.0,0.1315,0.0024,0.1946,0.0343,0.0382,True,classificada — no sinal operável
NFLX_2015Q4,NFLX,2016-01-19,1.0,4.0,,,0.2801,-0.1691,-0.1338,False,sem distância de tom: <2 gestores identificados ou Q&A não detectado
NFLX_2016Q1,NFLX,2016-04-18,,,,,0.4035,-0.1092,-0.0068,False,sem distância de tom: <2 gestores identificados ou Q&A não detectado
NFLX_2016Q2,NFLX,2016-07-18,1.0,4.0,,,0.2615,0.1134,0.1878,False,sem distância de tom: <2 gestores identificados ou Q&A não detectado
NFLX_2016Q3,NFLX,2016-10-17,2.0,4.0,0.305,0.1502,0.4033,-0.0261,0.1426,True,classificada — no sinal operável
NFLX_2016Q4,NFLX,2017-01-19,1.0,4.0,,,0.476,0.0205,0.0131,False,sem distância de tom: <2 gestores identificados ou Q&A não detectado
NFLX_2017Q1,NFLX,2017-04-17,2.0,4.0,0.3169,0.1665,0.3692,0.0819,0.0975,True,classificada — no sinal operável
NFLX_2017Q2,NFLX,2017-07-18,1.0,3.0,,,0.4549,-0.071,0.1077,False,sem distância de tom: <2 gestores identificados ou Q&A não detectado
NFLX_2017Q3,NFLX,2017-10-17,2.0,5.0,0.3904,0.252,0.5264,-0.022,0.0869,True,classificada — no sinal operável
NFLX_2017Q4,NFLX,2018-01-22,,,,,0.412,0.1019,0.2495,False,sem distância de tom: <2 gestores identificados ou Q&A não detectado
NFLX_2018Q1,NFLX,2018-04-16,2.0,5.0,0.1772,0.0588,0.4156,-0.0107,0.2148,True,classificada — no sinal operável
NFLX_2018Q2,NFLX,2018-07-16,2.0,5.0,0.2848,0.1669,0.5642,-0.0273,-0.0213,True,classificada — no sinal operável
NFLX_2018Q3,NFLX,2018-10-16,2.0,5.0,0.1314,0.0163,0.4696,-0.2421,-0.0664,True,classificada — no sinal operável
NFLX_2018Q4,NFLX,2019-01-18,1.0,6.0,,,0.4145,0.0747,0.1268,False,sem distância de tom: <2 gestores identificados ou Q&A não detectado
NFLX_2019Q1,NFLX,2019-04-16,1.0,5.0,,,0.4876,-0.0157,-0.0071,False,sem distância de tom: <2 gestores identificados ou Q&A não detectado
NFLX_2019Q2,NFLX,2019-07-18,1.0,5.0,,,0.3875,-0.0637,-0.1148,False,sem distância de tom: <2 gestores identificados ou Q&A não detectado
NFLX_2019Q3,NFLX,2019-10-16,,,,,0.4283,-0.0488,0.1121,False,sem distância de tom: <2 gestores identificados ou Q&A não detectado
NFLX_2019Q4,NFLX,2020-01-22,,,,,0.4119,0.1657,0.2925,False,sem distância de tom: <2 gestores identificados ou Q&A não detectado
NFLX_2020Q1,NFLX,2020-04-21,1.0,5.0,,,0.3953,0.0417,0.1405,False,sem distância de tom: <2 gestores identificados ou Q&A não detectado
NFLX_2020Q2,NFLX,2020-07-17,1.0,5.0,,,0.5577,-0.0139,0.1079,False,sem distância de tom: <2 gestores identificados ou Q&A não detectado
NFLX_2020Q3,NFLX,2020-10-21,1.0,5.0,,,0.4191,-0.0203,0.1425,False,sem distância de tom: <2 gestores identificados ou Q&A não detectado
NFLX_2020Q4,NFLX,2021-01-19,,,,,0.4086,-0.0304,-0.028,False,sem distância de tom: <2 gestores identificados ou Q&A não detectado
NFLX_2021Q1,NFLX,2021-04-20,1.0,5.0,,,0.3931,-0.04,0.0454,False,sem distância de tom: <2 gestores identificados ou Q&A não detectado
NFLX_2021Q2,NFLX,2021-07-20,1.0,5.0,,,0.4474,-0.0081,0.2126,False,sem distância de tom: <2 gestores identificados ou Q&A não detectado
NFLX_2021Q3,NFLX,2021-10-19,1.0,5.0,,,0.6808,0.1057,-0.1754,False,sem distância de tom: <2 gestores identificados ou Q&A não detectado
NFLX_2021Q4,NFLX,2022-01-20,1.0,5.0,,,0.5285,-0.0228,-0.455,False,sem distância de tom: <2 gestores identificados ou Q&A não detectado
NFLX_2022Q1,NFLX,2022-04-19,1.0,5.0,,,0.4174,-0.2774,-0.1173,False,sem distância de tom: <2 gestores identificados ou Q&A não detectado
NFLX_2022Q2,NFLX,2022-07-19,1.0,5.0,,,0.4837,0.1584,0.1774,False,sem distância de tom: <2 gestores identificados ou Q&A não detectado
NFLX_2022Q3,NFLX,2022-10-18,1.0,5.0,,,0.4961,0.1548,0.1916,False,sem distância de tom: <2 gestores identificados ou Q&A não detectado
NFLX_2022Q4,NFLX,2023-01-19,1.0,6.0,,,0.6143,0.0332,-0.034,False,sem distância de tom: <2 gestores identificados ou Q&A não detectado
NFLX_2023Q1,NFLX,2023-04-18,1.0,4.0,,,0.5555,0.0486,0.4731,False,sem distância de tom: <2 gestores identificados ou Q&A não detectado
NFLX_2023Q2,NFLX,2023-07-19,1.0,4.0,,,0.4893,-0.0984,-0.2042,False,sem distância de tom: <2 gestores identificados ou Q&A não detectado
NFLX_2023Q3,NFLX,2023-10-18,,5.0,,,0.6198,0.1537,0.1932,False,sem distância de tom: <2 gestores identificados ou Q&A não detectado
NFLX_2023Q4,NFLX,2024-01-23,1.0,3.0,,,0.6918,0.0943,0.0744,False,sem distância de tom: <2 gestores identificados ou Q&A não detectado
NFLX_2024Q1,NFLX,2024-04-18,1.0,3.0,,,0.5645,0.0937,0.1153,False,sem distância de tom: <2 gestores identificados ou Q&A não detectado
NFLX_2024Q2,NFLX,2024-07-18,1.0,3.0,,,0.6794,0.0203,0.0626,False,sem distância de tom: <2 gestores identificados ou Q&A não detectado
NFLX_2024Q3,NFLX,2024-10-17,1.0,3.0,,,0.6495,0.117,0.179,False,sem distância de tom: <2 gestores identificados ou Q&A não detectado
NFLX_2024Q4,NFLX,2025-01-21,,,,,0.5989,0.0266,0.0424,False,sem distância de tom: <2 gestores identificados ou Q&A não detectado
NFLX_2025Q1,NFLX,2025-04-17,1.0,3.0,,,0.6902,0.2105,0.2528,False,sem distância de tom: <2 gestores identificados ou Q&A não detectado
NOW_2019Q1,NOW,2019-04-24,2.0,11.0,0.0856,-0.1938,0.5016,0.0144,0.1386,True,classificada — no sinal operável
NOW_2019Q2,NOW,2019-07-24,2.0,12.0,0.2051,-0.069,0.5029,-0.0827,-0.2085,True,classificada — no sinal operável
NOW_2019Q3,NOW,2019-10-23,3.0,10.0,0.3593,0.0961,0.7015,0.1799,0.3079,True,classificada — no sinal operável
NOW_2019Q4,NOW,2020-01-29,3.0,9.0,0.3997,0.0512,0.7578,-0.0229,-0.0352,True,classificada — no sinal operável
NOW_2020Q1,NOW,2020-04-29,3.0,8.0,0.3045,0.0334,0.503,0.1833,0.3595,True,classificada — no sinal operável
NOW_2020Q2,NOW,2020-07-29,3.0,10.0,0.4007,0.0429,0.7589,0.1105,0.155,True,classificada — no sinal operável
NOW_2020Q3,NOW,2020-10-29,3.0,9.0,0.39,0.0183,0.6945,0.0598,0.1074,True,classificada — no sinal operável
NOW_2020Q4,NOW,2021-01-28,3.0,8.0,0.3484,0.0642,0.6611,0.0135,-0.0803,True,classificada — no sinal operável
NOW_2021Q1,NOW,2021-04-29,3.0,8.0,0.4056,0.0667,0.7715,-0.0528,0.1722,True,classificada — no sinal operável
NOW_2021Q2,NOW,2021-07-29,3.0,9.0,0.4103,0.043,0.7489,0.0909,0.1467,True,classificada — no sinal operável
NOW_2021Q3,NOW,2021-10-27,3.0,12.0,0.3927,0.0342,0.6504,-0.0327,-0.2127,True,classificada — no sinal operável
NOW_2021Q4,NOW,2022-01-26,3.0,9.0,0.3733,0.0839,0.6807,0.0482,-0.1576,True,classificada — no sinal operável
NOW_2022Q1,NOW,2022-04-27,3.0,13.0,0.3782,0.0815,0.6984,-0.1046,-0.1407,True,classificada — no sinal operável
NOW_2022Q2,NOW,2022-07-27,3.0,13.0,0.3005,-0.0226,0.5389,0.0807,-0.1265,True,classificada — no sinal operável
NOW_2022Q3,NOW,2022-10-26,9.0,6.0,0.2877,-0.0217,0.5991,-0.0463,0.0747,True,classificada — no sinal operável
NOW_2022Q4,NOW,2023-01-25,3.0,14.0,0.3619,0.1182,0.6671,-0.0785,-0.017,True,classificada — no sinal operável
NOW_2023Q1,NOW,2023-04-26,3.0,19.0,0.3751,0.1627,0.712,0.208,0.2718,True,classificada — no sinal operável
NOW_2023Q2,NOW,2023-07-26,,,,,0.6288,-0.081,-0.0729,False,sem distância de tom: <2 gestores identificados ou Q&A não detectado
NOW_2023Q3,NOW,2023-10-25,3.0,16.0,0.415,0.1583,0.7069,0.2034,0.374,True,classificada — no sinal operável
NOW_2023Q4,NOW,2024-01-24,3.0,13.0,0.3915,0.1956,0.807,-0.0116,-0.0432,True,classificada — no sinal operável
NOW_2024Q1,NOW,2024-04-24,4.0,17.0,0.2828,0.043,0.4733,0.0605,0.1593,True,classificada — no sinal operável
NOW_2024Q2,NOW,2024-07-24,3.0,15.0,0.3694,0.082,0.7096,0.04,0.1629,True,classificada — no sinal operável
NOW_2024Q3,NOW,2024-10-23,3.0,12.0,0.3838,0.0701,0.7182,0.104,0.2027,True,classificada — no sinal operável
NOW_2024Q4,NOW,2025-01-29,3.0,9.0,0.3578,0.0592,0.6746,-0.0948,-0.0702,True,classificada — no sinal operável
NOW_2025Q1,NOW,2025-04-23,3.0,16.0,0.4046,0.1285,0.6942,0.1282,0.1065,True,classificada — no sinal operável
NTAP_2006Q3,NTAP,2006-02-18,5.0,21.0,0.3687,,0.402,0.0457,0.023,False,"distância de tom OK, mas histórico curto para residualizar (<250 calls anteriores)"
NTAP_2006Q4,NTAP,2006-05-25,2.0,22.0,0.0001,,0.589,0.0359,0.0186,False,"distância de tom OK, mas histórico curto para residualizar (<250 calls anteriores)"
NTAP_2007Q1,NTAP,2006-08-16,2.0,20.0,0.0,,0.5344,0.0488,0.1811,False,"distância de tom OK, mas histórico curto para residualizar (<250 calls anteriores)"
NTAP_2007Q2,NTAP,2006-11-15,5.0,18.0,0.3264,,0.5027,0.0801,0.0666,False,"distância de tom OK, mas histórico curto para residualizar (<250 calls anteriores)"
NTAP_2007Q4,NTAP,2007-05-23,2.0,21.0,0.0,,0.2299,-0.0241,-0.1414,False,"distância de tom OK, mas histórico curto para residualizar (<250 calls anteriores)"
NTAP_2008Q1,NTAP,2007-08-15,5.0,21.0,0.2648,,0.3304,0.0377,0.0365,False,"distância de tom OK, mas histórico curto para residualizar (<250 calls anteriores)"
NTAP_2008Q2,NTAP,2007-11-14,2.0,20.0,0.0,,0.4024,-0.0398,-0.1964,False,"distância de tom OK, mas histórico curto para residualizar (<250 calls anteriores)"
NTAP_2008Q3,NTAP,2008-02-14,2.0,20.0,0.0,,0.316,-0.043,0.2543,False,"distância de tom OK, mas histórico curto para residualizar (<250 calls anteriores)"
NTAP_2008Q4,NTAP,2008-05-22,6.0,16.0,0.3421,-0.015,0.39,-0.0588,-0.0123,True,classificada — no sinal operável
NTAP_2009Q1,NTAP,2008-08-13,6.0,20.0,0.2708,0.0157,0.3468,0.0,-0.5197,True,classificada — no sinal operável
NTAP_2009Q2,NTAP,2008-11-13,6.0,20.0,0.2469,-0.0303,0.2382,0.1482,0.3201,True,classificada — no sinal operável
NTAP_2009Q3,NTAP,2009-02-11,6.0,15.0,0.2997,0.0197,0.1185,0.0674,0.2099,True,classificada — no sinal operável
NTAP_2009Q4,NTAP,2009-05-21,6.0,22.0,0.2201,0.0022,0.1649,0.0459,0.1919,True,classificada — no sinal operável
NTAP_2010Q1,NTAP,2009-08-19,6.0,19.0,0.3642,0.0407,0.4158,0.127,0.3534,True,classificada — no sinal operável
NTAP_2010Q2,NTAP,2009-11-18,5.0,21.0,0.3332,0.0288,0.5501,0.0814,-0.0029,True,classificada — no sinal operável
NTAP_2010Q3,NTAP,2010-02-17,5.0,21.0,0.3397,0.0933,0.4553,0.0545,0.0621,True,classificada — no sinal operável
NTAP_2010Q4,NTAP,2010-05-27,5.0,18.0,0.3048,0.0424,0.5537,0.058,0.0553,True,classificada — no sinal operável
NTAP_2011Q1,NTAP,2010-08-19,3.0,18.0,0.2611,-0.005,0.3954,0.2249,0.2146,True,classificada — no sinal operável
NTAP_2011Q2,NTAP,2010-11-18,3.0,18.0,0.2685,-0.011,0.464,0.0465,0.003,True,classificada — no sinal operável
NTAP_2011Q3,NTAP,2011-02-16,5.0,21.0,0.2765,-0.0183,0.4254,-0.1028,-0.0122,True,classificada — no sinal operável
NTAP_2011Q4,NTAP,2011-05-25,5.0,19.0,0.249,-0.0544,0.3624,-0.0746,-0.2854,True,classificada — no sinal operável
NTAP_2012Q1,NTAP,2011-08-17,5.0,18.0,0.3609,0.0064,0.4281,0.0582,0.1733,True,classificada — no sinal operável
NTAP_2012Q2,NTAP,2011-11-16,6.0,15.0,0.2816,-0.0234,0.1258,-0.0184,0.16,True,classificada — no sinal operável
NTAP_2012Q3,NTAP,2012-02-15,4.0,18.0,0.2563,-0.0559,0.4613,0.0212,-0.1847,True,classificada — no sinal operável
NTAP_2012Q4,NTAP,2012-05-23,5.0,13.0,0.3284,-0.0146,0.2268,0.059,0.1724,True,classificada — no sinal operável
NTAP_2013Q1,NTAP,2012-08-15,5.0,17.0,0.1962,-0.0718,0.2544,0.0838,-0.086,True,classificada — no sinal operável
NTAP_2013Q2,NTAP,2012-11-14,2.0,22.0,0.0005,-0.1846,0.2977,0.0917,0.2095,True,classificada — no sinal operável
NTAP_2013Q3,NTAP,2013-02-13,,,,,0.4272,-0.0123,0.0352,False,sem distância de tom: <2 gestores identificados ou Q&A não detectado
NTAP_2013Q4,NTAP,2013-05-21,6.0,13.0,0.2582,-0.051,0.4441,-0.0147,0.078,True,classificada — no sinal operável
NTAP_2014Q1,NTAP,2013-08-14,5.0,17.0,0.321,-0.0215,0.5089,0.0837,-0.001,True,classificada — no sinal operável
NTAP_2014Q2,NTAP,2013-11-13,,,,,0.44,-0.0331,-0.0063,False,sem distância de tom: <2 gestores identificados ou Q&A não detectado
NTAP_2014Q3,NTAP,2014-02-13,5.0,13.0,0.3062,-0.0176,0.4278,-0.0914,-0.1512,True,classificada — no sinal operável
NTAP_2014Q4,NTAP,2014-05-22,4.0,13.0,0.3538,0.058,0.5041,-0.0135,0.131,True,classificada — no sinal operável
NTAP_2015Q1,NTAP,2014-08-14,4.0,13.0,0.342,0.0296,0.6468,0.0363,0.027,True,classificada — no sinal operável
NTAP_2015Q2,NTAP,2014-11-13,4.0,14.0,0.2589,-0.05,0.3772,-0.0117,-0.0785,True,classificada — no sinal operável
NTAP_2015Q3,NTAP,2015-02-12,2.0,18.0,0.0,-0.1685,0.2375,0.0011,-0.0268,True,classificada — no sinal operável
NTAP_2015Q4,NTAP,2015-05-20,2.0,11.0,0.0002,-0.1628,0.1996,0.0928,-0.0354,True,classificada — no sinal operável
NTAP_2016Q1,NTAP,2015-08-19,5.0,16.0,0.3514,0.056,0.4503,-0.0194,-0.0156,True,classificada — no sinal operável
NTAP_2016Q2,NTAP,2015-11-18,5.0,15.0,0.3263,0.0196,0.4012,-0.1196,-0.1978,True,classificada — no sinal operável
NTAP_2016Q3,NTAP,2016-02-17,5.0,18.0,0.4194,0.0337,0.6032,0.1606,0.034,True,classificada — no sinal operável
NTAP_2016Q4,NTAP,2016-05-25,5.0,12.0,0.4479,0.0281,0.6566,0.047,0.4859,True,classificada — no sinal operável
NTAP_2017Q1,NTAP,2016-08-17,4.0,21.0,0.3395,0.0089,0.5085,0.1207,0.1288,True,classificada — no sinal operável
NTAP_2017Q2,NTAP,2016-11-16,4.0,19.0,0.4656,0.0726,0.619,-0.052,0.0503,True,classificada — no sinal operável
NTAP_2017Q3,NTAP,2017-02-15,5.0,24.0,0.3372,0.024,0.4804,0.0309,-0.0067,True,classificada — no sinal operável
NTAP_2017Q4,NTAP,2017-05-24,5.0,24.0,0.3911,0.0512,0.5573,-0.0023,-0.0274,True,classificada — no sinal operável
NTAP_2018Q1,NTAP,2017-08-16,4.0,20.0,0.4087,0.0658,0.5896,0.0163,0.1352,True,classificada — no sinal operável
NTAP_2018Q2,NTAP,2017-11-15,5.0,18.0,0.4114,0.161,0.6759,0.114,0.1031,True,classificada — no sinal operável
NTAP_2018Q3,NTAP,2018-02-15,5.0,23.0,0.374,0.0272,0.566,0.0948,0.2215,True,classificada — no sinal operável
NTAP_2018Q4,NTAP,2018-05-23,5.0,16.0,0.4019,0.0804,0.6491,0.2025,0.2992,True,classificada — no sinal operável
NTAP_2019Q1,NTAP,2018-08-16,5.0,19.0,0.3929,0.1048,0.6081,0.0437,-0.0194,True,classificada — no sinal operável
NTAP_2019Q2,NTAP,2018-11-14,4.0,16.0,0.4274,0.0277,0.6298,-0.1605,-0.0892,True,classificada — no sinal operável
NTAP_2019Q3,NTAP,2019-02-14,3.0,21.0,0.3068,0.0193,0.4146,0.0432,0.0926,True,classificada — no sinal operável
NTAP_2019Q4,NTAP,2019-05-22,3.0,13.0,0.353,-0.0548,0.5708,0.0067,-0.2259,True,classificada — no sinal operável
NTAP_2020Q1,NTAP,2019-08-15,4.0,17.0,0.3369,0.0095,0.3511,0.2135,0.2945,True,classificada — no sinal operável
NTAP_2020Q2,NTAP,2019-11-13,3.0,19.0,0.3723,0.0595,0.5062,0.0565,-0.0868,True,classificada — no sinal operável
NTAP_2020Q3,NTAP,2020-02-12,3.0,18.0,0.2804,0.0088,0.1827,-0.2371,-0.2153,True,classificada — no sinal operável
NTAP_2020Q4,NTAP,2020-05-27,3.0,16.0,0.3727,0.0244,0.6139,-0.0659,-0.0569,True,classificada — no sinal operável
NTAP_2021Q1,NTAP,2020-08-27,3.0,21.0,0.3024,0.0024,0.4915,-0.0071,0.2321,True,classificada — no sinal operável
NTAP_2021Q2,NTAP,2020-12-01,3.0,21.0,0.3516,0.0817,0.6272,0.1448,0.0635,True,classificada — no sinal operável
NTAP_2021Q3,NTAP,2021-02-25,3.0,16.0,0.3858,0.0407,0.7244,0.1989,0.2825,True,classificada — no sinal operável
NTAP_2021Q4,NTAP,2021-06-02,3.0,15.0,0.3632,0.0399,0.6646,0.0679,0.1658,True,classificada — no sinal operável
NTAP_2022Q1,NTAP,2021-08-25,3.0,18.0,0.3804,0.0839,0.7069,0.0702,-0.0029,True,classificada — no sinal operável
NTAP_2022Q2,NTAP,2021-11-30,3.0,15.0,0.3919,0.0371,0.7203,0.0245,-0.0889,True,classificada — no sinal operável
NTAP_2022Q3,NTAP,2022-02-23,3.0,16.0,0.3518,0.0235,0.5042,0.1853,-0.0685,True,classificada — no sinal operável
NTAP_2022Q4,NTAP,2022-06-01,4.0,13.0,0.3395,-0.0512,0.6504,-0.1305,0.007,True,classificada — no sinal operável
NTAP_2023Q1,NTAP,2022-08-24,3.0,18.0,0.3713,0.0325,0.5743,-0.1975,-0.0589,True,classificada — no sinal operável
NTAP_2023Q2,NTAP,2022-11-29,3.0,15.0,0.2592,-0.0547,0.2695,-0.0735,0.0125,True,classificada — no sinal operável
NTAP_2023Q3,NTAP,2023-02-22,,,,,0.4304,-0.0465,0.0381,False,sem distância de tom: <2 gestores identificados ou Q&A não detectado
NTAP_2023Q4,NTAP,2023-05-31,3.0,14.0,0.3859,0.0154,0.6434,0.0868,0.0944,True,classificada — no sinal operável
NTAP_2024Q1,NTAP,2023-08-23,3.0,13.0,0.3604,0.0039,0.5973,0.0098,0.0354,True,classificada — no sinal operável
NTAP_2024Q2,NTAP,2023-11-28,3.0,12.0,0.3797,0.0733,0.6194,0.0152,0.0316,True,classificada — no sinal operável
NTAP_2024Q3,NTAP,2024-02-29,3.0,8.0,0.4262,0.0456,0.7631,-0.0079,0.1055,True,classificada — no sinal operável
NTAP_2024Q4,NTAP,2024-05-30,3.0,13.0,0.3752,0.006,0.6775,0.0899,0.0015,True,classificada — no sinal operável
NTAP_2025Q1,NTAP,2024-08-28,3.0,8.0,0.3751,0.028,0.6574,-0.0307,0.0405,True,classificada — no sinal operável
NTAP_2025Q2,NTAP,2024-11-21,3.0,17.0,0.3663,0.0494,0.5963,-0.126,-0.0744,True,classificada — no sinal operável
NTAP_2025Q3,NTAP,2025-02-27,3.0,17.0,0.3011,-0.0143,0.5151,-0.11,0.0052,True,classificada — no sinal operável
NVDA_2005Q4,NVDA,2006-01-30,7.0,9.0,0.323,,0.4938,0.0146,0.2581,False,"distância de tom OK, mas histórico curto para residualizar (<250 calls anteriores)"
NVDA_2006Q4,NVDA,2006-02-18,7.0,14.0,0.3996,,0.5736,0.0722,0.0272,False,"distância de tom OK, mas histórico curto para residualizar (<250 calls anteriores)"
NVDA_2007Q1,NVDA,2006-05-11,5.0,11.0,0.277,,0.4195,-0.2742,-0.1306,False,"distância de tom OK, mas histórico curto para residualizar (<250 calls anteriores)"
NVDA_2007Q2,NVDA,2006-08-10,4.0,11.0,0.328,,0.502,0.2558,0.5446,False,"distância de tom OK, mas histórico curto para residualizar (<250 calls anteriores)"
NVDA_2007Q3,NVDA,2006-11-09,4.0,11.0,0.3822,,0.5765,0.0334,-0.0283,False,"distância de tom OK, mas histórico curto para residualizar (<250 calls anteriores)"
NVDA_2007Q4,NVDA,2007-02-13,6.0,11.0,0.3612,,0.6448,-0.1656,0.0052,False,"distância de tom OK, mas histórico curto para residualizar (<250 calls anteriores)"
NVDA_2008Q2,NVDA,2007-08-09,4.0,8.0,0.4078,,0.5917,0.1993,0.2786,False,"distância de tom OK, mas histórico curto para residualizar (<250 calls anteriores)"
NVDA_2008Q3,NVDA,2007-11-08,5.0,12.0,0.4084,,0.6297,-0.0087,-0.2744,False,"distância de tom OK, mas histórico curto para residualizar (<250 calls anteriores)"
NVDA_2008Q4,NVDA,2008-02-13,,,,,0.5095,-0.3016,-0.1586,False,sem distância de tom: <2 gestores identificados ou Q&A não detectado
NVDA_2009Q1,NVDA,2008-05-09,5.0,11.0,0.2243,-0.0226,0.2522,-0.0232,-0.518,True,classificada — no sinal operável
NVDA_2009Q2,NVDA,2008-08-12,5.0,8.0,0.3138,0.0012,0.3542,-0.1381,-0.3172,True,classificada — no sinal operável
NVDA_2009Q3,NVDA,2008-11-06,5.0,11.0,0.3632,0.0239,0.5303,-0.1797,0.1221,True,classificada — no sinal operável
NVDA_2009Q4,NVDA,2009-02-10,5.0,11.0,0.3167,0.0777,0.0553,0.148,0.0466,True,classificada — no sinal operável
NVDA_2010Q1,NVDA,2009-05-08,5.0,13.0,0.2885,0.0317,0.3746,0.2484,0.5066,True,classificada — no sinal operável
NVDA_2010Q2,NVDA,2009-08-06,5.0,8.0,0.3571,0.0554,0.5549,0.0926,-0.1338,True,classificada — no sinal operável
NVDA_2010Q3,NVDA,2009-11-06,4.0,13.0,0.2261,0.0431,0.2845,0.1477,0.2039,True,classificada — no sinal operável
NVDA_2010Q4,NVDA,2010-02-18,4.0,11.0,0.3248,0.1322,0.4801,0.0392,-0.2313,True,classificada — no sinal operável
NVDA_2011Q1,NVDA,2010-05-14,5.0,13.0,0.2465,0.0585,0.4461,-0.0817,-0.2766,True,classificada — no sinal operável
NVDA_2011Q4,NVDA,2011-02-17,4.0,14.0,0.358,0.165,0.5443,-0.3046,-0.3038,True,classificada — no sinal operável
NVDA_2012Q1,NVDA,2011-05-12,4.0,12.0,0.3045,-0.0186,0.4664,-0.1146,-0.3016,True,classificada — no sinal operável
NVDA_2012Q2,NVDA,2011-08-11,5.0,13.0,0.3607,0.0287,0.4719,-0.0425,-0.035,True,classificada — no sinal operável
NVDA_2012Q3,NVDA,2011-11-10,4.0,12.0,0.3799,0.1697,0.4854,-0.0235,0.0853,True,classificada — no sinal operável
NVDA_2012Q4,NVDA,2012-02-15,4.0,16.0,0.3582,0.1448,0.4651,-0.0305,-0.1541,True,classificada — no sinal operável
NVDA_2013Q1,NVDA,2012-05-11,4.0,15.0,0.356,0.1344,0.566,-0.0885,0.0937,True,classificada — no sinal operável
NVDA_2013Q2,NVDA,2012-08-11,4.0,16.0,0.3524,0.1339,0.6174,-0.082,-0.1858,True,classificada — no sinal operável
NVDA_2013Q3,NVDA,2012-11-08,6.0,12.0,0.4242,0.113,0.5134,-0.0243,-0.0125,True,classificada — no sinal operável
NVDA_2013Q4,NVDA,2013-02-13,5.0,9.0,0.3109,0.0965,0.4531,0.0424,0.2123,True,classificada — no sinal operável
NVDA_2014Q1,NVDA,2013-05-09,2.0,13.0,0.0,-0.1984,0.4878,0.0221,0.0405,True,classificada — no sinal operável
NVDA_2014Q2,NVDA,2013-08-08,2.0,12.0,0.0003,-0.1906,0.4177,0.0769,0.0606,True,classificada — no sinal operável
NVDA_2014Q3,NVDA,2013-11-07,5.0,12.0,0.3376,-0.0021,0.5576,0.0195,0.0671,True,classificada — no sinal operável
NVDA_2014Q4,NVDA,2014-02-12,6.0,11.0,0.349,0.0107,0.5299,0.0377,0.054,True,classificada — no sinal operável
NVDA_2015Q1,NVDA,2014-05-09,5.0,16.0,0.2528,-0.0833,0.5169,0.0635,0.0551,True,classificada — no sinal operável
NVDA_2015Q2,NVDA,2014-08-07,4.0,10.0,0.4141,0.1734,0.6347,0.091,0.1097,True,classificada — no sinal operável
NVDA_2015Q3,NVDA,2014-11-06,2.0,9.0,0.3743,0.1752,0.7329,0.0214,0.0008,True,classificada — no sinal operável
NVDA_2015Q4,NVDA,2015-02-11,3.0,13.0,0.3481,0.1314,0.576,0.0358,-0.0441,True,classificada — no sinal operável
NVDA_2016Q1,NVDA,2015-05-07,4.0,16.0,0.2509,0.0647,0.4761,0.04,-0.0221,True,classificada — no sinal operável
NVDA_2016Q2,NVDA,2015-08-06,4.0,17.0,0.2598,0.0844,0.5306,-0.0275,0.2532,True,classificada — no sinal operável
NVDA_2016Q3,NVDA,2015-11-06,6.0,17.0,0.3907,0.0808,0.5296,0.0783,-0.181,True,classificada — no sinal operável
NVDA_2016Q4,NVDA,2016-02-17,4.0,17.0,0.3372,0.1448,0.6077,0.1006,0.4178,True,classificada — no sinal operável
NVDA_2017Q1,NVDA,2016-05-13,4.0,16.0,0.3067,0.1184,0.4777,0.1557,0.5541,True,classificada — no sinal operável
NVDA_2017Q2,NVDA,2016-08-12,4.0,21.0,0.3448,0.1731,0.4968,-0.0496,0.0758,True,classificada — no sinal operável
NVDA_2017Q3,NVDA,2016-11-10,4.0,13.0,0.3643,0.2024,0.5833,0.1285,0.3651,True,classificada — no sinal operável
NVDA_2017Q4,NVDA,2017-02-09,4.0,13.0,0.3009,0.127,0.3315,-0.1497,0.0561,True,classificada — no sinal operável
NVDA_2018Q1,NVDA,2017-05-09,4.0,11.0,0.3396,0.166,0.382,0.4009,0.4916,True,classificada — no sinal operável
NVDA_2018Q2,NVDA,2017-08-10,4.0,16.0,0.3452,0.2088,0.6473,0.0764,0.3322,True,classificada — no sinal operável
NVDA_2018Q3,NVDA,2017-11-09,4.0,11.0,0.3687,0.2092,0.5607,-0.0858,0.0709,True,classificada — no sinal operável
NVDA_2018Q4,NVDA,2018-02-08,4.0,11.0,0.2924,0.1246,0.4598,0.0496,0.0943,True,classificada — no sinal operável
NVDA_2019Q1,NVDA,2018-05-10,4.0,15.0,0.282,0.1297,0.5208,0.0317,0.0152,True,classificada — no sinal operável
NVDA_2019Q2,NVDA,2018-08-16,4.0,12.0,0.3238,0.163,0.6011,0.0836,-0.22,True,classificada — no sinal operável
NVDA_2019Q3,NVDA,2018-11-15,2.0,13.0,0.1435,0.0457,0.4544,-0.0994,-0.0282,True,classificada — no sinal operável
NVDA_2019Q4,NVDA,2019-02-14,2.0,15.0,0.2738,0.1666,0.3807,0.0379,-0.0159,True,classificada — no sinal operável
NVDA_2020Q1,NVDA,2019-05-16,2.0,11.0,0.3641,0.202,0.4258,-0.0839,-0.0603,True,classificada — no sinal operável
NVDA_2020Q2,NVDA,2019-08-16,2.0,11.0,0.489,0.3033,0.553,0.1044,0.2795,True,classificada — no sinal operável
NVDA_2020Q3,NVDA,2019-11-14,2.0,10.0,0.4617,0.2929,0.5632,0.0745,0.4153,True,classificada — no sinal operável
NVDA_2020Q4,NVDA,2020-02-13,2.0,13.0,0.3694,0.2242,0.5751,-0.3159,0.1189,True,classificada — no sinal operável
NVDA_2021Q1,NVDA,2020-05-22,4.0,11.0,0.2822,0.0163,0.4568,0.0325,0.3858,True,classificada — no sinal operável
NVDA_2021Q2,NVDA,2020-08-20,2.0,8.0,0.3669,0.2107,0.4622,0.0262,0.1009,True,classificada — no sinal operável
NVDA_2021Q3,NVDA,2020-11-18,2.0,10.0,0.4331,0.2408,0.6264,0.0048,0.0868,True,classificada — no sinal operável
NVDA_2021Q4,NVDA,2021-02-24,2.0,8.0,0.4636,0.2707,0.6258,-0.1072,0.1145,True,classificada — no sinal operável
NVDA_2022Q1,NVDA,2021-05-26,2.0,7.0,0.4669,0.2432,0.6507,0.2125,0.4152,True,classificada — no sinal operável
NVDA_2022Q2,NVDA,2021-08-18,2.0,10.0,0.3883,0.2254,0.619,0.1236,0.5496,True,classificada — no sinal operável
NVDA_2022Q3,NVDA,2021-11-18,2.0,7.0,0.419,0.2164,0.5358,-0.141,-0.2427,True,classificada — no sinal operável
NVDA_2022Q4,NVDA,2022-02-16,3.0,11.0,0.3194,0.0543,0.612,0.0323,-0.339,True,classificada — no sinal operável
NVDA_2023Q1,NVDA,2022-05-25,2.0,11.0,0.4239,0.2391,0.5538,0.0522,0.1173,True,classificada — no sinal operável
NVDA_2023Q2,NVDA,2022-08-24,2.0,13.0,0.2598,0.1017,0.1612,-0.2567,-0.0476,True,classificada — no sinal operável
NVDA_2023Q3,NVDA,2022-11-16,2.0,14.0,0.3311,0.1627,0.3754,0.0547,0.3613,True,classificada — no sinal operável
NVDA_2023Q4,NVDA,2023-02-22,3.0,9.0,0.317,0.032,0.5109,0.1602,0.3094,True,classificada — no sinal operável
NVDA_2024Q1,NVDA,2023-05-24,2.0,10.0,0.4204,0.215,0.4828,0.0549,0.2244,True,classificada — no sinal operável
NVDA_2024Q2,NVDA,2023-08-23,3.0,10.0,0.3231,0.1408,0.5155,-0.1713,-0.0053,True,classificada — no sinal operável
NVDA_2024Q3,NVDA,2023-11-21,2.0,9.0,0.4209,0.2222,0.514,-0.0172,0.5812,True,classificada — no sinal operável
NVDA_2024Q4,NVDA,2024-02-21,2.0,10.0,0.3818,0.1727,0.5256,0.2188,0.2714,True,classificada — no sinal operável
NVDA_2025Q1,NVDA,2024-05-22,3.0,11.0,0.3444,0.0635,0.6262,0.1577,0.2129,True,classificada — no sinal operável
NVDA_2025Q2,NVDA,2024-08-28,2.0,10.0,0.3876,0.1921,0.5532,0.0004,0.1283,True,classificada — no sinal operável
NVDA_2025Q3,NVDA,2024-11-20,2.0,11.0,0.4208,0.1983,0.5337,-0.098,-0.1521,True,classificada — no sinal operável
NVDA_2025Q4,NVDA,2025-02-26,,,,,0.4977,-0.1745,-0.0013,False,sem distância de tom: <2 gestores identificados ou Q&A não detectado
NXPI_2020Q1,NXPI,2020-04-28,4.0,6.0,0.2642,0.0598,0.3642,-0.006,0.1491,True,classificada — no sinal operável
NXPI_2020Q2,NXPI,2020-07-28,3.0,10.0,0.2721,-0.0095,0.432,0.0921,0.1804,True,classificada — no sinal operável
NXPI_2020Q3,NXPI,2020-10-27,3.0,9.0,0.3271,0.0475,0.5266,0.2122,0.2664,True,classificada — no sinal operável
NXPI_2020Q4,NXPI,2021-02-02,3.0,7.0,0.3315,0.047,0.5166,-0.0223,0.069,True,classificada — no sinal operável
NXPI_2021Q1,NXPI,2021-04-27,3.0,8.0,0.3512,0.0733,0.4505,-0.0145,-0.0436,True,classificada — no sinal operável
NXPI_2021Q2,NXPI,2021-08-03,3.0,9.0,0.358,0.0506,0.5103,0.0239,-0.0415,True,classificada — no sinal operável
NXPI_2021Q3,NXPI,2021-11-02,3.0,8.0,0.3656,0.0662,0.4829,0.0851,0.0156,True,classificada — no sinal operável
NXPI_2021Q4,NXPI,2022-02-01,3.0,8.0,0.3731,0.0282,0.5666,-0.0988,-0.149,True,classificada — no sinal operável
NXPI_2022Q1,NXPI,2022-05-03,3.0,10.0,0.3001,0.0133,0.3578,0.0622,0.0439,True,classificada — no sinal operável
NXPI_2022Q2,NXPI,2022-07-26,3.0,9.0,0.2628,-0.0149,0.3588,-0.0198,-0.177,True,classificada — no sinal operável
NXPI_2022Q3,NXPI,2022-11-01,3.0,9.0,0.2704,0.04,0.1389,0.1685,0.2951,True,classificada — no sinal operável
NXPI_2022Q4,NXPI,2023-01-31,3.0,7.0,0.2631,-0.0291,0.256,-0.0193,-0.0845,True,classificada — no sinal operável
NXPI_2023Q1,NXPI,2023-05-02,4.0,8.0,0.2965,0.0087,0.4699,0.0332,0.2962,True,classificada — no sinal operável
NXPI_2023Q2,NXPI,2023-07-25,3.0,8.0,0.3238,0.0622,0.45,-0.0883,-0.1475,True,classificada — no sinal operável
NXPI_2023Q3,NXPI,2023-11-07,3.0,7.0,0.3531,0.137,0.2057,0.1552,0.2476,True,classificada — no sinal operável
NXPI_2023Q4,NXPI,2024-02-06,3.0,7.0,0.249,0.0046,0.1962,0.137,0.18,True,classificada — no sinal operável
NXPI_2024Q1,NXPI,2024-04-30,3.0,8.0,0.1543,-0.0619,0.1182,0.0625,-0.0199,True,classificada — no sinal operável
NXPI_2024Q2,NXPI,2024-07-23,3.0,8.0,0.1952,-0.0843,0.2116,-0.026,-0.1009,True,classificada — no sinal operável
NXPI_2024Q3,NXPI,2024-11-05,3.0,10.0,0.2581,0.024,0.0363,0.0143,-0.0122,True,classificada — no sinal operável
NXPI_2024Q4,NXPI,2025-02-04,3.0,8.0,0.2257,0.0382,0.0086,0.043,-0.1058,True,classificada — no sinal operável
NXPI_2025Q1,NXPI,2025-04-29,4.0,6.0,0.2645,0.0333,0.2356,0.0809,0.2549,True,classificada — no sinal operável
ON_2020Q1,ON,2020-05-11,3.0,17.0,0.2606,0.0352,0.1868,0.2395,0.3962,True,classificada — no sinal operável
ON_2020Q2,ON,2020-08-10,5.0,18.0,0.2958,0.0156,0.3706,-0.0118,0.2038,True,classificada — no sinal operável
ON_2020Q3,ON,2020-11-02,3.0,20.0,0.2475,-0.0239,0.3205,0.157,0.4742,True,classificada — no sinal operável
ON_2021Q1,ON,2021-05-03,3.0,16.0,0.2994,0.0563,0.3956,0.0374,0.1493,True,classificada — no sinal operável
ON_2021Q2,ON,2021-08-02,3.0,12.0,0.2287,0.0416,0.3681,0.0112,0.0957,True,classificada — no sinal operável
ON_2021Q3,ON,2021-11-01,3.0,11.0,0.2717,0.013,0.4753,0.1022,0.0656,True,classificada — no sinal operável
ON_2021Q4,ON,2022-02-07,3.0,14.0,0.318,0.0426,0.5427,-0.0596,-0.182,True,classificada — no sinal operável
ON_2022Q1,ON,2022-05-02,3.0,12.0,0.3039,0.025,0.538,0.0656,0.1793,True,classificada — no sinal operável
ON_2022Q2,ON,2022-08-01,3.0,10.0,0.2358,-0.0355,0.3182,0.0701,0.047,True,classificada — no sinal operável
ON_2022Q3,ON,2022-10-31,3.0,11.0,0.3135,0.0444,0.3303,0.1988,0.2409,True,classificada — no sinal operável
ON_2022Q4,ON,2023-02-06,4.0,9.0,0.4317,0.0944,0.5674,0.0252,-0.0067,True,classificada — no sinal operável
ON_2023Q1,ON,2023-05-01,3.0,10.0,0.3215,-0.0045,0.4889,0.0532,0.3617,True,classificada — no sinal operável
ON_2023Q2,ON,2023-07-31,3.0,9.0,0.2978,0.0027,0.5002,-0.0939,-0.2247,True,classificada — no sinal operável
ON_2023Q3,ON,2023-10-30,3.0,14.0,0.2608,-0.0403,0.1884,0.1159,0.1083,True,classificada — no sinal operável
ON_2023Q4,ON,2024-02-05,3.0,10.0,0.3137,0.0117,0.4317,0.0077,-0.0955,True,classificada — no sinal operável
ON_2024Q1,ON,2024-04-29,3.0,11.0,0.239,-0.0122,0.079,0.0144,0.0567,True,classificada — no sinal operável
ON_2024Q2,ON,2024-07-29,3.0,12.0,0.2773,-0.0306,0.3716,-0.0224,-0.0842,True,classificada — no sinal operável
ON_2024Q3,ON,2024-10-28,3.0,13.0,0.2231,-0.0555,0.2557,-0.0197,-0.2626,True,classificada — no sinal operável
ON_2024Q4,ON,2025-02-10,3.0,12.0,0.1913,-0.0061,0.0241,-0.0877,-0.05,True,classificada — no sinal operável
ON_2025Q1,ON,2025-05-05,3.0,12.0,0.2471,-0.0247,0.2668,0.3214,0.2415,True,classificada — no sinal operável
ORCL_2006Q2,ORCL,2005-12-19,,,,,0.575,-0.0081,0.1291,False,sem distância de tom: <2 gestores identificados ou Q&A não detectado
ORCL_2006Q3,ORCL,2006-03-20,6.0,11.0,0.3525,,0.4666,0.0727,0.0712,False,"distância de tom OK, mas histórico curto para residualizar (<250 calls anteriores)"
ORCL_2006Q4,ORCL,2006-06-22,8.0,8.0,0.3628,,0.5591,0.0204,0.2316,False,"distância de tom OK, mas histórico curto para residualizar (<250 calls anteriores)"
ORCL_2007Q1,ORCL,2006-09-19,,,,,0.6742,0.0359,-0.0099,False,sem distância de tom: <2 gestores identificados ou Q&A não detectado
ORCL_2007Q2,ORCL,2006-12-18,,,,,0.504,-0.0087,0.0781,False,sem distância de tom: <2 gestores identificados ou Q&A não detectado
ORCL_2007Q3,ORCL,2007-03-20,7.0,8.0,0.3526,,0.5039,0.0246,0.0857,False,"distância de tom OK, mas histórico curto para residualizar (<250 calls anteriores)"
ORCL_2007Q4,ORCL,2007-06-26,6.0,10.0,0.2847,,0.4784,0.0357,0.1356,False,"distância de tom OK, mas histórico curto para residualizar (<250 calls anteriores)"
ORCL_2008Q1,ORCL,2007-09-20,6.0,7.0,0.3393,,0.5363,-0.038,-0.0376,False,"distância de tom OK, mas histórico curto para residualizar (<250 calls anteriores)"
ORCL_2008Q2,ORCL,2007-12-19,7.0,6.0,0.3277,,0.4709,-0.0985,-0.074,False,"distância de tom OK, mas histórico curto para residualizar (<250 calls anteriores)"
ORCL_2008Q3,ORCL,2008-03-26,,,,,0.4903,0.1316,0.1429,False,sem distância de tom: <2 gestores identificados ou Q&A não detectado
ORCL_2008Q4,ORCL,2008-06-25,6.0,6.0,0.42,0.0283,0.6414,-0.0337,-0.0798,True,classificada — no sinal operável
ORCL_2009Q1,ORCL,2008-09-18,13.0,,0.3568,,0.4249,-0.1891,-0.2025,False,"distância de tom OK, mas confundidor ausente (analyst_tone, analyst_tone_distance)"
ORCL_2009Q2,ORCL,2008-12-18,7.0,7.0,0.3414,-0.0077,0.4883,-0.0315,0.0464,True,classificada — no sinal operável
ORCL_2009Q3,ORCL,2009-03-18,7.0,7.0,0.3076,0.082,0.4868,0.0882,0.1385,True,classificada — no sinal operável
ORCL_2009Q4,ORCL,2009-06-23,7.0,6.0,0.387,0.1069,0.5136,0.0668,0.0289,True,classificada — no sinal operável
ORCL_2010Q1,ORCL,2009-09-16,7.0,7.0,0.4314,0.2373,0.5589,-0.0023,0.0838,True,classificada — no sinal operável
ORCL_2010Q2,ORCL,2009-12-17,7.0,7.0,0.3932,0.1339,0.6043,0.0458,0.0667,True,classificada — no sinal operável
ORCL_2010Q3,ORCL,2010-03-25,7.0,7.0,0.3152,0.0397,0.4981,0.0319,-0.1338,True,classificada — no sinal operável
ORCL_2010Q4,ORCL,2010-06-24,11.0,2.0,0.404,0.054,0.588,0.0671,0.1745,True,classificada — no sinal operável
ORCL_2011Q1,ORCL,2011-04-28,6.0,11.0,0.3633,0.0745,0.6184,-0.0451,-0.1294,True,classificada — no sinal operável
ORCL_2011Q2,ORCL,2011-07-29,6.0,9.0,0.3689,0.0242,0.6666,-0.0988,0.089,True,classificada — no sinal operável
ORCL_2012Q1,ORCL,2011-09-20,7.0,6.0,0.3887,0.075,0.6148,0.0585,-0.0383,True,classificada — no sinal operável
ORCL_2012Q3,ORCL,2012-03-20,13.0,,0.4344,,0.4099,-0.0583,-0.0924,False,"distância de tom OK, mas confundidor ausente (analyst_tone, analyst_tone_distance)"
ORCL_2012Q4,ORCL,2012-06-19,7.0,5.0,0.4194,0.0521,0.6919,0.1032,0.18,True,classificada — no sinal operável
ORCL_2013Q1,ORCL,2012-09-20,7.0,7.0,0.2988,0.0697,0.4243,-0.0754,0.0298,True,classificada — no sinal operável
ORCL_2013Q2,ORCL,2012-12-18,6.0,8.0,0.4338,0.1258,0.6959,0.0369,-0.0461,True,classificada — no sinal operável
ORCL_2013Q3,ORCL,2013-03-20,11.0,3.0,0.38,0.0457,0.5908,-0.0125,0.04,True,classificada — no sinal operável
ORCL_2013Q4,ORCL,2013-06-20,14.0,,0.3829,,0.4975,0.0417,0.1078,False,"distância de tom OK, mas confundidor ausente (analyst_tone, analyst_tone_distance)"
ORCL_2014Q1,ORCL,2013-09-18,6.0,8.0,0.3256,0.0513,0.5751,-0.0193,0.0033,True,classificada — no sinal operável
ORCL_2014Q2,ORCL,2013-12-18,,,,,0.6363,0.0763,0.0591,False,sem distância de tom: <2 gestores identificados ou Q&A não detectado
ORCL_2014Q3,ORCL,2014-03-18,9.0,5.0,0.4687,0.1708,0.5927,0.0648,0.1229,True,classificada — no sinal operável
ORCL_2014Q4,ORCL,2014-06-19,10.0,5.0,0.3507,-0.0172,0.6167,-0.0033,0.035,True,classificada — no sinal operável
ORCL_2015Q1,ORCL,2014-09-18,6.0,8.0,0.3599,0.1001,0.5869,-0.0639,0.0174,True,classificada — no sinal operável
ORCL_2015Q2,ORCL,2014-12-17,6.0,8.0,0.3763,0.1327,0.6247,0.0043,0.016,True,classificada — no sinal operável
ORCL_2015Q3,ORCL,2015-03-17,7.0,6.0,0.3516,0.0304,0.5929,-0.0155,0.0112,True,classificada — no sinal operável
ORCL_2015Q4,ORCL,2015-06-17,6.0,8.0,0.3663,0.0167,0.5587,-0.0324,-0.0834,True,classificada — no sinal operável
ORCL_2016Q1,ORCL,2015-09-16,7.0,7.0,0.3087,0.0042,0.4284,-0.0149,0.0024,True,classificada — no sinal operável
ORCL_2016Q2,ORCL,2015-12-16,7.0,7.0,0.3495,0.1002,0.6219,-0.0892,0.0935,True,classificada — no sinal operável
ORCL_2016Q3,ORCL,2016-03-15,6.0,8.0,0.2929,-0.02,0.6119,0.0466,-0.0145,True,classificada — no sinal operável
ORCL_2016Q4,ORCL,2016-06-16,7.0,7.0,0.3749,0.0368,0.6334,0.0583,0.0385,True,classificada — no sinal operável
ORCL_2017Q1,ORCL,2016-09-15,6.0,8.0,0.276,0.0697,0.4394,-0.0265,0.0361,True,classificada — no sinal operável
ORCL_2017Q2,ORCL,2016-12-15,7.0,7.0,0.3229,0.0512,0.5311,-0.0218,0.129,True,classificada — no sinal operável
ORCL_2017Q3,ORCL,2017-03-15,7.0,7.0,0.4182,0.0777,0.6415,-0.0474,-0.0299,True,classificada — no sinal operável
ORCL_2017Q4,ORCL,2017-06-21,6.0,9.0,0.3681,0.0938,0.6525,0.1006,0.0393,True,classificada — no sinal operável
ORCL_2018Q1,ORCL,2017-09-14,7.0,7.0,0.3552,0.1547,0.5696,-0.0365,-0.0079,True,classificada — no sinal operável
ORCL_2018Q2,ORCL,2017-12-14,7.0,7.0,0.2911,-0.027,0.4888,0.041,0.0757,True,classificada — no sinal operável
ORCL_2018Q3,ORCL,2018-03-19,7.0,7.0,0.3063,0.0463,0.4495,0.0101,-0.0019,True,classificada — no sinal operável
ORCL_2018Q4,ORCL,2018-06-19,6.0,7.0,0.3661,0.1435,0.3653,0.1177,0.1313,True,classificada — no sinal operável
ORCL_2019Q1,ORCL,2018-09-17,7.0,8.0,0.3335,0.0478,0.5437,0.0192,-0.0336,True,classificada — no sinal operável
ORCL_2019Q2,ORCL,2018-12-17,4.0,7.0,0.2988,-0.0012,0.6032,0.014,0.0987,True,classificada — no sinal operável
ORCL_2019Q3,ORCL,2019-03-14,5.0,7.0,0.2813,0.0374,0.4732,0.0651,0.0522,True,classificada — no sinal operável
ORCL_2019Q4,ORCL,2019-06-19,4.0,7.0,0.2772,0.081,0.4029,0.032,-0.0573,True,classificada — no sinal operável
ORCL_2020Q1,ORCL,2019-09-12,4.0,5.0,0.1021,-0.1269,0.2882,0.0582,0.0474,True,classificada — no sinal operável
ORCL_2020Q2,ORCL,2019-12-12,4.0,5.0,0.4144,0.1487,0.3331,0.0023,-0.2198,True,classificada — no sinal operável
ORCL_2020Q3,ORCL,2020-03-12,3.0,6.0,0.2143,0.0159,0.4162,0.1973,0.1598,True,classificada — no sinal operável
ORCL_2020Q4,ORCL,2020-06-16,4.0,3.0,0.3167,-0.0365,0.7262,0.0571,0.154,True,classificada — no sinal operável
ORCL_2021Q1,ORCL,2020-09-10,3.0,6.0,0.3131,0.1646,0.651,0.0113,-0.0122,True,classificada — no sinal operável
ORCL_2021Q2,ORCL,2020-12-10,3.0,5.0,0.325,0.1561,0.5604,0.0282,0.1157,True,classificada — no sinal operável
ORCL_2021Q3,ORCL,2021-03-10,3.0,5.0,0.2922,0.1199,0.3353,0.1221,0.2548,True,classificada — no sinal operável
ORCL_2021Q4,ORCL,2021-06-15,3.0,5.0,0.3203,0.0786,0.6498,0.1099,0.1118,True,classificada — no sinal operável
ORCL_2022Q1,ORCL,2021-09-13,3.0,6.0,0.3297,0.0377,0.6188,0.1127,0.1949,True,classificada — no sinal operável
ORCL_2022Q2,ORCL,2021-12-09,3.0,5.0,0.3091,0.2153,0.3905,-0.1407,-0.251,True,classificada — no sinal operável
ORCL_2022Q3,ORCL,2022-03-10,4.0,4.0,0.2642,0.0186,0.6196,0.0594,-0.094,True,classificada — no sinal operável
ORCL_2022Q4,ORCL,2022-06-13,3.0,6.0,0.3706,0.1758,0.7809,-0.0311,0.0608,True,classificada — no sinal operável
ORCL_2023Q1,ORCL,2022-09-12,3.0,4.0,0.2915,0.0861,0.5796,-0.1752,0.0554,True,classificada — no sinal operável
ORCL_2023Q2,ORCL,2022-12-12,,,,,0.5232,0.0491,-0.0194,False,sem distância de tom: <2 gestores identificados ou Q&A não detectado
ORCL_2023Q3,ORCL,2023-03-09,3.0,5.0,0.3087,0.0439,0.5907,0.1154,0.2786,True,classificada — no sinal operável
ORCL_2023Q4,ORCL,2023-06-12,3.0,6.0,0.333,0.1272,0.7142,-0.0443,-0.1081,True,classificada — no sinal operável
ORCL_2024Q1,ORCL,2023-09-11,3.0,6.0,0.3499,0.0749,0.6749,-0.0211,0.0174,True,classificada — no sinal operável
ORCL_2024Q2,ORCL,2023-12-11,3.0,6.0,0.2729,-0.0221,0.4669,0.0241,0.2269,True,classificada — no sinal operável
ORCL_2024Q3,ORCL,2024-03-11,3.0,6.0,0.289,-0.0027,0.5514,-0.0326,-0.0108,True,classificada — no sinal operável
ORCL_2024Q4,ORCL,2024-06-11,3.0,6.0,0.3451,0.1799,0.5481,0.0779,0.1703,True,classificada — no sinal operável
ORCL_2025Q1,ORCL,2024-09-09,3.0,6.0,0.2996,0.0776,0.397,0.1306,0.2457,True,classificada — no sinal operável
ORCL_2025Q2,ORCL,2024-12-09,3.0,6.0,0.2868,0.0725,0.5972,-0.1071,-0.1466,True,classificada — no sinal operável
ORCL_2025Q3,ORCL,2025-03-10,3.0,6.0,0.2957,0.0495,0.5189,-0.1319,0.2396,True,classificada — no sinal operável
PANW_2020Q1,PANW,2019-11-25,3.0,13.0,0.2287,-0.0587,0.394,0.0243,-0.1774,True,classificada — no sinal operável
PANW_2020Q2,PANW,2020-02-24,12.0,5.0,0.2937,0.0248,0.3814,-0.2044,0.1779,True,classificada — no sinal operável
PANW_2020Q3,PANW,2020-05-21,3.0,7.0,0.3246,0.0788,0.5723,-0.0297,0.1355,True,classificada — no sinal operável
PANW_2020Q4,PANW,2020-08-25,3.0,14.0,0.3432,0.1399,0.6211,-0.0882,0.1343,True,classificada — no sinal operável
PANW_2021Q1,PANW,2020-11-16,3.0,16.0,0.2991,0.0203,0.5932,0.1771,0.4662,True,classificada — no sinal operável
PANW_2021Q2,PANW,2021-02-23,3.0,14.0,0.3335,0.137,0.5308,-0.144,-0.0279,True,classificada — no sinal operável
PANW_2021Q3,PANW,2021-05-20,2.0,13.0,0.0826,-0.153,0.62,0.025,0.0028,True,classificada — no sinal operável
PANW_2021Q4,PANW,2021-08-23,3.0,12.0,0.3307,0.1489,0.5112,0.1235,0.2518,True,classificada — no sinal operável
PANW_2022Q1,PANW,2021-11-19,,,,,0.5877,0.0202,-0.0977,False,sem distância de tom: <2 gestores identificados ou Q&A não detectado
PANW_2022Q2,PANW,2022-02-22,3.0,11.0,0.2837,-0.0077,0.4648,0.1933,-0.0117,True,classificada — no sinal operável
PANW_2022Q3,PANW,2022-05-20,3.0,16.0,0.3295,0.1322,0.5473,0.022,0.0504,True,classificada — no sinal operável
PANW_2022Q4,PANW,2022-08-22,4.0,14.0,0.3328,0.0961,0.6135,-0.0825,-0.102,True,classificada — no sinal operável
PANW_2023Q1,PANW,2022-11-17,3.0,16.0,0.3139,0.0925,0.4228,-0.0321,0.0851,True,classificada — no sinal operável
PANW_2023Q2,PANW,2023-02-21,3.0,12.0,0.2963,0.0636,0.531,0.0467,0.0534,True,classificada — no sinal operável
PANW_2023Q3,PANW,2023-05-23,3.0,11.0,0.3966,0.0955,0.6805,0.2431,0.2009,True,classificada — no sinal operável
PANW_2023Q4,PANW,2023-08-18,3.0,20.0,0.372,0.1678,0.6231,-0.0014,0.0245,True,classificada — no sinal operável
PANW_2024Q1,PANW,2023-11-15,3.0,14.0,0.2522,0.0028,0.4456,0.2805,0.5268,True,classificada — no sinal operável
PANW_2024Q2,PANW,2024-02-20,3.0,14.0,0.3551,0.0172,0.5429,0.0249,0.1765,True,classificada — no sinal operável
PANW_2024Q3,PANW,2024-05-20,3.0,17.0,0.2266,-0.023,0.4268,0.0328,0.222,True,classificada — no sinal operável
PANW_2024Q4,PANW,2024-08-19,3.0,12.0,0.3251,0.037,0.5836,-0.0543,0.1099,True,classificada — no sinal operável
PANW_2025Q1,PANW,2024-11-20,3.0,13.0,0.3549,0.0409,0.6258,-0.0327,-0.0264,True,classificada — no sinal operável
PANW_2025Q2,PANW,2025-02-13,,,,,0.7055,-0.0365,0.0047,False,sem distância de tom: <2 gestores identificados ou Q&A não detectado
PAYC_2020Q1,PAYC,2020-04-28,3.0,10.0,0.3147,0.0572,0.3405,0.1942,0.1924,True,classificada — no sinal operável
PAYC_2020Q2,PAYC,2020-08-04,3.0,9.0,0.2991,0.0382,0.4363,0.0714,0.2654,True,classificada — no sinal operável
PAYC_2020Q3,PAYC,2020-11-04,3.0,13.0,0.2625,0.0043,0.44,0.1099,0.1024,True,classificada — no sinal operável
PAYC_2020Q4,PAYC,2021-02-10,3.0,12.0,0.2074,-0.0634,0.3496,-0.105,-0.2885,True,classificada — no sinal operável
PAYC_2021Q1,PAYC,2021-05-05,3.0,12.0,0.3297,0.081,0.4334,-0.0476,0.3088,True,classificada — no sinal operável
PAYC_2021Q2,PAYC,2021-08-03,3.0,10.0,0.3359,0.0946,0.365,0.131,0.2565,True,classificada — no sinal operável
PAYC_2021Q3,PAYC,2021-11-02,3.0,10.0,0.4208,0.0547,0.7001,-0.1823,-0.3937,True,classificada — no sinal operável
PAYC_2021Q4,PAYC,2022-02-08,3.0,12.0,0.3032,-0.0141,0.5137,-0.1544,-0.2245,True,classificada — no sinal operável
PAYC_2022Q1,PAYC,2022-05-03,3.0,13.0,0.3203,0.0685,0.4421,-0.0098,0.151,True,classificada — no sinal operável
PAYC_2022Q2,PAYC,2022-08-02,3.0,15.0,0.2765,-0.0183,0.4897,0.0092,-0.0057,True,classificada — no sinal operável
PAYC_2022Q3,PAYC,2022-11-01,3.0,14.0,0.2261,0.0219,0.2643,0.0089,0.0269,True,classificada — no sinal operável
PAYC_2022Q4,PAYC,2023-02-07,3.0,12.0,0.2836,-0.0274,0.4686,-0.1341,-0.1856,True,classificada — no sinal operável
PAYC_2023Q1,PAYC,2023-05-02,3.0,16.0,0.2158,0.0034,0.3288,-0.0332,0.0305,True,classificada — no sinal operável
PAYC_2023Q2,PAYC,2023-08-01,3.0,14.0,0.2916,0.0464,0.2048,-0.1156,-0.2771,True,classificada — no sinal operável
PAYC_2023Q3,PAYC,2023-10-31,3.0,15.0,0.2609,-0.0386,0.3394,0.1933,0.266,True,classificada — no sinal operável
PAYC_2023Q4,PAYC,2024-02-07,4.0,14.0,0.2907,-0.0203,0.4335,-0.0388,-0.0862,True,classificada — no sinal operável
PAYC_2024Q1,PAYC,2024-05-01,5.0,12.0,0.2727,0.0039,0.2252,-0.1909,-0.0681,True,classificada — no sinal operável
PAYC_2024Q2,PAYC,2024-07-31,3.0,14.0,0.289,0.0041,0.4393,-0.058,-0.035,True,classificada — no sinal operável
PAYC_2024Q3,PAYC,2024-10-30,3.0,11.0,0.3036,0.0151,0.455,0.2247,0.0838,True,classificada — no sinal operável
PAYC_2024Q4,PAYC,2025-02-12,4.0,14.0,0.3156,-0.0112,0.6096,-0.0344,0.1941,True,classificada — no sinal operável
PAYC_2025Q1,PAYC,2025-05-07,3.0,12.0,0.3388,0.053,0.4328,0.095,-0.0382,True,classificada — no sinal operável
PAYX_2007Q3,PAYX,2007-03-29,3.0,16.0,0.2539,,0.4115,-0.0244,0.0329,False,"distância de tom OK, mas histórico curto para residualizar (<250 calls anteriores)"
PAYX_2007Q4,PAYX,2007-06-28,1.0,15.0,,,0.3996,0.0752,0.077,False,sem distância de tom: <2 gestores identificados ou Q&A não detectado
PAYX_2008Q1,PAYX,2007-09-27,4.0,14.0,0.2137,,0.2837,-0.019,-0.1221,False,"distância de tom OK, mas histórico curto para residualizar (<250 calls anteriores)"
PAYX_2008Q2,PAYX,2007-12-20,5.0,12.0,0.2044,,0.2997,-0.1078,-0.1013,False,"distância de tom OK, mas histórico curto para residualizar (<250 calls anteriores)"
PAYX_2008Q3,PAYX,2008-03-27,4.0,15.0,0.166,-0.0854,0.0262,0.0834,-0.0396,True,classificada — no sinal operável
PAYX_2008Q4,PAYX,2008-06-27,4.0,8.0,0.2423,-0.0106,0.2005,0.0506,0.0711,True,classificada — no sinal operável
PAYX_2009Q1,PAYX,2008-09-25,3.0,9.0,0.2431,-0.0797,0.2992,-0.2147,-0.1864,True,classificada — no sinal operável
PAYX_2009Q2,PAYX,2008-12-18,4.0,14.0,0.1404,-0.0839,0.016,-0.0402,-0.0611,True,classificada — no sinal operável
PAYX_2009Q4,PAYX,2009-06-25,4.0,12.0,0.2577,0.0108,0.0534,0.0659,0.1849,True,classificada — no sinal operável
PAYX_2010Q1,PAYX,2009-09-24,3.0,14.0,0.261,-0.007,0.3649,-0.025,0.0661,True,classificada — no sinal operável
PAYX_2010Q2,PAYX,2009-12-17,3.0,15.0,0.1682,-0.0806,0.0788,-0.0136,0.0637,True,classificada — no sinal operável
PAYX_2010Q3,PAYX,2010-03-25,3.0,16.0,0.1907,-0.0651,0.2293,0.0222,-0.1294,True,classificada — no sinal operável
PAYX_2010Q4,PAYX,2010-06-24,1.0,19.0,,,0.308,0.0079,-0.0061,False,sem distância de tom: <2 gestores identificados ou Q&A não detectado
PAYX_2011Q1,PAYX,2010-09-28,4.0,19.0,0.2153,-0.0668,0.2224,0.0266,0.1509,True,classificada — no sinal operável
PAYX_2011Q2,PAYX,2010-12-22,2.0,18.0,0.0645,-0.2425,0.4973,0.067,0.0067,True,classificada — no sinal operável
PAYX_2011Q3,PAYX,2011-03-24,4.0,16.0,0.2938,-0.0052,0.3549,0.0501,-0.0085,True,classificada — no sinal operável
PAYX_2011Q4,PAYX,2011-06-23,5.0,18.0,0.3827,0.0474,0.5083,-0.0239,-0.1421,True,classificada — no sinal operável
PAYX_2012Q1,PAYX,2011-09-28,4.0,15.0,0.2999,0.0422,0.4033,0.0936,0.1043,True,classificada — no sinal operável
PAYX_2012Q2,PAYX,2011-12-21,4.0,16.0,0.3359,0.0397,0.4539,0.1034,0.0938,True,classificada — no sinal operável
PAYX_2012Q3,PAYX,2012-03-29,4.0,17.0,0.272,-0.0085,0.3096,-0.0171,-0.0068,True,classificada — no sinal operável
PAYX_2012Q4,PAYX,2012-06-28,5.0,17.0,0.272,-0.0318,0.3795,0.0547,0.0649,True,classificada — no sinal operável
PAYX_2013Q1,PAYX,2012-09-25,,,,,0.4734,-0.0135,-0.0353,False,sem distância de tom: <2 gestores identificados ou Q&A não detectado
PAYX_2013Q2,PAYX,2012-12-20,7.0,13.0,0.2977,-0.0037,0.4329,0.0157,0.0809,True,classificada — no sinal operável
PAYX_2013Q3,PAYX,2013-03-28,5.0,15.0,0.2795,-0.0154,0.4604,0.0364,0.0499,True,classificada — no sinal operável
PAYX_2013Q4,PAYX,2013-06-27,4.0,17.0,0.24,-0.0387,0.3145,0.086,0.1385,True,classificada — no sinal operável
PAYX_2014Q1,PAYX,2013-10-01,4.0,16.0,0.3549,0.006,0.528,0.0696,0.1513,True,classificada — no sinal operável
PAYX_2014Q2,PAYX,2013-12-19,4.0,16.0,0.3134,-0.0129,0.4457,-0.0252,-0.0476,True,classificada — no sinal operável
PAYX_2014Q3,PAYX,2014-03-27,3.0,16.0,0.3468,-0.016,0.6045,-0.0446,-0.0225,True,classificada — no sinal operável
PAYX_2014Q4,PAYX,2014-07-02,3.0,16.0,0.2259,-0.0485,0.3579,0.0043,0.0645,True,classificada — no sinal operável
PAYX_2015Q1,PAYX,2014-09-24,1.0,20.0,,,0.5445,0.0248,0.0875,False,sem distância de tom: <2 gestores identificados ou Q&A não detectado
PAYX_2015Q2,PAYX,2014-12-19,3.0,18.0,0.2758,-0.0619,0.4834,0.0314,0.1122,True,classificada — no sinal operável
PAYX_2015Q3,PAYX,2015-03-25,3.0,19.0,0.2454,-0.0447,0.4139,0.007,-0.0074,True,classificada — no sinal operável
PAYX_2015Q4,PAYX,2015-07-01,3.0,15.0,0.2617,-0.0429,0.4051,-0.0205,0.0055,True,classificada — no sinal operável
PAYX_2016Q1,PAYX,2015-09-30,3.0,16.0,0.2885,-0.0315,0.5084,0.0999,0.1428,True,classificada — no sinal operável
PAYX_2016Q2,PAYX,2015-12-22,1.0,20.0,,,0.4956,-0.1023,0.0316,False,sem distância de tom: <2 gestores identificados ou Q&A não detectado
PAYX_2016Q3,PAYX,2016-03-30,1.0,18.0,,,0.4581,-0.0123,0.0467,False,sem distância de tom: <2 gestores identificados ou Q&A não detectado
PAYX_2016Q4,PAYX,2016-06-30,2.0,15.0,0.0,-0.1783,0.4979,0.0103,-0.0255,True,classificada — no sinal operável
PAYX_2017Q1,PAYX,2016-09-28,1.0,17.0,,,0.3915,-0.0391,0.0757,False,sem distância de tom: <2 gestores identificados ou Q&A não detectado
PAYX_2017Q2,PAYX,2016-12-21,2.0,16.0,0.0,-0.1649,0.3249,0.0085,0.012,True,classificada — no sinal operável
PAYX_2017Q3,PAYX,2017-03-29,1.0,11.0,,,0.3729,0.0058,-0.0142,False,sem distância de tom: <2 gestores identificados ou Q&A não detectado
PAYX_2017Q4,PAYX,2017-06-28,4.0,11.0,0.295,-0.069,0.3875,0.0129,0.0584,True,classificada — no sinal operável
PAYX_2018Q1,PAYX,2017-10-03,2.0,15.0,0.0,-0.1554,0.3568,0.0413,0.1085,True,classificada — no sinal operável
PAYX_2018Q2,PAYX,2017-12-21,2.0,17.0,0.0,-0.1547,0.4562,-0.011,-0.1034,True,classificada — no sinal operável
PAYX_2018Q3,PAYX,2018-03-26,2.0,12.0,0.0,-0.1442,0.5061,-0.0198,0.1487,True,classificada — no sinal operável
PAYX_2018Q4,PAYX,2018-06-27,1.0,14.0,,,0.5192,0.0528,0.1012,False,sem distância de tom: <2 gestores identificados ou Q&A não detectado
PAYX_2019Q1,PAYX,2018-10-02,4.0,12.0,0.2509,-0.0536,0.3749,-0.1193,-0.1397,True,classificada — no sinal operável
PAYX_2019Q2,PAYX,2018-12-19,3.0,12.0,0.2753,-0.0264,0.4746,0.0756,0.2254,True,classificada — no sinal operável
PAYX_2019Q3,PAYX,2019-03-27,2.0,12.0,0.1761,-0.1106,0.4546,0.0552,0.0374,True,classificada — no sinal operável
PAYX_2019Q4,PAYX,2019-06-26,2.0,14.0,0.1031,-0.1857,0.5178,0.0569,0.0114,True,classificada — no sinal operável
PAYX_2020Q1,PAYX,2019-10-02,2.0,14.0,0.1287,-0.1787,0.4632,0.0134,0.0312,True,classificada — no sinal operável
PAYX_2020Q2,PAYX,2019-12-18,2.0,17.0,0.0469,-0.2593,0.5294,0.0434,-0.384,True,classificada — no sinal operável
PAYX_2020Q3,PAYX,2020-03-25,2.0,16.0,0.0592,-0.1866,0.2154,0.1316,0.1996,True,classificada — no sinal operável
PAYX_2020Q4,PAYX,2020-07-07,2.0,15.0,0.0286,-0.2619,0.3781,-0.0161,0.102,True,classificada — no sinal operável
PAYX_2021Q1,PAYX,2020-10-06,2.0,17.0,0.1077,-0.1335,0.392,0.071,0.1419,True,classificada — no sinal operável
PAYX_2021Q2,PAYX,2020-12-23,2.0,18.0,0.1309,-0.1476,0.5341,-0.0798,0.0698,True,classificada — no sinal operável
PAYX_2021Q3,PAYX,2021-04-06,2.0,15.0,0.1969,-0.1197,0.5242,0.0525,0.1459,True,classificada — no sinal operável
PAYX_2021Q4,PAYX,2021-06-25,2.0,16.0,0.0918,-0.1645,0.5189,0.0679,0.0434,True,classificada — no sinal operável
PAYX_2022Q1,PAYX,2021-09-30,2.0,13.0,0.0493,-0.2885,0.6695,0.0936,0.2104,True,classificada — no sinal operável
PAYX_2022Q2,PAYX,2021-12-22,2.0,14.0,0.3304,0.1755,0.6643,-0.1038,-0.041,True,classificada — no sinal operável
PAYX_2022Q3,PAYX,2022-03-30,3.0,9.0,0.3155,-0.0029,0.5348,-0.0811,-0.1689,True,classificada — no sinal operável
PAYX_2022Q4,PAYX,2022-06-29,4.0,11.0,0.2717,-0.0621,0.5549,0.1319,0.042,True,classificada — no sinal operável
PAYX_2023Q1,PAYX,2022-09-28,3.0,13.0,0.091,-0.1972,0.4156,-0.006,-0.0107,True,classificada — no sinal operável
PAYX_2023Q2,PAYX,2022-12-22,2.0,12.0,0.0518,-0.2412,0.47,0.0255,-0.0259,True,classificada — no sinal operável
PAYX_2023Q3,PAYX,2023-03-29,2.0,14.0,0.1164,-0.1503,0.4363,-0.0684,-0.0652,True,classificada — no sinal operável
PAYX_2023Q4,PAYX,2023-06-29,3.0,14.0,0.2682,0.0109,0.3727,0.1287,0.0612,True,classificada — no sinal operável
PAYX_2024Q1,PAYX,2023-09-27,3.0,12.0,0.1143,-0.1521,0.5283,-0.0461,0.0243,True,classificada — no sinal operável
PAYX_2024Q2,PAYX,2023-12-21,3.0,13.0,0.118,-0.1998,0.506,0.0269,0.0095,True,classificada — no sinal operável
PAYX_2024Q3,PAYX,2024-04-02,3.0,10.0,0.0946,-0.1779,0.3279,-0.0214,-0.0219,True,classificada — no sinal operável
PAYX_2024Q4,PAYX,2024-06-26,2.0,13.0,0.1054,-0.2006,0.5098,0.0729,0.1392,True,classificada — no sinal operável
PAYX_2025Q1,PAYX,2024-10-01,2.0,13.0,0.0748,-0.1937,0.4641,0.0144,0.0127,True,classificada — no sinal operável
PAYX_2025Q2,PAYX,2024-12-19,2.0,12.0,0.0341,-0.2888,0.6166,0.0598,0.0622,True,classificada — no sinal operável
PAYX_2025Q3,PAYX,2025-03-26,2.0,14.0,0.0452,-0.2248,0.4513,-0.0419,-0.0499,True,classificada — no sinal operável
PD_2006Q4,PD,2007-01-29,3.0,2.0,0.3359,,0.5308,0.4101,0.3442,False,"distância de tom OK, mas confundidor ausente (size_proxy)"
PLTR_2020Q3,PLTR,2020-11-16,3.0,7.0,0.4018,,0.7868,0.5912,0.5451,False,"distância de tom OK, mas confundidor ausente (size_proxy)"
PLTR_2020Q4,PLTR,2021-02-16,4.0,5.0,0.4007,0.1693,0.6059,-0.1469,-0.3311,True,classificada — no sinal operável
PLTR_2021Q1,PLTR,2021-05-11,3.0,6.0,0.3295,0.0894,0.6528,0.4052,0.3331,True,classificada — no sinal operável
PLTR_2021Q2,PLTR,2021-08-12,5.0,4.0,0.3428,0.0612,0.5791,0.0748,-0.0082,True,classificada — no sinal operável
PLTR_2021Q3,PLTR,2021-11-09,5.0,4.0,0.3371,0.0106,0.6829,-0.2347,-0.4923,True,classificada — no sinal operável
PLTR_2021Q4,PLTR,2022-02-17,2.0,5.0,0.1451,-0.0961,0.2212,0.0347,-0.3535,True,classificada — no sinal operável
PLTR_2022Q1,PLTR,2022-05-09,4.0,5.0,0.3548,0.1265,0.479,0.1735,0.2622,True,classificada — no sinal operável
PLTR_2022Q2,PLTR,2022-08-08,4.0,5.0,0.3953,0.1072,0.3139,-0.2549,-0.173,True,classificada — no sinal operável
PLTR_2022Q3,PLTR,2022-11-07,4.0,5.0,0.3937,0.1426,0.5263,-0.1015,0.0707,True,classificada — no sinal operável
PLTR_2022Q4,PLTR,2023-02-13,5.0,3.0,0.3002,-0.0537,0.6105,-0.0803,0.1083,True,classificada — no sinal operável
PLTR_2023Q1,PLTR,2023-05-08,5.0,3.0,0.3792,0.0657,0.4694,0.5933,0.8482,True,classificada — no sinal operável
PLTR_2023Q2,PLTR,2023-08-07,5.0,2.0,0.3405,-0.0417,0.4962,-0.1252,0.08,True,classificada — no sinal operável
PLTR_2023Q3,PLTR,2023-11-02,5.0,1.0,0.2173,,0.6289,0.1596,-0.0263,False,"distância de tom OK, mas confundidor ausente (analyst_tone_distance)"
PLTR_2023Q4,PLTR,2024-02-05,5.0,2.0,0.3079,0.0545,0.6754,0.2887,0.2419,True,classificada — no sinal operável
PLTR_2024Q1,PLTR,2024-05-06,,,,,0.4393,0.0441,0.2092,False,sem distância de tom: <2 gestores identificados ou Q&A não detectado
PLTR_2024Q2,PLTR,2024-08-05,5.0,2.0,0.3117,-0.0058,0.5282,0.1309,0.5497,True,classificada — no sinal operável
PLTR_2024Q3,PLTR,2024-11-04,5.0,2.0,0.2802,-0.0688,0.6551,0.4595,1.3251,True,classificada — no sinal operável
PLTR_2024Q4,PLTR,2025-02-03,5.0,2.0,0.3071,-0.0644,0.5754,-0.1232,0.204,True,classificada — no sinal operável
PLTR_2025Q1,PLTR,2025-05-05,5.0,2.0,0.3171,0.0344,0.6604,0.1535,0.5373,True,classificada — no sinal operável
PTC_2020Q1,PTC,2020-01-22,3.0,14.0,0.2794,0.0186,0.5238,0.0364,-0.2425,True,classificada — no sinal operável
PTC_2020Q2,PTC,2020-04-29,3.0,7.0,0.2762,-0.0123,0.3207,0.0894,0.1985,True,classificada — no sinal operável
PTC_2020Q3,PTC,2020-07-30,3.0,9.0,0.252,-0.0673,0.4893,0.0358,-0.0628,True,classificada — no sinal operável
PTC_2020Q4,PTC,2020-10-28,3.0,9.0,0.2287,-0.1117,0.5607,0.3576,0.6614,True,classificada — no sinal operável
PTC_2021Q1,PTC,2021-01-27,3.0,9.0,0.2825,-0.0058,0.5448,0.0227,0.1075,True,classificada — no sinal operável
PTC_2021Q2,PTC,2021-04-28,3.0,10.0,0.3355,0.007,0.7336,-0.0598,0.0262,True,classificada — no sinal operável
PTC_2021Q3,PTC,2021-07-28,4.0,8.0,0.3362,0.025,0.545,-0.0467,-0.0656,True,classificada — no sinal operável
PTC_2021Q4,PTC,2021-11-03,3.0,7.0,0.3019,-0.0482,0.6299,-0.1699,-0.1645,True,classificada — no sinal operável
PTC_2022Q1,PTC,2022-01-26,3.0,11.0,0.2736,-0.0635,0.6103,0.0355,-0.0936,True,classificada — no sinal operável
PTC_2022Q2,PTC,2022-04-27,4.0,5.0,0.3088,-0.0143,0.6114,-0.0347,0.0828,True,classificada — no sinal operável
PTC_2022Q3,PTC,2022-07-27,4.0,11.0,0.3618,0.0501,0.6671,0.0029,-0.0303,True,classificada — no sinal operável
PTC_2022Q4,PTC,2022-11-02,4.0,2.0,0.273,-0.0918,0.5049,0.1084,0.1442,True,classificada — no sinal operável
PTC_2023Q1,PTC,2023-02-01,3.0,8.0,0.2268,-0.0501,0.3687,-0.0735,-0.069,True,classificada — no sinal operável
PTC_2023Q2,PTC,2023-04-26,5.0,4.0,0.2692,-0.1264,0.5911,0.0493,0.1644,True,classificada — no sinal operável
PTC_2023Q3,PTC,2023-07-26,4.0,12.0,0.3322,-0.0238,0.6372,-0.0649,-0.0687,True,classificada — no sinal operável
PTC_2023Q4,PTC,2023-11-01,4.0,8.0,0.2761,-0.0148,0.6222,0.1617,0.3025,True,classificada — no sinal operável
PTC_2024Q1,PTC,2024-01-31,4.0,11.0,0.2899,-0.0324,0.5476,0.0564,-0.0156,True,classificada — no sinal operável
PTC_2024Q2,PTC,2024-05-01,4.0,12.0,0.2459,-0.0188,0.2274,0.0578,0.0556,True,classificada — no sinal operável
PTC_2024Q3,PTC,2024-07-31,3.0,11.0,0.3107,-0.0755,0.5322,0.0189,0.0893,True,classificada — no sinal operável
PTC_2024Q4,PTC,2024-11-06,4.0,7.0,0.2991,-0.0437,0.5149,0.0365,-0.1312,True,classificada — no sinal operável
PTC_2025Q1,PTC,2025-02-05,3.0,9.0,0.3009,0.0079,0.5566,-0.11,-0.1188,True,classificada — no sinal operável
PTC_2025Q2,PTC,2025-04-30,3.0,11.0,0.2305,0.0188,0.301,0.0506,0.3408,True,classificada — no sinal operável
PYPL_2016Q1,PYPL,2016-04-27,5.0,6.0,0.3989,0.0011,0.699,-0.0715,-0.0922,True,classificada — no sinal operável
PYPL_2016Q2,PYPL,2016-07-21,5.0,7.0,0.3931,-0.0035,0.7123,0.0212,0.0788,True,classificada — no sinal operável
PYPL_2016Q3,PYPL,2016-10-20,5.0,9.0,0.3809,0.1186,0.5868,-0.0423,-0.0055,True,classificada — no sinal operável
PYPL_2016Q4,PYPL,2017-01-26,5.0,8.0,0.3637,0.0891,0.6364,0.04,0.15,True,classificada — no sinal operável
PYPL_2017Q1,PYPL,2017-04-27,5.0,9.0,0.385,0.1892,0.7234,0.0885,0.279,True,classificada — no sinal operável
PYPL_2017Q2,PYPL,2017-07-26,5.0,8.0,0.4,0.1817,0.7454,-0.0164,0.151,True,classificada — no sinal operável
PYPL_2017Q3,PYPL,2017-10-19,5.0,10.0,0.3937,0.072,0.6399,0.0708,0.1773,True,classificada — no sinal operável
PYPL_2017Q4,PYPL,2018-01-31,5.0,9.0,0.3433,0.0308,0.6134,-0.0135,-0.1028,True,classificada — no sinal operável
PYPL_2018Q1,PYPL,2018-04-25,5.0,7.0,0.3349,0.0821,0.5623,0.0685,0.1972,True,classificada — no sinal operável
PYPL_2018Q2,PYPL,2018-07-25,5.0,7.0,0.3831,0.2074,0.7113,-0.0128,-0.0106,True,classificada — no sinal operável
PYPL_2018Q3,PYPL,2018-10-18,5.0,8.0,0.4346,0.2063,0.7835,0.0156,0.0739,True,classificada — no sinal operável
PYPL_2018Q4,PYPL,2019-01-30,4.0,6.0,0.3426,-0.1072,0.7943,0.1099,0.2462,True,classificada — no sinal operável
PYPL_2019Q1,PYPL,2019-04-24,3.0,9.0,0.2962,0.138,0.5731,0.0127,0.1178,True,classificada — no sinal operável
PYPL_2019Q2,PYPL,2019-07-24,3.0,8.0,0.3794,0.0704,0.7597,-0.0684,-0.1661,True,classificada — no sinal operável
PYPL_2019Q3,PYPL,2019-10-23,3.0,7.0,0.3529,-0.0035,0.7061,-0.0332,0.1028,True,classificada — no sinal operável
PYPL_2019Q4,PYPL,2020-01-29,3.0,7.0,0.3723,0.0572,0.7606,-0.0426,0.0957,True,classificada — no sinal operável
PYPL_2020Q1,PYPL,2020-05-07,4.0,8.0,0.3266,0.0257,0.5422,0.0896,0.4247,True,classificada — no sinal operável
PYPL_2020Q2,PYPL,2020-07-29,4.0,6.0,0.3257,0.0673,0.7097,0.0653,0.0449,True,classificada — no sinal operável
PYPL_2020Q3,PYPL,2020-11-03,4.0,7.0,0.4375,0.0473,0.739,0.1487,0.448,True,classificada — no sinal operável
PYPL_2020Q4,PYPL,2021-02-03,4.0,6.0,0.3812,0.0827,0.67,-0.0991,-0.0676,True,classificada — no sinal operável
PYPL_2021Q1,PYPL,2021-05-05,3.0,7.0,0.3811,0.1363,0.7996,0.0275,0.0762,True,classificada — no sinal operável
PYPL_2021Q2,PYPL,2021-07-29,3.0,8.0,0.3917,-0.0078,0.7704,-0.0068,-0.1617,True,classificada — no sinal operável
PYPL_2021Q3,PYPL,2021-11-09,3.0,7.0,0.388,-0.0104,0.7763,-0.0605,-0.3976,True,classificada — no sinal operável
PYPL_2021Q4,PYPL,2022-02-01,3.0,8.0,0.3189,0.0573,0.5606,-0.2756,-0.3516,True,classificada — no sinal operável
PYPL_2022Q1,PYPL,2022-04-27,2.0,9.0,0.3583,0.0473,0.547,-0.0545,0.0094,True,classificada — no sinal operável
PYPL_2022Q2,PYPL,2022-08-02,3.0,6.0,0.4072,0.1327,0.8832,-0.0761,-0.1736,True,classificada — no sinal operável
PYPL_2022Q3,PYPL,2022-11-03,2.0,7.0,0.0383,-0.2497,0.752,-0.0184,0.0977,True,classificada — no sinal operável
PYPL_2022Q4,PYPL,2023-02-09,2.0,7.0,0.0774,-0.2853,0.7239,-0.0852,-0.1914,True,classificada — no sinal operável
PYPL_2023Q1,PYPL,2023-05-08,2.0,7.0,0.0588,-0.3501,0.8677,-0.079,-0.0912,True,classificada — no sinal operável
PYPL_2023Q2,PYPL,2023-08-02,2.0,8.0,0.0384,-0.2851,0.8864,-0.0628,-0.2234,True,classificada — no sinal operável
PYPL_2023Q3,PYPL,2023-11-01,3.0,7.0,0.4194,0.0686,0.8069,0.0836,0.1339,True,classificada — no sinal operável
PYPL_2023Q4,PYPL,2024-02-07,3.0,8.0,0.4066,-0.0058,0.8143,0.0178,0.1006,True,classificada — no sinal operável
PYPL_2024Q1,PYPL,2024-04-30,3.0,8.0,0.3324,-0.0008,0.4029,-0.067,-0.0182,True,classificada — no sinal operável
PYPL_2024Q2,PYPL,2024-07-30,3.0,11.0,0.4005,0.0737,0.8084,0.1404,0.3015,True,classificada — no sinal operável
PYPL_2024Q3,PYPL,2024-10-29,3.0,11.0,0.3277,-0.0271,0.8378,0.114,0.1477,True,classificada — no sinal operável
PYPL_2024Q4,PYPL,2025-02-04,3.0,10.0,0.3804,0.0176,0.739,-0.1551,-0.1668,True,classificada — no sinal operável
PYPL_2025Q1,PYPL,2025-04-29,3.0,11.0,0.3549,0.0218,0.7022,0.0764,0.0765,True,classificada — no sinal operável
QCOM_2005Q4,QCOM,2005-11-16,,,,,0.6321,-0.0044,0.07,False,sem distância de tom: <2 gestores identificados ou Q&A não detectado
QCOM_2006Q1,QCOM,2006-01-27,12.0,12.0,0.3533,,0.6668,0.0186,0.0961,False,"distância de tom OK, mas histórico curto para residualizar (<250 calls anteriores)"
QCOM_2006Q2,QCOM,2006-04-20,7.0,12.0,0.4325,,0.6586,-0.0899,-0.305,False,"distância de tom OK, mas histórico curto para residualizar (<250 calls anteriores)"
QCOM_2006Q3,QCOM,2006-07-20,7.0,9.0,0.3705,,0.5582,0.0259,0.0774,False,"distância de tom OK, mas histórico curto para residualizar (<250 calls anteriores)"
QCOM_2006Q4,QCOM,2006-11-02,7.0,14.0,0.3698,,0.5171,0.0333,0.0416,False,"distância de tom OK, mas histórico curto para residualizar (<250 calls anteriores)"
QCOM_2007Q1,QCOM,2007-01-24,8.0,9.0,0.3903,,0.6346,0.0873,0.1403,False,"distância de tom OK, mas histórico curto para residualizar (<250 calls anteriores)"
QCOM_2007Q3,QCOM,2007-07-25,,,,,0.4113,-0.1028,-0.0217,False,sem distância de tom: <2 gestores identificados ou Q&A não detectado
QCOM_2007Q4,QCOM,2007-11-09,15.0,4.0,0.3552,,0.5761,0.0471,0.0669,False,"distância de tom OK, mas histórico curto para residualizar (<250 calls anteriores)"
QCOM_2008Q1,QCOM,2008-01-23,,,,,0.4549,0.1039,0.0672,False,sem distância de tom: <2 gestores identificados ou Q&A não detectado
QCOM_2008Q2,QCOM,2008-04-24,7.0,11.0,0.365,0.008,0.5564,0.1089,0.2213,True,classificada — no sinal operável
QCOM_2008Q3,QCOM,2008-07-24,,,,,0.5194,0.0226,-0.3133,False,sem distância de tom: <2 gestores identificados ou Q&A não detectado
QCOM_2008Q4,QCOM,2008-11-07,7.0,10.0,0.2875,-0.0178,0.3533,-0.0684,-0.0255,True,classificada — no sinal operável
QCOM_2009Q1,QCOM,2009-01-28,6.0,18.0,0.345,0.0257,0.386,-0.0237,0.2582,True,classificada — no sinal operável
QCOM_2009Q2,QCOM,2009-04-27,7.0,12.0,0.3795,0.0881,0.4898,-0.0008,0.0946,True,classificada — no sinal operável
QCOM_2009Q3,QCOM,2009-07-22,8.0,22.0,0.4471,0.1866,0.5489,0.0162,-0.1053,True,classificada — no sinal operável
QCOM_2009Q4,QCOM,2009-11-04,8.0,13.0,0.3894,0.0701,0.5453,0.053,-0.113,True,classificada — no sinal operável
QCOM_2010Q1,QCOM,2010-01-28,13.0,7.0,0.3889,0.0943,0.4136,-0.1252,-0.0411,True,classificada — no sinal operável
QCOM_2010Q2,QCOM,2010-04-21,8.0,15.0,0.3827,0.1227,0.3207,-0.1047,-0.0854,True,classificada — no sinal operável
QCOM_2010Q4,QCOM,2010-11-03,,,,,0.507,0.0083,0.1355,False,sem distância de tom: <2 gestores identificados ou Q&A não detectado
QCOM_2011Q1,QCOM,2011-01-26,,,,,0.4954,0.0925,0.0769,False,sem distância de tom: <2 gestores identificados ou Q&A não detectado
QCOM_2011Q2,QCOM,2011-04-20,,,,,0.5441,0.0023,-0.0016,False,sem distância de tom: <2 gestores identificados ou Q&A não detectado
QCOM_2011Q3,QCOM,2011-07-20,,,,,0.534,-0.1437,-0.0213,False,sem distância de tom: <2 gestores identificados ou Q&A não detectado
QCOM_2011Q4,QCOM,2011-11-02,,,,,0.5479,-0.0307,0.0891,False,sem distância de tom: <2 gestores identificados ou Q&A não detectado
QCOM_2012Q1,QCOM,2012-02-01,,,,,0.5439,0.0265,0.0562,False,sem distância de tom: <2 gestores identificados ou Q&A não detectado
QCOM_2012Q2,QCOM,2012-04-18,,,,,0.3705,-0.0994,-0.1131,False,sem distância de tom: <2 gestores identificados ou Q&A não detectado
QCOM_2012Q3,QCOM,2012-07-18,,,,,0.4199,0.0632,0.0299,False,sem distância de tom: <2 gestores identificados ou Q&A não detectado
QCOM_2012Q4,QCOM,2012-11-07,,,,,0.547,0.0216,0.071,False,sem distância de tom: <2 gestores identificados ou Q&A não detectado
QCOM_2013Q1,QCOM,2013-01-30,18.0,2.0,0.4243,0.3123,0.521,-0.0118,-0.0737,True,classificada — no sinal operável
QCOM_2013Q2,QCOM,2013-04-24,20.0,,0.3394,,0.4793,0.0175,-0.0172,False,"distância de tom OK, mas confundidor ausente (analyst_tone, analyst_tone_distance)"
QCOM_2013Q3,QCOM,2013-07-24,6.0,14.0,0.4611,0.1571,0.6262,0.0573,0.0913,True,classificada — no sinal operável
QCOM_2013Q4,QCOM,2013-11-06,6.0,20.0,0.4052,0.0582,0.4718,0.109,0.1187,True,classificada — no sinal operável
QCOM_2014Q1,QCOM,2014-01-29,6.0,15.0,0.4364,0.142,0.5181,0.0363,0.0885,True,classificada — no sinal operável
QCOM_2014Q2,QCOM,2014-04-23,5.0,14.0,0.3359,0.0625,0.3618,0.0266,0.0584,True,classificada — no sinal operável
QCOM_2014Q3,QCOM,2014-07-23,6.0,14.0,0.4056,0.1016,0.3952,-0.0107,-0.0282,True,classificada — no sinal operável
QCOM_2014Q4,QCOM,2014-11-05,6.0,11.0,0.3495,0.1005,0.2361,0.039,-0.0604,True,classificada — no sinal operável
QCOM_2015Q1,QCOM,2015-01-28,6.0,14.0,0.3313,0.0075,0.4253,0.1069,0.0543,True,classificada — no sinal operável
QCOM_2015Q2,QCOM,2015-04-22,6.0,14.0,0.315,0.0387,0.3704,0.0407,-0.0403,True,classificada — no sinal operável
QCOM_2015Q3,QCOM,2015-07-22,5.0,17.0,0.3341,0.0325,0.3832,-0.0387,-0.0491,True,classificada — no sinal operável
QCOM_2015Q4,QCOM,2015-11-04,6.0,15.0,0.3953,0.0299,0.5164,-0.0683,-0.2164,True,classificada — no sinal operável
QCOM_2016Q1,QCOM,2016-01-27,6.0,14.0,0.3634,0.0708,0.4626,0.1271,0.1659,True,classificada — no sinal operável
QCOM_2016Q2,QCOM,2016-04-20,6.0,16.0,0.3355,0.085,0.4453,0.0285,0.0986,True,classificada — no sinal operável
QCOM_2016Q3,QCOM,2016-07-20,6.0,17.0,0.3528,0.096,0.4653,0.0542,0.1147,True,classificada — no sinal operável
QCOM_2016Q4,QCOM,2016-11-02,6.0,12.0,0.4176,0.1278,0.6293,-0.0197,-0.2112,True,classificada — no sinal operável
QCOM_2017Q1,QCOM,2017-01-25,6.0,10.0,0.3397,0.074,0.3852,0.0338,-0.0328,True,classificada — no sinal operável
QCOM_2017Q2,QCOM,2017-04-19,6.0,9.0,0.2682,-0.0188,0.3862,0.0545,0.0774,True,classificada — no sinal operável
QCOM_2017Q3,QCOM,2017-07-19,7.0,13.0,0.2859,0.0496,0.3645,-0.0515,-0.0385,True,classificada — no sinal operável
QCOM_2017Q4,QCOM,2017-11-01,5.0,14.0,0.4186,0.137,0.5948,0.2321,0.243,True,classificada — no sinal operável
QCOM_2018Q1,QCOM,2018-01-31,5.0,13.0,0.3542,0.1028,0.4273,-0.0254,-0.2434,True,classificada — no sinal operável
QCOM_2018Q2,QCOM,2018-04-25,5.0,15.0,0.3607,0.1367,0.4562,0.1931,0.2125,True,classificada — no sinal operável
QCOM_2018Q3,QCOM,2018-07-25,22.0,,0.2276,,0.3967,0.0604,0.0624,False,"distância de tom OK, mas confundidor ausente (analyst_tone, analyst_tone_distance)"
QCOM_2018Q4,QCOM,2018-11-07,5.0,12.0,0.3674,0.1144,0.4426,-0.0024,-0.1141,True,classificada — no sinal operável
QCOM_2019Q1,QCOM,2019-01-30,3.0,14.0,0.3586,0.1422,0.4694,0.0586,0.7065,True,classificada — no sinal operável
QCOM_2019Q2,QCOM,2019-05-01,4.0,18.0,0.3327,0.1525,0.2053,-0.2363,-0.1562,True,classificada — no sinal operável
QCOM_2019Q3,QCOM,2019-07-31,3.0,13.0,0.3338,0.2071,0.0119,0.1099,0.195,True,classificada — no sinal operável
QCOM_2019Q4,QCOM,2019-11-06,3.0,16.0,0.2902,0.0971,0.3487,-0.0597,-0.0193,True,classificada — no sinal operável
QCOM_2020Q1,QCOM,2020-02-05,4.0,10.0,0.4301,0.1572,0.5142,-0.1133,-0.0972,True,classificada — no sinal operável
QCOM_2020Q2,QCOM,2020-04-29,3.0,15.0,0.3239,0.1434,0.1912,0.0076,0.1679,True,classificada — no sinal operável
QCOM_2020Q3,QCOM,2020-07-29,3.0,13.0,0.3241,0.1774,0.3712,0.1328,0.2359,True,classificada — no sinal operável
QCOM_2020Q4,QCOM,2020-11-04,3.0,13.0,0.3859,0.1401,0.6119,0.0856,0.0045,True,classificada — no sinal operável
QCOM_2021Q1,QCOM,2021-02-03,3.0,15.0,0.4302,0.1694,0.6114,-0.1319,-0.0991,True,classificada — no sinal operável
QCOM_2021Q2,QCOM,2021-04-28,4.0,13.0,0.3488,-0.0244,0.6626,-0.0784,-0.0127,True,classificada — no sinal operável
QCOM_2021Q3,QCOM,2021-07-28,4.0,10.0,0.4193,0.0485,0.6642,-0.0281,-0.0952,True,classificada — no sinal operável
QCOM_2021Q4,QCOM,2021-11-03,4.0,9.0,0.3656,-0.0096,0.5869,0.1334,0.1501,True,classificada — no sinal operável
QCOM_2022Q1,QCOM,2022-02-02,3.0,10.0,0.363,0.0219,0.5683,-0.0988,-0.1722,True,classificada — no sinal operável
QCOM_2022Q2,QCOM,2022-04-27,3.0,10.0,0.4138,0.0595,0.6745,-0.0562,0.0305,True,classificada — no sinal operável
QCOM_2022Q3,QCOM,2022-07-27,3.0,11.0,0.3942,0.0388,0.5598,-0.0236,-0.1999,True,classificada — no sinal operável
QCOM_2022Q4,QCOM,2022-11-02,13.0,,0.3029,,0.242,0.2115,0.3018,False,"distância de tom OK, mas confundidor ausente (analyst_tone, analyst_tone_distance)"
QCOM_2023Q1,QCOM,2023-02-02,4.0,10.0,0.3861,0.0324,0.4455,-0.061,-0.1824,True,classificada — no sinal operável
QCOM_2023Q2,QCOM,2023-05-03,3.0,9.0,0.3339,-0.0483,0.4045,0.1191,0.1489,True,classificada — no sinal operável
QCOM_2023Q3,QCOM,2023-08-02,3.0,9.0,0.3812,0.0244,0.376,-0.0139,-0.0616,True,classificada — no sinal operável
QCOM_2023Q4,QCOM,2023-11-01,3.0,10.0,0.3776,0.0746,0.6527,0.1062,0.2087,True,classificada — no sinal operável
QCOM_2024Q1,QCOM,2024-01-31,3.0,9.0,0.3913,0.0522,0.6449,0.1636,0.1709,True,classificada — no sinal operável
QCOM_2024Q2,QCOM,2024-05-01,4.0,7.0,0.4705,0.1262,0.6864,0.1676,-0.0615,True,classificada — no sinal operável
QCOM_2024Q3,QCOM,2024-07-31,4.0,9.0,0.3697,0.0622,0.6255,-0.0132,0.03,True,classificada — no sinal operável
QCOM_2024Q4,QCOM,2024-11-06,3.0,8.0,0.3848,-0.0052,0.6228,-0.1105,-0.0445,True,classificada — no sinal operável
QCOM_2025Q1,QCOM,2025-02-05,3.0,9.0,0.4007,0.0471,0.7055,-0.0343,-0.1356,True,classificada — no sinal operável
QCOM_2025Q2,QCOM,2025-04-30,3.0,9.0,0.3746,0.0167,0.6264,0.0462,0.0638,True,classificada — no sinal operável
QRVO_2015Q1,QRVO,2014-07-24,2.0,16.0,0.0,,0.5628,-0.0041,0.1274,False,"distância de tom OK, mas confundidor ausente (size_proxy)"
QRVO_2015Q2,QRVO,2014-10-29,5.0,12.0,0.4042,,0.4999,-0.0041,0.1274,False,"distância de tom OK, mas confundidor ausente (size_proxy)"
QRVO_2015Q3,QRVO,2015-01-28,12.0,6.0,0.3431,,0.369,-0.0454,-0.0557,False,"distância de tom OK, mas confundidor ausente (size_proxy)"
QRVO_2015Q4,QRVO,2015-05-07,5.0,11.0,0.3483,0.1254,0.4759,0.0505,-0.3214,True,classificada — no sinal operável
QRVO_2016Q1,QRVO,2015-07-29,4.0,14.0,0.2949,0.1377,0.2704,-0.0974,-0.2434,True,classificada — no sinal operável
QRVO_2016Q2,QRVO,2015-11-06,5.0,15.0,0.3335,0.0456,0.4304,0.0382,-0.3631,True,classificada — no sinal operável
QRVO_2016Q3,QRVO,2016-02-05,19.0,,0.2544,,0.2984,0.2863,0.2595,False,"distância de tom OK, mas confundidor ausente (analyst_tone, analyst_tone_distance)"
QRVO_2016Q4,QRVO,2016-05-04,5.0,13.0,0.382,0.1675,0.5792,0.1205,0.1507,True,classificada — no sinal operável
QRVO_2017Q1,QRVO,2016-08-02,5.0,17.0,0.3004,0.0336,0.2347,0.0348,0.0027,True,classificada — no sinal operável
QRVO_2017Q2,QRVO,2016-11-03,5.0,14.0,0.4287,0.1529,0.5134,0.0852,0.3309,True,classificada — no sinal operável
QRVO_2017Q3,QRVO,2017-02-01,5.0,13.0,0.3981,0.1372,0.5591,0.0794,0.1094,True,classificada — no sinal operável
QRVO_2017Q4,QRVO,2017-05-04,11.0,9.0,0.3395,0.0709,0.5112,0.1491,-0.0056,True,classificada — no sinal operável
QRVO_2018Q1,QRVO,2017-08-02,22.0,,0.2402,,0.4735,0.1044,0.1434,False,"distância de tom OK, mas confundidor ausente (analyst_tone, analyst_tone_distance)"
QRVO_2018Q2,QRVO,2017-11-01,5.0,16.0,0.3638,0.1212,0.3874,0.0346,0.126,True,classificada — no sinal operável
QRVO_2018Q3,QRVO,2018-01-31,19.0,,0.2811,,0.5915,0.0228,-0.064,False,"distância de tom OK, mas confundidor ausente (analyst_tone, analyst_tone_distance)"
QRVO_2018Q4,QRVO,2018-05-02,6.0,16.0,0.3422,0.1475,0.4352,0.1051,0.1101,True,classificada — no sinal operável
QRVO_2019Q1,QRVO,2018-08-02,6.0,14.0,0.3158,0.1144,0.4674,-0.0544,-0.1321,True,classificada — no sinal operável
QRVO_2019Q2,QRVO,2018-10-31,5.0,18.0,0.3759,0.1875,0.5408,-0.123,-0.121,True,classificada — no sinal operável
QRVO_2019Q3,QRVO,2019-02-07,3.0,13.0,0.3926,0.1339,0.6185,0.1408,0.2358,True,classificada — no sinal operável
QRVO_2019Q4,QRVO,2019-05-07,6.0,11.0,0.2667,-0.0693,0.513,-0.1865,-0.1008,True,classificada — no sinal operável
QRVO_2020Q1,QRVO,2019-08-01,3.0,16.0,0.2973,0.0951,0.3928,0.0072,0.1259,True,classificada — no sinal operável
QRVO_2020Q2,QRVO,2019-10-31,10.0,5.0,0.2839,-0.0951,0.4677,0.1207,0.1707,True,classificada — no sinal operável
QRVO_2020Q3,QRVO,2020-01-29,3.0,14.0,0.2617,0.0561,0.4323,-0.1729,-0.1827,True,classificada — no sinal operável
QRVO_2020Q4,QRVO,2020-05-07,15.0,,0.3586,,0.433,0.0893,0.2531,False,"distância de tom OK, mas confundidor ausente (analyst_tone, analyst_tone_distance)"
QRVO_2021Q1,QRVO,2020-07-29,,,,,0.7578,0.0498,0.084,False,sem distância de tom: <2 gestores identificados ou Q&A não detectado
QRVO_2021Q2,QRVO,2020-11-04,3.0,10.0,0.413,0.2047,0.7054,0.1896,0.2024,True,classificada — no sinal operável
QRVO_2021Q3,QRVO,2021-02-03,3.0,10.0,0.3721,0.1614,0.5762,0.0327,0.0998,True,classificada — no sinal operável
QRVO_2021Q4,QRVO,2021-05-05,3.0,11.0,0.3992,0.1608,0.6243,0.0069,0.0566,True,classificada — no sinal operável
QRVO_2022Q1,QRVO,2021-08-04,3.0,12.0,0.3595,0.1354,0.5549,-0.0587,-0.1287,True,classificada — no sinal operável
QRVO_2022Q2,QRVO,2021-11-03,3.0,11.0,0.2221,0.0499,0.2536,-0.0616,-0.1942,True,classificada — no sinal operável
QRVO_2022Q3,QRVO,2022-02-02,3.0,12.0,0.3678,0.1561,0.5288,-0.0302,-0.1072,True,classificada — no sinal operável
QRVO_2022Q4,QRVO,2022-05-04,6.0,10.0,0.2649,-0.0269,0.4073,-0.037,-0.041,True,classificada — no sinal operável
QRVO_2023Q1,QRVO,2022-08-03,13.0,8.0,0.3188,0.0796,0.1897,-0.0956,-0.1314,True,classificada — no sinal operável
QRVO_2023Q2,QRVO,2022-11-02,3.0,14.0,0.342,0.0253,0.3811,0.2149,0.336,True,classificada — no sinal operável
QRVO_2023Q3,QRVO,2023-02-01,3.0,14.0,0.2512,-0.0024,0.206,-0.0698,-0.1521,True,classificada — no sinal operável
QRVO_2023Q4,QRVO,2023-05-03,3.0,12.0,0.3069,0.0637,0.3968,-0.0414,0.0349,True,classificada — no sinal operável
QRVO_2024Q1,QRVO,2023-08-02,3.0,10.0,0.3777,0.0433,0.5198,-0.0412,-0.2195,True,classificada — no sinal operável
QRVO_2024Q2,QRVO,2023-11-01,3.0,11.0,0.3123,0.0681,0.4668,0.0799,0.1483,True,classificada — no sinal operável
QRVO_2024Q3,QRVO,2024-01-31,3.0,9.0,0.355,0.0743,0.5652,0.1385,0.0649,True,classificada — no sinal operável
QRVO_2024Q4,QRVO,2024-05-01,3.0,10.0,0.3456,0.0125,0.5337,-0.0347,0.0855,True,classificada — no sinal operável
ROP_2009Q1,ROP,2009-04-26,3.0,5.0,0.3757,0.0333,0.4963,-0.0416,0.0353,True,classificada — no sinal operável
ROP_2010Q3,ROP,2010-10-26,4.0,7.0,0.2992,-0.0693,0.5732,0.0524,0.0903,True,classificada — no sinal operável
ROP_2010Q4,ROP,2011-01-31,4.0,7.0,0.2501,-0.0493,0.5032,0.0813,0.1015,True,classificada — no sinal operável
ROP_2011Q1,ROP,2011-04-26,9.0,4.0,0.2614,-0.05,0.6038,-0.0828,-0.0114,True,classificada — no sinal operável
ROP_2011Q2,ROP,2011-07-25,4.0,9.0,0.3746,0.0484,0.6586,-0.211,-0.1057,True,classificada — no sinal operável
ROP_2011Q3,ROP,2011-10-24,4.0,8.0,0.263,-0.0003,0.3586,0.0388,0.2158,True,classificada — no sinal operável
ROP_2011Q4,ROP,2012-02-02,3.0,7.0,0.3086,-0.0266,0.5152,-0.0178,0.0747,True,classificada — no sinal operável
ROP_2012Q1,ROP,2012-04-23,12.0,,0.2453,,0.5776,0.0114,-0.0233,False,"distância de tom OK, mas confundidor ausente (analyst_tone, analyst_tone_distance)"
ROP_2012Q2,ROP,2012-07-30,12.0,,0.22,,0.6328,0.0327,0.09,False,"distância de tom OK, mas confundidor ausente (analyst_tone, analyst_tone_distance)"
ROP_2012Q3,ROP,2012-10-25,5.0,7.0,0.2393,-0.1114,0.531,0.0214,0.0811,True,classificada — no sinal operável
ROP_2012Q4,ROP,2013-01-28,5.0,5.0,0.311,-0.0618,0.6407,0.049,0.0022,True,classificada — no sinal operável
ROP_2013Q1,ROP,2013-04-29,4.0,8.0,0.3455,-0.0186,0.6292,0.0456,0.0683,True,classificada — no sinal operável
ROP_2013Q2,ROP,2013-07-29,5.0,7.0,0.2869,-0.073,0.5449,-0.0328,0.0463,True,classificada — no sinal operável
ROP_2013Q3,ROP,2013-10-28,12.0,1.0,0.329,,0.5697,0.0421,0.096,False,"distância de tom OK, mas confundidor ausente (analyst_tone_distance)"
ROP_2013Q4,ROP,2014-01-27,4.0,9.0,0.2942,-0.037,0.4775,-0.0149,-0.0571,True,classificada — no sinal operável
ROP_2014Q1,ROP,2014-04-28,4.0,7.0,0.1998,-0.1742,0.5845,0.0209,0.0743,True,classificada — no sinal operável
ROP_2014Q2,ROP,2014-07-28,5.0,6.0,0.2938,-0.0177,0.5785,0.0003,0.0041,True,classificada — no sinal operável
ROP_2014Q3,ROP,2014-10-27,5.0,6.0,0.2106,-0.0764,0.4386,0.0612,0.0238,True,classificada — no sinal operável
ROP_2014Q4,ROP,2015-01-26,10.0,,0.1881,,0.4748,0.0919,0.1229,False,"distância de tom OK, mas confundidor ausente (analyst_tone, analyst_tone_distance)"
ROP_2015Q1,ROP,2015-04-27,6.0,4.0,0.3036,-0.0419,0.4811,0.0434,-0.0341,True,classificada — no sinal operável
ROP_2015Q2,ROP,2015-07-27,4.0,7.0,0.2403,-0.1015,0.3816,-0.0616,0.0776,True,classificada — no sinal operável
ROP_2015Q3,ROP,2015-10-26,3.0,8.0,0.2862,-0.063,0.6426,0.0577,-0.074,True,classificada — no sinal operável
ROP_2015Q4,ROP,2016-02-01,3.0,6.0,0.2109,-0.0408,0.2971,0.0589,0.0982,True,classificada — no sinal operável
ROP_2016Q1,ROP,2016-04-25,4.0,7.0,0.2427,-0.0576,0.3481,-0.0171,-0.0119,True,classificada — no sinal operável
ROP_2016Q2,ROP,2016-07-25,4.0,7.0,0.3114,0.0196,0.499,0.0884,0.0619,True,classificada — no sinal operável
ROP_2016Q3,ROP,2016-10-31,7.0,3.0,0.3202,-0.0152,0.5822,0.0477,0.1091,True,classificada — no sinal operável
ROP_2016Q4,ROP,2017-02-09,11.0,4.0,0.248,-0.0418,0.3648,0.0376,0.0966,True,classificada — no sinal operável
ROP_2017Q1,ROP,2017-04-28,2.0,9.0,0.0,-0.1589,0.627,0.041,0.0638,True,classificada — no sinal operável
ROP_2017Q2,ROP,2017-07-31,4.0,11.0,0.2646,0.0768,0.5694,-0.018,0.1038,True,classificada — no sinal operável
ROP_2017Q3,ROP,2017-10-30,8.0,6.0,0.2951,-0.0926,0.5927,0.0503,0.1098,True,classificada — no sinal operável
ROP_2017Q4,ROP,2018-02-02,7.0,6.0,0.2055,-0.0681,0.436,-0.0402,-0.0547,True,classificada — no sinal operável
ROP_2018Q1,ROP,2018-04-20,5.0,6.0,0.2517,-0.0146,0.4397,-0.0062,0.0078,True,classificada — no sinal operável
ROP_2018Q2,ROP,2018-07-26,4.0,8.0,0.3371,0.0957,0.6614,-0.0275,-0.1351,True,classificada — no sinal operável
ROP_2018Q3,ROP,2018-10-26,5.0,7.0,0.335,0.0085,0.4702,-0.0141,-0.0046,True,classificada — no sinal operável
ROP_2018Q4,ROP,2019-02-01,4.0,7.0,0.3636,0.0142,0.5532,0.1067,0.2348,True,classificada — no sinal operável
ROP_2019Q1,ROP,2019-04-25,3.0,9.0,0.3712,0.0789,0.6432,-0.0019,0.0651,True,classificada — no sinal operável
ROP_2019Q2,ROP,2019-07-25,3.0,6.0,0.3481,-0.0048,0.5367,-0.039,-0.0984,True,classificada — no sinal operável
ROP_2019Q3,ROP,2019-10-24,8.0,2.0,0.3311,-0.0917,0.6677,0.0454,0.1144,True,classificada — no sinal operável
ROP_2019Q4,ROP,2020-01-30,4.0,8.0,0.3325,0.0357,0.5622,-0.0662,-0.1164,True,classificada — no sinal operável
ROP_2020Q1,ROP,2020-04-28,3.0,6.0,0.3145,0.0708,0.1427,0.0991,0.221,True,classificada — no sinal operável
ROP_2020Q2,ROP,2020-07-28,3.0,6.0,0.3203,0.0231,0.4564,0.0138,0.0088,True,classificada — no sinal operável
ROP_2020Q3,ROP,2020-10-27,4.0,7.0,0.4154,0.0943,0.5824,0.0334,0.0384,True,classificada — no sinal operável
ROP_2020Q4,ROP,2021-01-29,3.0,8.0,0.312,0.0145,0.4888,-0.0835,0.063,True,classificada — no sinal operável
ROP_2021Q1,ROP,2021-04-27,3.0,9.0,0.3564,0.0674,0.6085,0.0317,0.1347,True,classificada — no sinal operável
ROP_2021Q2,ROP,2021-07-23,3.0,8.0,0.3505,-0.0457,0.6528,-0.0322,-0.0411,True,classificada — no sinal operável
ROP_2021Q3,ROP,2021-10-22,3.0,9.0,0.3391,-0.0232,0.5189,0.0172,-0.1022,True,classificada — no sinal operável
ROP_2021Q4,ROP,2022-02-02,3.0,11.0,0.3451,0.0221,0.5755,0.0096,0.0137,True,classificada — no sinal operável
ROP_2022Q1,ROP,2022-04-26,3.0,8.0,0.4035,0.0631,0.6207,-0.1016,-0.116,True,classificada — no sinal operável
ROP_2022Q2,ROP,2022-07-22,3.0,12.0,0.3237,0.0068,0.4967,0.0467,-0.1014,True,classificada — no sinal operável
ROP_2022Q3,ROP,2022-10-26,3.0,10.0,0.3243,-0.0252,0.5782,0.1258,0.1557,True,classificada — no sinal operável
ROP_2022Q4,ROP,2023-01-27,3.0,10.0,0.3418,0.0235,0.5414,-0.0213,0.035,True,classificada — no sinal operável
ROP_2023Q1,ROP,2023-04-27,3.0,9.0,0.2697,-0.0058,0.4927,-0.0045,0.0909,True,classificada — no sinal operável
ROP_2023Q2,ROP,2023-07-21,3.0,9.0,0.3392,-0.0156,0.6053,-0.0313,-0.0128,True,classificada — no sinal operável
ROP_2023Q3,ROP,2023-10-25,3.0,12.0,0.3605,0.0219,0.6564,0.0902,0.1397,True,classificada — no sinal operável
ROP_2023Q4,ROP,2024-01-31,3.0,9.0,0.3111,-0.0098,0.5354,0.0327,-0.029,True,classificada — no sinal operável
ROP_2024Q1,ROP,2024-04-26,4.0,11.0,0.3056,0.0584,0.2882,0.0269,0.0356,True,classificada — no sinal operável
ROP_2024Q2,ROP,2024-07-24,4.0,7.0,0.4578,0.0443,0.6756,0.01,0.0212,True,classificada — no sinal operável
ROP_2024Q3,ROP,2024-10-23,3.0,9.0,0.3114,-0.0036,0.4419,-0.001,-0.0323,True,classificada — no sinal operável
ROP_2024Q4,ROP,2025-01-30,3.0,9.0,0.3964,0.0578,0.7399,0.0327,-0.009,True,classificada — no sinal operável
ROP_2025Q1,ROP,2025-04-28,3.0,11.0,0.355,0.0103,0.5398,0.0667,0.0407,True,classificada — no sinal operável
SANM_2007Q4,SANM,2007-10-31,4.0,13.0,0.2662,,0.3185,-0.1955,-0.2364,False,"distância de tom OK, mas histórico curto para residualizar (<250 calls anteriores)"
SEDG_2021Q1,SEDG,2021-05-03,3.0,12.0,0.2852,-0.033,0.5032,0.0268,0.0692,True,classificada — no sinal operável
SEDG_2021Q2,SEDG,2021-08-02,3.0,12.0,0.2732,-0.0142,0.4603,-0.0292,0.1882,True,classificada — no sinal operável
SEDG_2021Q3,SEDG,2021-11-02,4.0,8.0,0.276,0.0002,0.4072,-0.0559,-0.2937,True,classificada — no sinal operável
SEDG_2021Q4,SEDG,2022-02-15,3.0,12.0,0.2552,0.0482,0.2639,0.2289,-0.065,True,classificada — no sinal operável
SEDG_2022Q1,SEDG,2022-05-02,3.0,8.0,0.219,-0.0282,0.3224,0.0652,0.4286,True,classificada — no sinal operável
SEDG_2022Q2,SEDG,2022-08-02,3.0,13.0,0.2521,0.0048,0.3972,-0.1612,-0.3008,True,classificada — no sinal operável
SEDG_2022Q3,SEDG,2022-11-07,4.0,9.0,0.2917,-0.0038,0.4607,0.2919,0.3452,True,classificada — no sinal operável
SEDG_2022Q4,SEDG,2023-02-13,3.0,12.0,0.323,-0.0435,0.5331,0.0387,0.0418,True,classificada — no sinal operável
SEDG_2023Q1,SEDG,2023-05-03,3.0,12.0,0.3023,-0.0431,0.5478,-0.0295,-0.3672,True,classificada — no sinal operável
SEDG_2023Q2,SEDG,2023-08-01,3.0,12.0,0.2145,-0.0653,0.3402,-0.1973,-0.633,True,classificada — no sinal operável
SEDG_2023Q3,SEDG,2023-11-02,3.0,9.0,0.1961,-0.0061,0.1801,0.1274,-0.1144,True,classificada — no sinal operável
SEDG_2023Q4,SEDG,2024-02-20,3.0,13.0,0.3584,0.1152,0.2707,-0.0651,-0.3042,True,classificada — no sinal operável
SMCI_2020Q1,SMCI,2019-11-14,4.0,1.0,0.2853,,0.6084,0.045,0.2775,False,"distância de tom OK, mas confundidor ausente (analyst_tone_distance)"
SMCI_2020Q2,SMCI,2020-02-08,2.0,8.0,0.0,-0.1611,0.492,-0.1135,-0.0756,True,classificada — no sinal operável
SMCI_2020Q3,SMCI,2020-05-09,3.0,4.0,0.3555,0.0754,0.2057,0.1652,0.1873,True,classificada — no sinal operável
SMCI_2020Q4,SMCI,2020-08-11,3.0,3.0,0.3402,-0.0359,0.5614,-0.0862,-0.005,True,classificada — no sinal operável
SMCI_2021Q1,SMCI,2020-11-03,3.0,6.0,0.3533,0.0853,0.4577,0.1042,0.2244,True,classificada — no sinal operável
SMCI_2021Q2,SMCI,2021-02-02,4.0,3.0,0.3268,0.051,0.4854,0.0037,0.1255,True,classificada — no sinal operável
SMCI_2021Q3,SMCI,2021-05-05,3.0,4.0,0.3472,0.0854,0.6793,0.0102,0.0407,True,classificada — no sinal operável
SMCI_2021Q4,SMCI,2021-08-11,3.0,6.0,0.3205,0.0113,0.4634,-0.0538,0.1596,True,classificada — no sinal operável
SMCI_2022Q1,SMCI,2021-11-02,3.0,6.0,0.3328,0.0225,0.4784,0.0345,0.058,True,classificada — no sinal operável
SMCI_2022Q2,SMCI,2022-02-02,3.0,5.0,0.3317,0.0365,0.4285,-0.0424,0.3066,True,classificada — no sinal operável
SMCI_2022Q3,SMCI,2022-05-03,3.0,5.0,0.3649,0.1098,0.6744,0.1484,0.1848,True,classificada — no sinal operável
SMCI_2022Q4,SMCI,2022-08-09,3.0,3.0,0.403,0.0911,0.7352,0.0191,0.21,True,classificada — no sinal operável
SMCI_2023Q1,SMCI,2022-11-01,3.0,4.0,0.3515,0.0633,0.6111,0.2068,0.0917,True,classificada — no sinal operável
SMCI_2023Q2,SMCI,2023-01-31,3.0,3.0,0.351,-0.0359,0.5119,0.3663,0.4504,True,classificada — no sinal operável
SMCI_2023Q3,SMCI,2023-05-02,3.0,3.0,0.4038,0.1025,0.5271,0.9916,1.7553,True,classificada — no sinal operável
SMCI_2023Q4,SMCI,2023-08-08,3.0,5.0,0.3904,0.0925,0.6925,-0.0998,-0.1499,True,classificada — no sinal operável
SMCI_2024Q1,SMCI,2023-11-01,3.0,6.0,0.3616,0.0478,0.6449,0.034,1.2228,True,classificada — no sinal operável
SMCI_2024Q2,SMCI,2024-01-29,3.0,7.0,0.3599,0.0697,0.5695,0.4919,0.6267,True,classificada — no sinal operável
SMCI_2024Q3,SMCI,2024-04-30,3.0,10.0,0.3754,0.0641,0.6292,0.0651,-0.0974,True,classificada — no sinal operável
SMCI_2024Q4,SMCI,2024-08-06,4.0,9.0,0.3698,0.0568,0.4287,-0.2213,-0.5111,True,classificada — no sinal operável
SMCI_2025Q1,SMCI,2024-11-05,4.0,9.0,0.4909,0.1676,0.5826,0.9713,0.7384,True,classificada — no sinal operável
SMCI_2025Q2,SMCI,2025-02-11,3.0,9.0,0.3605,0.0711,0.4232,-0.0761,-0.0806,True,classificada — no sinal operável
SMCI_2025Q3,SMCI,2025-05-06,3.0,10.0,0.2945,-0.0144,0.3235,0.3109,0.5045,True,classificada — no sinal operável
SNPS_2017Q1,SNPS,2017-02-15,5.0,8.0,0.4084,0.0054,0.6035,-0.0082,0.0233,True,classificada — no sinal operável
SNPS_2017Q2,SNPS,2017-05-17,6.0,6.0,0.3161,-0.0204,0.4693,-0.0163,0.0545,True,classificada — no sinal operável
SNPS_2017Q3,SNPS,2017-08-17,5.0,10.0,0.397,0.0384,0.5609,0.0469,0.1406,True,classificada — no sinal operável
SNPS_2017Q4,SNPS,2017-11-29,5.0,7.0,0.3502,0.0641,0.5839,-0.0999,-0.0943,True,classificada — no sinal operável
SNPS_2018Q1,SNPS,2018-02-21,5.0,8.0,0.3693,0.0636,0.6122,-0.0697,-0.0206,True,classificada — no sinal operável
SNPS_2018Q2,SNPS,2018-05-23,6.0,6.0,0.3116,0.0231,0.3909,0.0002,0.0746,True,classificada — no sinal operável
SNPS_2018Q3,SNPS,2018-08-22,5.0,9.0,0.2822,-0.0441,0.4941,0.0066,-0.1359,True,classificada — no sinal operável
SNPS_2018Q4,SNPS,2018-12-05,8.0,3.0,0.2688,-0.0852,0.5316,-0.0582,0.1333,True,classificada — no sinal operável
SNPS_2019Q1,SNPS,2019-02-20,3.0,7.0,0.3442,0.0121,0.5625,0.085,0.1126,True,classificada — no sinal operável
SNPS_2019Q2,SNPS,2019-05-22,4.0,8.0,0.393,0.0383,0.562,0.1069,0.1326,True,classificada — no sinal operável
SNPS_2019Q3,SNPS,2019-08-21,3.0,9.0,0.3389,0.0071,0.5352,0.0053,0.05,True,classificada — no sinal operável
SNPS_2019Q4,SNPS,2019-12-04,3.0,9.0,0.2695,-0.0434,0.4591,0.0635,0.0316,True,classificada — no sinal operável
SNPS_2020Q1,SNPS,2020-02-19,4.0,9.0,0.3537,0.0068,0.4712,-0.2773,0.0186,True,classificada — no sinal operável
SNPS_2020Q2,SNPS,2020-05-20,3.0,10.0,0.376,0.0728,0.507,0.1045,0.1869,True,classificada — no sinal operável
SNPS_2020Q3,SNPS,2020-08-19,3.0,10.0,0.3193,0.0334,0.4969,-0.0415,0.0712,True,classificada — no sinal operável
SNPS_2020Q4,SNPS,2020-12-02,7.0,7.0,0.4197,0.0525,0.6604,0.1303,0.0109,True,classificada — no sinal operável
SNPS_2021Q1,SNPS,2021-02-17,3.0,10.0,0.3154,-0.0136,0.4527,-0.1823,-0.1549,True,classificada — no sinal operável
SNPS_2021Q2,SNPS,2021-05-19,,,,,0.4261,0.1147,0.2186,False,sem distância de tom: <2 gestores identificados ou Q&A não detectado
SNPS_2021Q3,SNPS,2021-08-18,5.0,9.0,0.2646,-0.0116,0.5117,0.0758,0.1681,True,classificada — no sinal operável
SNPS_2021Q4,SNPS,2021-12-01,3.0,9.0,0.3694,0.0112,0.6605,0.0386,-0.1295,True,classificada — no sinal operável
SNPS_2022Q1,SNPS,2022-02-16,9.0,1.0,0.3153,,0.5825,-0.0012,-0.1444,False,"distância de tom OK, mas confundidor ausente (analyst_tone_distance)"
SNPS_2022Q2,SNPS,2022-05-18,3.0,8.0,0.4025,0.0476,0.6576,0.0248,0.2918,True,classificada — no sinal operável
SNPS_2022Q3,SNPS,2022-08-17,3.0,9.0,0.2932,0.0539,0.5115,-0.1825,-0.1305,True,classificada — no sinal operável
SNPS_2022Q4,SNPS,2022-11-30,3.0,7.0,0.3914,0.0887,0.6799,-0.1194,0.0135,True,classificada — no sinal operável
SNPS_2023Q1,SNPS,2023-02-15,3.0,9.0,0.3519,-0.0008,0.6191,0.041,0.0537,True,classificada — no sinal operável
SNPS_2023Q2,SNPS,2023-05-17,3.0,10.0,0.344,0.0735,0.566,0.1386,0.0945,True,classificada — no sinal operável
SNPS_2023Q3,SNPS,2023-08-16,4.0,10.0,0.3151,-0.0225,0.628,0.0039,0.1958,True,classificada — no sinal operável
SNPS_2023Q4,SNPS,2023-11-29,4.0,7.0,0.3076,0.0498,0.5973,-0.078,0.0589,True,classificada — no sinal operável
SNPS_2024Q1,SNPS,2024-02-21,3.0,7.0,0.3033,0.0688,0.5253,0.0204,-0.0313,True,classificada — no sinal operável
SNPS_2024Q2,SNPS,2024-05-22,3.0,10.0,0.3209,0.0431,0.5783,0.0232,-0.0585,True,classificada — no sinal operável
SNPS_2024Q3,SNPS,2024-08-21,3.0,9.0,0.3389,0.0506,0.4645,-0.1223,-0.0749,True,classificada — no sinal operável
SNPS_2024Q4,SNPS,2024-12-04,3.0,9.0,0.26,-0.0333,0.4313,-0.0798,-0.2106,True,classificada — no sinal operável
SNPS_2025Q1,SNPS,2025-02-26,3.0,10.0,0.2587,-0.0385,0.4168,-0.0733,-0.0396,True,classificada — no sinal operável
STX_2012Q1,STX,2011-10-20,3.0,12.0,0.1245,-0.0245,-0.0398,0.1957,0.4699,True,classificada — no sinal operável
STX_2012Q2,STX,2012-01-31,4.0,12.0,0.304,0.083,0.2613,0.171,0.3765,True,classificada — no sinal operável
STX_2012Q3,STX,2012-04-17,4.0,16.0,0.2215,-0.0111,0.3497,0.0664,-0.056,True,classificada — no sinal operável
STX_2012Q4,STX,2012-07-30,4.0,12.0,0.2045,-0.0061,0.3104,0.2164,0.0083,True,classificada — no sinal operável
STX_2013Q1,STX,2012-10-31,2.0,14.0,0.0007,-0.1508,-0.0599,-0.0719,0.2615,True,classificada — no sinal operável
STX_2013Q2,STX,2013-01-28,2.0,19.0,0.0001,-0.1795,0.3344,-0.0902,0.0307,True,classificada — no sinal operável
STX_2013Q3,STX,2013-05-01,2.0,15.0,0.0,-0.1826,0.312,0.1426,0.0851,True,classificada — no sinal operável
STX_2013Q4,STX,2013-07-24,2.0,18.0,0.0,-0.188,0.4339,-0.057,0.1561,True,classificada — no sinal operável
STX_2014Q1,STX,2013-10-28,2.0,17.0,0.0001,-0.1885,0.3758,0.009,0.1092,True,classificada — no sinal operável
STX_2014Q2,STX,2014-01-27,2.0,17.0,0.0,-0.183,0.4759,-0.0285,-0.0122,True,classificada — no sinal operável
STX_2014Q3,STX,2014-04-29,2.0,21.0,0.0001,-0.1667,0.2782,0.0193,0.1409,True,classificada — no sinal operável
STX_2014Q4,STX,2014-07-17,2.0,17.0,0.0,-0.1656,0.4261,-0.0085,-0.1231,True,classificada — no sinal operável
STX_2015Q1,STX,2014-10-27,2.0,16.0,0.0005,-0.1517,0.3732,0.1422,-0.0043,True,classificada — no sinal operável
STX_2015Q2,STX,2015-01-26,4.0,9.0,0.1568,0.0365,0.0429,0.0265,-0.0095,True,classificada — no sinal operável
STX_2015Q3,STX,2015-04-17,5.0,9.0,0.3022,0.0999,0.478,-0.0099,-0.1622,True,classificada — no sinal operável
STX_2015Q4,STX,2015-07-31,2.0,12.0,0.0002,-0.1561,0.3983,0.0228,-0.2427,True,classificada — no sinal operável
STX_2016Q1,STX,2015-10-30,2.0,11.0,0.0011,-0.1564,0.4768,-0.0178,-0.2303,True,classificada — no sinal operável
STX_2016Q2,STX,2016-01-29,2.0,11.0,0.0,-0.1543,0.3861,0.1663,-0.2359,True,classificada — no sinal operável
STX_2016Q3,STX,2016-04-29,1.0,7.0,,,0.2036,0.1019,0.5644,False,sem distância de tom: <2 gestores identificados ou Q&A não detectado
STX_2016Q4,STX,2016-08-02,2.0,6.0,0.0002,-0.1502,0.5628,0.1012,0.1395,True,classificada — no sinal operável
STX_2017Q1,STX,2016-10-19,5.0,4.0,0.3958,0.1066,0.5518,0.1374,0.0747,True,classificada — no sinal operável
STX_2017Q2,STX,2017-01-24,2.0,8.0,0.0001,-0.1497,0.5976,0.1164,0.2061,True,classificada — no sinal operável
STX_2017Q3,STX,2017-04-26,2.0,9.0,0.0007,-0.131,0.4016,0.0223,-0.2214,True,classificada — no sinal operável
STX_2017Q4,STX,2017-07-25,2.0,9.0,0.0001,-0.1346,0.3384,-0.0702,0.2025,True,classificada — no sinal operável
STX_2018Q1,STX,2017-10-23,1.0,9.0,,,0.5593,0.0162,0.361,False,sem distância de tom: <2 gestores identificados ou Q&A não detectado
STX_2018Q2,STX,2018-01-29,2.0,9.0,0.0,-0.1375,0.5489,-0.0111,0.0833,True,classificada — no sinal operável
STX_2018Q3,STX,2018-05-01,2.0,8.0,0.0002,-0.1275,0.5619,0.0793,0.0187,True,classificada — no sinal operável
STX_2018Q4,STX,2018-07-30,2.0,9.0,0.0003,-0.1264,0.5496,0.0386,-0.2767,True,classificada — no sinal operável
STX_2019Q1,STX,2018-11-02,2.0,9.0,0.0002,-0.1197,0.4429,-0.0522,0.0489,True,classificada — no sinal operável
STX_2019Q2,STX,2019-02-04,3.0,7.0,0.3037,0.014,0.1445,0.0634,0.15,True,classificada — no sinal operável
STX_2019Q3,STX,2019-04-30,3.0,6.0,0.3208,0.0154,0.5506,-0.117,-0.0325,True,classificada — no sinal operável
STX_2019Q4,STX,2019-08-02,3.0,14.0,0.2559,-0.0062,0.3764,0.14,0.3483,True,classificada — no sinal operável
STX_2020Q1,STX,2019-11-01,3.0,10.0,0.363,-0.0031,0.5463,0.0067,0.031,True,classificada — no sinal operável
STX_2020Q2,STX,2020-02-04,3.0,10.0,0.3434,0.0336,0.5742,-0.1185,-0.167,True,classificada — no sinal operável
STX_2020Q3,STX,2020-04-22,3.0,14.0,0.2806,0.0395,0.2509,0.037,0.0138,True,classificada — no sinal operável
STX_2020Q4,STX,2020-07-29,3.0,14.0,0.308,0.161,0.3964,0.0345,0.118,True,classificada — no sinal operável
STX_2021Q1,STX,2020-10-22,3.0,13.0,0.3323,0.0237,0.5262,0.1171,0.242,True,classificada — no sinal operável
STX_2021Q2,STX,2021-01-21,3.0,12.0,0.3483,0.0117,0.5615,0.2143,0.4019,True,classificada — no sinal operável
STX_2021Q3,STX,2021-04-22,4.0,10.0,0.2897,-0.0288,0.4631,0.1334,0.0033,True,classificada — no sinal operável
STX_2021Q4,STX,2021-07-21,3.0,11.0,0.3535,0.0288,0.5187,0.0686,-0.0085,True,classificada — no sinal operável
STX_2022Q1,STX,2021-10-22,4.0,10.0,0.2395,0.0034,0.3683,0.1471,0.1041,True,classificada — no sinal operável
STX_2022Q2,STX,2022-01-26,3.0,11.0,0.246,0.0011,0.2608,-0.0223,-0.2333,True,classificada — no sinal operável
STX_2022Q3,STX,2022-04-27,3.0,13.0,0.3523,0.0638,0.3688,0.0496,-0.0134,True,classificada — no sinal operável
STX_2022Q4,STX,2022-07-21,3.0,13.0,0.3083,0.0161,0.2692,0.0663,-0.2873,True,classificada — no sinal operável
STX_2023Q1,STX,2022-10-28,3.0,13.0,0.2418,-0.0117,0.1298,0.008,0.3465,True,classificada — no sinal operável
STX_2023Q2,STX,2023-01-25,4.0,12.0,0.3508,0.036,0.4867,-0.0393,-0.1716,True,classificada — no sinal operável
STX_2023Q3,STX,2023-04-20,4.0,9.0,0.305,0.0094,0.1832,0.1098,0.0743,True,classificada — no sinal operável
STX_2023Q4,STX,2023-07-26,3.0,12.0,0.2631,-0.0194,0.312,0.1088,0.176,True,classificada — no sinal operável
STX_2024Q1,STX,2023-10-26,3.0,12.0,0.3664,0.0095,0.5847,0.16,0.3368,True,classificada — no sinal operável
STX_2024Q2,STX,2024-01-24,3.0,11.0,0.3831,0.0393,0.6448,-0.0353,-0.0371,True,classificada — no sinal operável
STX_2024Q3,STX,2024-04-23,4.0,12.0,0.3968,0.0694,0.5511,0.0812,0.2592,True,classificada — no sinal operável
STX_2024Q4,STX,2024-07-23,3.0,16.0,0.344,0.0568,0.5082,-0.0418,0.0382,True,classificada — no sinal operável
STX_2025Q1,STX,2024-10-22,3.0,15.0,0.3371,0.0546,0.5345,-0.073,0.0308,True,classificada — no sinal operável
STX_2025Q2,STX,2025-01-21,3.0,13.0,0.3691,0.0523,0.5984,-0.0551,-0.3006,True,classificada — no sinal operável
STX_2025Q3,STX,2025-04-29,3.0,13.0,0.3136,0.0279,0.4922,0.3557,0.7007,True,classificada — no sinal operável
SWKS_2015Q1,SWKS,2015-01-22,5.0,18.0,0.3832,0.1639,0.6385,0.0987,0.224,True,classificada — no sinal operável
SWKS_2015Q2,SWKS,2015-04-30,5.0,16.0,0.4008,0.1672,0.582,0.1432,0.0106,True,classificada — no sinal operável
SWKS_2015Q3,SWKS,2015-07-23,6.0,15.0,0.359,0.0961,0.6512,-0.255,-0.2682,True,classificada — no sinal operável
SWKS_2015Q4,SWKS,2015-11-05,6.0,12.0,0.3416,0.1418,0.6682,0.0351,-0.2919,True,classificada — no sinal operável
SWKS_2016Q1,SWKS,2016-01-30,7.0,14.0,0.4372,0.0571,0.665,0.0371,-0.0156,True,classificada — no sinal operável
SWKS_2016Q2,SWKS,2016-04-29,6.0,8.0,0.376,0.1216,0.6158,0.0039,-0.0073,True,classificada — no sinal operável
SWKS_2016Q3,SWKS,2016-07-21,4.0,17.0,0.3491,-0.0116,0.4683,0.0878,0.1723,True,classificada — no sinal operável
SWKS_2016Q4,SWKS,2016-11-03,6.0,12.0,0.415,0.1114,0.6793,0.0345,0.2674,True,classificada — no sinal operável
SWKS_2017Q1,SWKS,2017-01-19,9.0,12.0,0.4116,0.0658,0.6154,0.137,0.1993,True,classificada — no sinal operável
SWKS_2017Q2,SWKS,2017-04-27,6.0,9.0,0.3352,0.0531,0.5907,0.033,0.0438,True,classificada — no sinal operável
SWKS_2017Q3,SWKS,2017-07-20,5.0,14.0,0.4142,0.102,0.603,-0.0393,0.0089,True,classificada — no sinal operável
SWKS_2017Q4,SWKS,2017-11-06,6.0,13.0,0.437,0.0798,0.6202,-0.1194,-0.0749,True,classificada — no sinal operável
SWKS_2018Q1,SWKS,2018-02-06,17.0,,0.3454,,0.6114,0.08,-0.0637,False,"distância de tom OK, mas confundidor ausente (analyst_tone, analyst_tone_distance)"
SWKS_2018Q2,SWKS,2018-05-03,5.0,13.0,0.3584,0.0006,0.5225,0.1208,0.0679,True,classificada — no sinal operável
SWKS_2018Q3,SWKS,2018-07-19,5.0,12.0,0.391,0.0701,0.549,-0.1069,-0.1406,True,classificada — no sinal operável
SWKS_2018Q4,SWKS,2018-11-08,5.0,12.0,0.3689,-0.0046,0.4616,-0.1103,0.0853,True,classificada — no sinal operável
SWKS_2019Q1,SWKS,2019-02-05,3.0,11.0,0.3078,0.0061,0.3666,-0.0252,0.0245,True,classificada — no sinal operável
SWKS_2019Q2,SWKS,2019-05-02,3.0,11.0,0.3399,0.0093,0.4273,-0.2407,-0.0608,True,classificada — no sinal operável
SWKS_2019Q3,SWKS,2019-08-07,4.0,8.0,0.2862,-0.0596,0.446,0.0471,0.2942,True,classificada — no sinal operável
SWKS_2019Q4,SWKS,2019-11-12,5.0,9.0,0.4046,0.1028,0.5576,0.1715,0.2931,True,classificada — no sinal operável
SWKS_2020Q1,SWKS,2020-01-23,3.0,10.0,0.3624,0.0415,0.564,-0.1176,-0.2636,True,classificada — no sinal operável
SWKS_2020Q2,SWKS,2020-05-04,3.0,10.0,0.3739,0.041,0.6447,0.2279,0.4203,True,classificada — no sinal operável
SWKS_2020Q3,SWKS,2020-07-23,3.0,10.0,0.4177,0.0662,0.656,0.0842,0.1479,True,classificada — no sinal operável
SWKS_2020Q4,SWKS,2020-11-02,3.0,9.0,0.3843,0.0975,0.6205,0.0144,0.269,True,classificada — no sinal operável
SWKS_2021Q1,SWKS,2021-01-28,3.0,10.0,0.3958,0.086,0.7047,-0.0041,0.0568,True,classificada — no sinal operável
SWKS_2021Q2,SWKS,2021-04-29,3.0,11.0,0.377,0.0227,0.6746,-0.0763,0.0686,True,classificada — no sinal operável
SWKS_2021Q3,SWKS,2021-07-29,3.0,11.0,0.4073,0.1206,0.6161,-0.0033,-0.0986,True,classificada — no sinal operável
SWKS_2021Q4,SWKS,2021-11-04,3.0,8.0,0.3858,-0.0001,0.5918,-0.0907,-0.194,True,classificada — no sinal operável
SWKS_2022Q1,SWKS,2022-02-03,3.0,9.0,0.3939,0.0399,0.6699,-0.04,-0.199,True,classificada — no sinal operável
SWKS_2022Q2,SWKS,2022-05-03,3.0,8.0,0.363,0.0005,0.5382,-0.0236,-0.0141,True,classificada — no sinal operável
SWKS_2022Q3,SWKS,2022-08-04,3.0,10.0,0.3845,0.0284,0.3969,-0.1239,-0.2575,True,classificada — no sinal operável
SWKS_2022Q4,SWKS,2022-11-03,3.0,10.0,0.3686,0.0057,0.4307,0.0931,0.2744,True,classificada — no sinal operável
SWKS_2023Q1,SWKS,2023-02-06,3.0,10.0,0.3145,0.021,0.419,0.0132,-0.0584,True,classificada — no sinal operável
SWKS_2023Q2,SWKS,2023-05-08,3.0,11.0,0.3786,0.0281,0.4895,0.1475,0.1885,True,classificada — no sinal operável
SWKS_2023Q3,SWKS,2023-08-07,2.0,10.0,0.0818,-0.2964,0.5422,0.0026,-0.1402,True,classificada — no sinal operável
SWKS_2023Q4,SWKS,2023-11-02,3.0,8.0,0.3943,-0.0064,0.5419,0.1124,0.1461,True,classificada — no sinal operável
SWKS_2024Q1,SWKS,2024-01-30,4.0,8.0,0.4758,0.1056,0.4633,-0.0177,-0.002,True,classificada — no sinal operável
SWKS_2024Q2,SWKS,2024-04-30,4.0,10.0,0.3174,-0.0009,0.4095,0.003,0.2567,True,classificada — no sinal operável
SWKS_2024Q3,SWKS,2024-07-30,4.0,7.0,0.4303,0.095,0.5791,-0.0404,-0.1356,True,classificada — no sinal operável
SWKS_2024Q4,SWKS,2024-11-12,4.0,9.0,0.4229,0.0763,0.6246,0.0658,-0.2161,True,classificada — no sinal operável
SWKS_2025Q1,SWKS,2025-02-05,4.0,7.0,0.4119,0.0924,0.5457,0.173,0.0805,True,classificada — no sinal operável
SWKS_2025Q2,SWKS,2025-05-07,3.0,10.0,0.3427,0.0022,0.5472,0.0807,0.0348,True,classificada — no sinal operável
TDC_2008Q1,TDC,2008-05-19,6.0,4.0,0.3558,0.0272,0.5385,-0.0632,-0.0056,True,classificada — no sinal operável
TDC_2008Q2,TDC,2008-08-25,5.0,5.0,0.415,0.0622,0.6026,-0.1208,-0.4958,True,classificada — no sinal operável
TDC_2008Q3,TDC,2008-11-04,5.0,4.0,0.2719,-0.0188,0.3095,-0.1778,-0.1815,True,classificada — no sinal operável
TDC_2008Q4,TDC,2009-02-12,4.0,4.0,0.3501,0.0086,0.5527,0.1549,0.4542,True,classificada — no sinal operável
TDC_2009Q1,TDC,2009-05-07,5.0,8.0,0.3404,0.068,0.5247,0.1052,0.2581,True,classificada — no sinal operável
TDC_2009Q2,TDC,2009-08-06,5.0,8.0,0.3139,0.0803,0.497,-0.0286,0.0768,True,classificada — no sinal operável
TDC_2009Q3,TDC,2009-11-05,5.0,8.0,0.28,0.0557,0.411,0.0623,-0.0189,True,classificada — no sinal operável
TDC_2009Q4,TDC,2010-02-11,5.0,9.0,0.3037,0.0465,0.4868,0.0562,0.1705,True,classificada — no sinal operável
TDC_2010Q1,TDC,2010-05-06,5.0,10.0,0.3444,0.1037,0.4781,0.0069,0.0739,True,classificada — no sinal operável
TDC_2010Q2,TDC,2010-08-05,2.0,13.0,0.0001,-0.1855,0.5218,0.067,0.2363,True,classificada — no sinal operável
TDC_2010Q4,TDC,2011-02-10,5.0,10.0,0.3518,0.0113,0.5562,0.0276,0.1448,True,classificada — no sinal operável
TDC_2011Q1,TDC,2011-05-05,5.0,8.0,0.3768,0.077,0.6495,-0.0067,0.0082,True,classificada — no sinal operável
TDC_2011Q2,TDC,2011-08-04,3.0,8.0,0.307,0.0138,0.6071,-0.1046,0.0531,True,classificada — no sinal operável
TDC_2011Q3,TDC,2011-11-03,5.0,11.0,0.3258,0.0458,0.5336,-0.0677,-0.0072,True,classificada — no sinal operável
TDC_2011Q4,TDC,2012-02-09,5.0,11.0,0.322,0.0131,0.5124,0.0748,0.1535,True,classificada — no sinal operável
TDC_2012Q1,TDC,2012-05-03,5.0,11.0,0.3457,0.0281,0.5573,-0.1486,-0.1213,True,classificada — no sinal operável
TDC_2012Q2,TDC,2012-08-02,6.0,7.0,0.3728,0.0473,0.5486,0.1128,-0.081,True,classificada — no sinal operável
TDC_2012Q3,TDC,2012-11-01,5.0,14.0,0.3375,-0.0508,0.5038,-0.0825,0.0483,True,classificada — no sinal operável
TDC_2012Q4,TDC,2013-02-07,5.0,10.0,0.2899,-0.0163,0.4952,-0.0474,-0.1113,True,classificada — no sinal operável
TDC_2013Q1,TDC,2013-05-02,5.0,11.0,0.2468,-0.0331,0.1914,0.1192,0.2715,True,classificada — no sinal operável
TDC_2013Q2,TDC,2013-08-01,5.0,11.0,0.2478,-0.0117,0.4302,-0.0746,-0.2814,True,classificada — no sinal operável
TDC_2013Q3,TDC,2013-10-31,5.0,8.0,0.2439,0.0176,0.3379,0.0332,-0.0979,True,classificada — no sinal operável
TDC_2013Q4,TDC,2014-02-06,6.0,11.0,0.2664,-0.0132,0.5095,0.1518,-0.0206,True,classificada — no sinal operável
TDC_2014Q1,TDC,2014-05-08,5.0,8.0,0.3542,0.0045,0.5221,0.0997,0.0588,True,classificada — no sinal operável
TDC_2014Q2,TDC,2014-08-07,5.0,10.0,0.3534,0.0389,0.6139,0.0758,-0.0156,True,classificada — no sinal operável
TDC_2014Q3,TDC,2014-11-06,5.0,8.0,0.2835,-0.0596,0.4904,0.0183,-0.0028,True,classificada — no sinal operável
TDC_2014Q4,TDC,2015-02-05,5.0,7.0,0.307,0.0421,0.4954,0.0328,0.0075,True,classificada — no sinal operável
TDC_2015Q1,TDC,2015-05-07,5.0,13.0,0.2231,0.0166,0.1883,-0.0634,-0.2667,True,classificada — no sinal operável
TDC_2015Q2,TDC,2015-08-06,2.0,11.0,0.0002,-0.1711,0.4138,-0.0552,-0.0096,True,classificada — no sinal operável
TDC_2015Q3,TDC,2015-11-05,4.0,10.0,0.2716,-0.0607,0.4597,0.1458,-0.0793,True,classificada — no sinal operável
TDC_2015Q4,TDC,2016-02-04,2.0,17.0,0.0,-0.1681,0.5079,0.0879,0.04,True,classificada — no sinal operável
TDC_2016Q1,TDC,2016-05-05,2.0,13.0,0.0002,-0.1698,0.424,0.0964,0.1963,True,classificada — no sinal operável
TDC_2016Q2,TDC,2016-08-02,2.0,11.0,0.0001,-0.1694,0.501,0.0807,-0.0817,True,classificada — no sinal operável
TDC_2016Q3,TDC,2016-10-27,2.0,14.0,0.0002,-0.1581,0.3501,0.0033,0.0576,True,classificada — no sinal operável
TDC_2016Q4,TDC,2017-02-09,2.0,12.0,0.0001,-0.1605,0.4245,-0.0414,-0.1163,True,classificada — no sinal operável
TDC_2017Q1,TDC,2017-04-27,2.0,14.0,0.0002,-0.1556,0.3092,-0.0275,0.084,True,classificada — no sinal operável
TDC_2017Q2,TDC,2017-07-27,2.0,11.0,0.0001,-0.1516,0.5488,-0.0287,0.0265,True,classificada — no sinal operável
TDC_2017Q3,TDC,2017-11-02,2.0,12.0,0.0,-0.1512,0.4295,0.0223,0.0859,True,classificada — no sinal operável
TDC_2017Q4,TDC,2018-02-08,2.0,12.0,0.0001,-0.1458,0.4375,0.1614,0.0796,True,classificada — no sinal operável
TDY_2020Q1,TDY,2020-04-22,4.0,4.0,0.3777,0.1162,0.0396,0.0872,0.0796,True,classificada — no sinal operável
TDY_2020Q2,TDY,2020-07-22,4.0,3.0,0.2997,-0.0711,0.594,-0.0757,0.0017,True,classificada — no sinal operável
TDY_2020Q3,TDY,2020-10-21,4.0,6.0,0.2834,0.0132,0.4266,0.183,0.178,True,classificada — no sinal operável
TDY_2020Q4,TDY,2021-01-27,5.0,3.0,0.3569,0.1464,0.1978,-0.0483,0.155,True,classificada — no sinal operável
TDY_2021Q1,TDY,2021-04-28,,,,,0.5011,-0.0805,0.0048,False,sem distância de tom: <2 gestores identificados ou Q&A não detectado
TDY_2021Q2,TDY,2021-07-28,4.0,5.0,0.4364,0.0917,0.5801,-0.0085,-0.0439,True,classificada — no sinal operável
TDY_2021Q3,TDY,2021-10-27,,,,,0.5411,-0.0573,-0.1212,False,sem distância de tom: <2 gestores identificados ou Q&A não detectado
TDY_2021Q4,TDY,2022-01-27,3.0,8.0,0.3806,0.0471,0.6314,0.0751,0.134,True,classificada — no sinal operável
TDY_2022Q1,TDY,2022-04-27,4.0,5.0,0.1659,-0.0153,0.2046,-0.1507,-0.1612,True,classificada — no sinal operável
TDY_2022Q2,TDY,2022-07-28,3.0,6.0,0.2451,-0.0408,0.3419,0.0018,-0.0166,True,classificada — no sinal operável
TDY_2022Q3,TDY,2022-10-26,,,,,0.1647,0.1033,0.109,False,sem distância de tom: <2 gestores identificados ou Q&A não detectado
TDY_2022Q4,TDY,2023-01-25,4.0,4.0,0.2042,-0.021,0.2128,-0.0111,-0.068,True,classificada — no sinal operável
TDY_2023Q1,TDY,2023-04-26,,,,,0.5537,-0.024,-0.0644,False,sem distância de tom: <2 gestores identificados ou Q&A não detectado
TDY_2023Q2,TDY,2023-07-26,4.0,4.0,0.3403,0.0369,0.5562,0.0416,-0.0093,True,classificada — no sinal operável
TDY_2023Q3,TDY,2023-10-25,4.0,7.0,0.2538,-0.0661,0.4854,0.0709,0.1228,True,classificada — no sinal operável
TDY_2023Q4,TDY,2024-01-24,,,,,0.4787,0.0315,-0.1362,False,sem distância de tom: <2 gestores identificados ou Q&A não detectado
TDY_2024Q1,TDY,2024-04-24,6.0,5.0,0.3053,0.0961,-0.1756,0.0973,0.1375,True,classificada — no sinal operável
TDY_2024Q2,TDY,2024-07-24,5.0,6.0,0.4449,0.0141,0.6147,0.0047,0.0666,True,classificada — no sinal operável
TDY_2024Q3,TDY,2024-10-23,,,,,0.4218,0.0205,0.0808,False,sem distância de tom: <2 gestores identificados ou Q&A não detectado
TDY_2024Q4,TDY,2025-01-22,5.0,7.0,0.4316,0.165,0.4579,-0.046,-0.1286,True,classificada — no sinal operável
TDY_2025Q1,TDY,2025-04-24,5.0,8.0,0.396,0.1449,0.2438,0.0619,0.2141,True,classificada — no sinal operável
TEL_2008Q1,TEL,2008-02-06,2.0,16.0,0.0,,0.3692,-0.0681,0.0935,False,"distância de tom OK, mas histórico curto para residualizar (<250 calls anteriores)"
TEL_2008Q2,TEL,2008-05-01,5.0,9.0,0.3213,0.0195,0.4865,0.0015,-0.163,True,classificada — no sinal operável
TEL_2008Q3,TEL,2008-07-30,3.0,6.0,0.3225,0.0507,0.4511,-0.0093,-0.4346,True,classificada — no sinal operável
TEL_2008Q4,TEL,2008-11-10,4.0,11.0,0.2338,-0.0103,0.1401,0.0657,-0.1142,True,classificada — no sinal operável
TEL_2009Q1,TEL,2009-01-28,6.0,8.0,0.248,0.0557,-0.0682,-0.3625,0.2183,True,classificada — no sinal operável
TEL_2009Q2,TEL,2009-04-29,5.0,8.0,0.2995,0.0755,0.0939,-0.0403,0.1702,True,classificada — no sinal operável
TEL_2009Q3,TEL,2009-07-29,5.0,7.0,0.3065,0.0274,0.3232,0.064,0.0203,True,classificada — no sinal operável
TEL_2009Q4,TEL,2009-11-04,4.0,10.0,0.3538,0.0327,0.4863,0.0448,0.0873,True,classificada — no sinal operável
TEL_2020Q1,TEL,2020-01-29,3.0,13.0,0.3237,0.0994,0.2997,-0.1429,-0.1894,True,classificada — no sinal operável
TEL_2020Q2,TEL,2020-04-28,3.0,15.0,0.2434,-0.0476,0.3968,0.0953,0.15,True,classificada — no sinal operável
TEL_2020Q3,TEL,2020-07-29,3.0,14.0,0.2895,-0.0215,0.5675,0.0718,0.1417,True,classificada — no sinal operável
TEL_2020Q4,TEL,2020-10-28,4.0,16.0,0.3408,0.0154,0.5096,0.2029,0.256,True,classificada — no sinal operável
TEL_2021Q1,TEL,2021-01-27,3.0,16.0,0.3521,0.0134,0.693,0.0724,0.121,True,classificada — no sinal operável
TEL_2021Q2,TEL,2021-04-21,3.0,19.0,0.3171,0.0162,0.5961,0.003,0.0466,True,classificada — no sinal operável
TEL_2021Q3,TEL,2021-07-28,3.0,17.0,0.2528,-0.0522,0.5138,0.0545,0.0269,True,classificada — no sinal operável
TEL_2021Q4,TEL,2021-10-27,3.0,17.0,0.3152,-0.0308,0.6508,0.0977,-0.0341,True,classificada — no sinal operável
TEL_2022Q1,TEL,2022-01-26,3.0,15.0,0.3432,-0.0797,0.632,0.0141,-0.1227,True,classificada — no sinal operável
TEL_2022Q2,TEL,2022-04-27,,,,,0.1843,-0.0133,0.0372,False,sem distância de tom: <2 gestores identificados ou Q&A não detectado
TEL_2022Q3,TEL,2022-07-27,3.0,16.0,0.2482,-0.0829,0.4703,0.0261,-0.0913,True,classificada — no sinal operável
TEL_2022Q4,TEL,2022-11-02,3.0,12.0,0.2829,-0.0649,0.5621,0.1181,0.1902,True,classificada — no sinal operável
TEL_2023Q1,TEL,2023-01-25,3.0,16.0,0.2105,-0.0397,0.4083,0.0212,-0.0217,True,classificada — no sinal operável
TEL_2023Q2,TEL,2023-04-26,3.0,13.0,0.2231,-0.0406,0.4288,-0.0011,0.205,True,classificada — no sinal operável
TEL_2023Q3,TEL,2023-07-26,3.0,13.0,0.3221,-0.0068,0.548,-0.1228,-0.1881,True,classificada — no sinal operável
TEL_2023Q4,TEL,2023-11-01,3.0,12.0,0.2531,-0.0405,0.4521,0.0737,0.1617,True,classificada — no sinal operável
TEL_2024Q1,TEL,2024-01-24,3.0,14.0,0.2997,-0.0553,0.5263,-0.0056,-0.0273,True,classificada — no sinal operável
TEL_2024Q2,TEL,2024-04-24,3.0,14.0,0.2472,-0.0208,0.2148,0.0657,0.0979,True,classificada — no sinal operável
TEL_2024Q3,TEL,2024-07-24,3.0,13.0,0.316,-0.0156,0.6547,-0.0374,-0.0582,True,classificada — no sinal operável
TEL_2024Q4,TEL,2024-10-30,3.0,15.0,0.334,0.0015,0.5321,0.0172,-0.0236,True,classificada — no sinal operável
TEL_2025Q1,TEL,2025-01-22,3.0,13.0,0.3826,0.0521,0.661,0.0022,-0.1175,True,classificada — no sinal operável
TEL_2025Q2,TEL,2025-04-23,3.0,15.0,0.3836,0.0817,0.4178,0.1517,0.4901,True,classificada — no sinal operável
TER_2007Q2,TER,2007-07-19,2.0,11.0,0.0,,0.4061,-0.1151,-0.2085,False,"distância de tom OK, mas histórico curto para residualizar (<250 calls anteriores)"
TER_2007Q3,TER,2007-10-18,2.0,14.0,0.0,,0.2405,-0.1349,-0.2767,False,"distância de tom OK, mas histórico curto para residualizar (<250 calls anteriores)"
TER_2007Q4,TER,2008-01-24,5.0,9.0,0.2679,,0.3566,0.0913,0.3204,False,"distância de tom OK, mas histórico curto para residualizar (<250 calls anteriores)"
TER_2008Q1,TER,2008-04-27,4.0,9.0,0.2556,0.0242,0.3521,-0.0088,-0.3243,True,classificada — no sinal operável
TER_2008Q2,TER,2008-07-28,5.0,12.0,0.2544,-0.0308,0.2966,0.0392,-0.4709,True,classificada — no sinal operável
TER_2008Q3,TER,2008-10-23,7.0,14.0,0.2101,0.0029,0.0237,-0.3144,0.0917,True,classificada — no sinal operável
TER_2008Q4,TER,2009-01-29,4.0,11.0,0.2708,0.0804,0.1498,-0.2384,0.1512,True,classificada — no sinal operável
TER_2009Q1,TER,2009-05-01,5.0,8.0,0.2525,0.0183,0.2212,0.1451,0.2429,True,classificada — no sinal operável
TER_2009Q2,TER,2009-07-31,2.0,14.0,0.0001,-0.1877,0.1396,0.0325,0.1389,True,classificada — no sinal operável
TER_2009Q3,TER,2009-10-30,3.0,13.0,0.255,-0.0123,0.3709,0.0837,0.1557,True,classificada — no sinal operável
TER_2009Q4,TER,2010-01-28,1.0,16.0,,,0.3995,0.0667,0.3039,False,sem distância de tom: <2 gestores identificados ou Q&A não detectado
TER_2010Q1,TER,2010-04-24,1.0,13.0,,,0.3617,-0.1723,-0.2156,False,sem distância de tom: <2 gestores identificados ou Q&A não detectado
TER_2010Q3,TER,2010-10-28,5.0,9.0,0.2246,-0.079,0.2336,0.0873,0.4755,True,classificada — no sinal operável
TER_2010Q4,TER,2011-01-27,4.0,10.0,0.2922,-0.0092,0.4188,0.1291,-0.0285,True,classificada — no sinal operável
TER_2011Q1,TER,2011-04-29,5.0,10.0,0.2449,-0.047,0.3463,-0.0087,-0.1647,True,classificada — no sinal operável
TER_2011Q2,TER,2011-07-28,5.0,10.0,0.2982,0.0095,0.3688,-0.1171,0.0179,True,classificada — no sinal operável
TER_2011Q3,TER,2011-10-28,5.0,10.0,0.244,-0.0223,0.2786,-0.186,0.1018,True,classificada — no sinal operável
TER_2011Q4,TER,2012-01-26,5.0,12.0,0.3124,0.0381,0.3794,0.0055,0.0462,True,classificada — no sinal operável
TER_2012Q1,TER,2012-04-27,5.0,9.0,0.2945,-0.0225,0.45,-0.1299,-0.1397,True,classificada — no sinal operável
TER_2012Q2,TER,2012-07-26,5.0,9.0,0.34,0.0203,0.4632,0.0528,-0.089,True,classificada — no sinal operável
TER_2012Q3,TER,2012-10-25,5.0,10.0,0.3154,-0.0143,0.4596,0.0778,0.1065,True,classificada — no sinal operável
TER_2012Q4,TER,2013-01-24,5.0,12.0,0.2786,0.0243,0.3719,0.0111,-0.0062,True,classificada — no sinal operável
TER_2013Q1,TER,2013-04-25,5.0,14.0,0.3205,0.0778,0.4813,0.0533,0.0202,True,classificada — no sinal operável
TER_2013Q2,TER,2013-07-25,5.0,11.0,0.2919,0.002,0.3335,-0.041,-0.0145,True,classificada — no sinal operável
TER_2013Q3,TER,2013-10-24,6.0,12.0,0.2984,-0.0261,0.3977,0.0114,0.1363,True,classificada — no sinal operável
TER_2013Q4,TER,2014-01-23,6.0,11.0,0.3245,0.0147,0.4116,0.028,-0.0713,True,classificada — no sinal operável
TER_2020Q1,TER,2020-04-22,3.0,11.0,0.2713,0.0044,0.2503,0.0217,0.4833,True,classificada — no sinal operável
TER_2020Q2,TER,2020-07-22,3.0,10.0,0.3067,0.0207,0.4739,-0.0116,-0.0192,True,classificada — no sinal operável
TER_2020Q3,TER,2020-10-21,3.0,10.0,0.3016,0.0215,0.4558,0.1479,0.4887,True,classificada — no sinal operável
TER_2020Q4,TER,2021-01-28,3.0,10.0,0.3341,-0.0065,0.4762,0.1201,0.0934,True,classificada — no sinal operável
TER_2021Q1,TER,2021-04-28,3.0,12.0,0.2812,-0.0166,0.4139,-0.0231,-0.0867,True,classificada — no sinal operável
TER_2021Q2,TER,2021-07-28,3.0,10.0,0.3391,0.0378,0.3653,-0.0576,-0.073,True,classificada — no sinal operável
TER_2021Q3,TER,2021-10-27,3.0,10.0,0.3198,0.0303,0.5008,0.1265,-0.1437,True,classificada — no sinal operável
TER_2021Q4,TER,2022-01-27,3.0,9.0,0.2528,-0.0131,0.3224,0.0939,0.036,True,classificada — no sinal operável
TER_2022Q1,TER,2022-04-27,3.0,10.0,0.1953,-0.0438,0.298,-0.0335,-0.0886,True,classificada — no sinal operável
TER_2022Q2,TER,2022-07-27,4.0,10.0,0.2388,0.0643,-0.023,-0.0059,-0.177,True,classificada — no sinal operável
TER_2022Q3,TER,2022-10-26,4.0,9.0,0.3269,0.1141,-0.0026,0.1144,0.245,True,classificada — no sinal operável
TER_2022Q4,TER,2023-01-26,5.0,10.0,0.4326,0.165,0.1866,-0.0048,-0.1093,True,classificada — no sinal operável
TER_2023Q1,TER,2023-04-27,3.0,11.0,0.3102,0.0317,0.3211,0.147,0.2421,True,classificada — no sinal operável
TER_2023Q2,TER,2023-07-27,3.0,10.0,0.3176,0.0507,0.2813,-0.081,-0.2208,True,classificada — no sinal operável
TER_2023Q3,TER,2023-10-26,3.0,9.0,0.1995,-0.0482,0.2091,0.085,0.2519,True,classificada — no sinal operável
TER_2023Q4,TER,2024-01-31,4.0,7.0,0.3002,0.0513,0.3586,0.0914,0.1724,True,classificada — no sinal operável
TER_2024Q1,TER,2024-04-25,4.0,10.0,0.2966,0.0608,0.1615,0.3051,0.146,True,classificada — no sinal operável
TER_2024Q2,TER,2024-07-25,4.0,12.0,0.2805,-0.0267,0.5782,0.0861,-0.0049,True,classificada — no sinal operável
TER_2024Q3,TER,2024-10-24,3.0,9.0,0.3182,0.007,0.5322,-0.0268,0.098,True,classificada — no sinal operável
TER_2024Q4,TER,2025-01-30,3.0,10.0,0.3225,-0.0049,0.5194,-0.0694,-0.3509,True,classificada — no sinal operável
TER_2025Q1,TER,2025-04-29,3.0,8.0,0.2724,-0.0055,0.3795,0.1007,0.4633,True,classificada — no sinal operável
TRMB_2020Q1,TRMB,2020-05-06,2.0,7.0,0.0901,-0.1982,0.3912,0.3489,0.3728,True,classificada — no sinal operável
TRMB_2020Q2,TRMB,2020-08-06,2.0,9.0,0.1242,-0.1704,0.3615,0.0225,0.0853,True,classificada — no sinal operável
TRMB_2020Q3,TRMB,2020-11-04,2.0,10.0,0.1746,-0.1368,0.5209,0.1515,0.3205,True,classificada — no sinal operável
TRMB_2020Q4,TRMB,2021-02-10,2.0,12.0,0.0437,-0.2792,0.6011,0.0011,0.0007,True,classificada — no sinal operável
TRMB_2021Q1,TRMB,2021-05-05,2.0,9.0,0.2161,-0.0835,0.4695,0.0103,0.0977,True,classificada — no sinal operável
TRMB_2021Q2,TRMB,2021-08-04,3.0,7.0,0.3609,-0.0422,0.6551,0.0829,0.0148,True,classificada — no sinal operável
TRMB_2021Q3,TRMB,2021-11-04,2.0,11.0,0.1973,-0.1408,0.6672,-0.0403,-0.1901,True,classificada — no sinal operável
TRMB_2021Q4,TRMB,2022-02-09,2.0,9.0,0.0381,-0.3452,0.5451,-0.071,-0.1368,True,classificada — no sinal operável
TRMB_2022Q1,TRMB,2022-05-05,2.0,9.0,0.047,-0.3119,0.6489,0.0099,0.0344,True,classificada — no sinal operável
TRMB_2022Q2,TRMB,2022-08-05,1.0,9.0,,,0.5485,-0.0772,-0.2031,False,sem distância de tom: <2 gestores identificados ou Q&A não detectado
TRMB_2022Q3,TRMB,2022-11-02,2.0,10.0,0.1123,-0.2667,0.5665,0.016,0.0258,True,classificada — no sinal operável
TRMB_2022Q4,TRMB,2023-02-08,4.0,6.0,0.4532,0.1626,0.4586,-0.1466,-0.189,True,classificada — no sinal operável
TRMB_2023Q1,TRMB,2023-05-03,2.0,9.0,0.0612,-0.2833,0.6124,0.0482,0.1741,True,classificada — no sinal operável
TRMB_2023Q2,TRMB,2023-08-03,2.0,8.0,0.1283,-0.225,0.696,0.0428,-0.103,True,classificada — no sinal operável
TRMB_2023Q3,TRMB,2023-11-01,2.0,9.0,0.1061,-0.2493,0.4737,0.0164,0.1476,True,classificada — no sinal operável
TRMB_2023Q4,TRMB,2024-02-12,2.0,8.0,0.1193,-0.1487,0.4729,0.2737,0.1408,True,classificada — no sinal operável
TRMB_2024Q1,TRMB,2024-05-03,2.0,10.0,0.2057,-0.0157,0.3208,-0.093,-0.1536,True,classificada — no sinal operável
TRMB_2024Q2,TRMB,2024-08-06,2.0,7.0,0.0972,-0.2005,0.6047,0.1021,0.2157,True,classificada — no sinal operável
TRMB_2024Q3,TRMB,2024-11-06,2.0,8.0,0.0863,-0.2077,0.586,0.1598,0.1438,True,classificada — no sinal operável
TRMB_2024Q4,TRMB,2025-02-19,2.0,7.0,0.1905,-0.111,0.5721,-0.0564,-0.0557,True,classificada — no sinal operável
TRMB_2025Q1,TRMB,2025-05-07,2.0,8.0,0.0779,-0.2707,0.6927,0.1215,0.3259,True,classificada — no sinal operável
TSLA_2020Q1,TSLA,2020-04-29,3.0,5.0,0.237,-0.0348,0.4629,-0.0236,0.753,True,classificada — no sinal operável
TSLA_2020Q2,TSLA,2020-07-22,3.0,5.0,0.3098,0.1661,0.5415,0.1923,0.2566,True,classificada — no sinal operável
TSLA_2020Q3,TSLA,2020-10-21,4.0,12.0,0.3562,0.1732,0.3645,0.1298,0.9158,True,classificada — no sinal operável
TSLA_2020Q4,TSLA,2021-01-27,3.0,9.0,0.1685,0.0199,0.4086,-0.1762,-0.1532,True,classificada — no sinal operável
TSLA_2021Q1,TSLA,2021-04-27,3.0,5.0,0.19,0.0349,0.1314,-0.111,-0.0741,True,classificada — no sinal operável
TSLA_2021Q2,TSLA,2021-07-26,5.0,3.0,0.2611,0.0111,0.1672,0.068,0.3712,True,classificada — no sinal operável
TSLA_2021Q3,TSLA,2021-10-20,,,,,0.2167,0.2808,0.1639,False,sem distância de tom: <2 gestores identificados ou Q&A não detectado
TSLA_2021Q4,TSLA,2022-01-26,4.0,5.0,0.2456,0.0169,0.3393,-0.1323,-0.0556,True,classificada — no sinal operável
TSLA_2022Q1,TSLA,2022-04-20,3.0,9.0,0.2056,0.0604,0.2391,-0.3399,-0.2416,True,classificada — no sinal operável
TSLA_2022Q2,TSLA,2022-07-20,3.0,7.0,0.2048,0.0314,0.2249,0.1872,-0.1369,True,classificada — no sinal operável
TSLA_2022Q3,TSLA,2022-10-19,3.0,8.0,0.2213,-0.0001,0.3089,-0.1206,-0.3594,True,classificada — no sinal operável
TSLA_2022Q4,TSLA,2023-01-25,3.0,8.0,0.2665,0.0139,0.4309,0.2307,-0.0389,True,classificada — no sinal operável
TSLA_2023Q1,TSLA,2023-04-19,3.0,13.0,0.2201,0.0381,0.3118,0.0645,0.5821,True,classificada — no sinal operável
TSLA_2023Q2,TSLA,2023-07-19,3.0,8.0,0.2047,0.0792,0.3247,-0.2158,-0.0884,True,classificada — no sinal operável
TSLA_2023Q3,TSLA,2023-10-18,4.0,6.0,0.2769,0.1621,0.2137,0.0338,-0.0609,True,classificada — no sinal operável
TSLA_2023Q4,TSLA,2024-01-24,3.0,8.0,0.231,0.058,0.3227,0.012,-0.1453,True,classificada — no sinal operável
TSLA_2024Q1,TSLA,2024-04-23,3.0,10.0,0.1952,0.035,0.3056,0.1061,0.3264,True,classificada — no sinal operável
TSLA_2024Q2,TSLA,2024-07-24,3.0,10.0,0.2481,0.0428,0.2532,-0.0283,0.0054,True,classificada — no sinal operável
TSLA_2024Q3,TSLA,2024-10-23,5.0,3.0,0.206,0.0502,0.3442,0.3881,0.6231,True,classificada — no sinal operável
TSLA_2024Q4,TSLA,2025-01-29,,,,,0.1507,-0.2868,-0.3131,False,sem distância de tom: <2 gestores identificados ou Q&A não detectado
TSLA_2025Q1,TSLA,2025-04-22,3.0,10.0,0.1737,0.0049,0.187,0.313,0.3049,True,classificada — no sinal operável
TTWO_2018Q1,TTWO,2017-08-02,6.0,12.0,0.2283,-0.0337,0.3777,0.1209,0.2683,True,classificada — no sinal operável
TTWO_2018Q2,TTWO,2017-11-07,8.0,12.0,0.3688,0.066,0.4767,-0.1122,-0.1374,True,classificada — no sinal operável
TTWO_2018Q3,TTWO,2018-02-07,8.0,15.0,0.4467,0.1666,0.4219,0.0412,0.0356,True,classificada — no sinal operável
TTWO_2018Q4,TTWO,2018-05-16,5.0,14.0,0.3078,0.0235,0.3321,0.0722,0.1114,True,classificada — no sinal operável
TTWO_2019Q1,TTWO,2018-08-02,6.0,9.0,0.3679,0.0888,0.4872,0.0316,-0.0046,True,classificada — no sinal operável
TTWO_2019Q2,TTWO,2018-11-07,4.0,15.0,0.2634,0.0318,0.3347,-0.1849,-0.2763,True,classificada — no sinal operável
TTWO_2019Q3,TTWO,2019-02-06,8.0,17.0,0.3594,0.0669,0.335,-0.0863,0.0322,True,classificada — no sinal operável
TTWO_2019Q4,TTWO,2019-05-13,10.0,15.0,0.332,0.0495,0.3134,0.0758,0.2629,True,classificada — no sinal operável
TTWO_2020Q1,TTWO,2019-08-05,7.0,13.0,0.4146,0.1328,0.5406,0.0629,-0.064,True,classificada — no sinal operável
TTWO_2020Q2,TTWO,2019-11-07,7.0,1.0,0.4136,,0.4882,0.0201,-0.0568,False,"distância de tom OK, mas confundidor ausente (analyst_tone_distance)"
TTWO_2020Q3,TTWO,2020-02-06,4.0,13.0,0.3671,0.0151,0.4354,-0.0183,0.1102,True,classificada — no sinal operável
TTWO_2020Q4,TTWO,2020-05-20,7.0,14.0,0.3525,0.0511,0.4174,0.0033,0.2145,True,classificada — no sinal operável
TTWO_2021Q1,TTWO,2020-08-03,5.0,14.0,0.3016,0.0034,0.3841,-0.0182,-0.1182,True,classificada — no sinal operável
TTWO_2021Q2,TTWO,2020-11-05,8.0,8.0,0.39,0.107,0.4744,0.0614,0.2347,True,classificada — no sinal operável
TTWO_2021Q3,TTWO,2021-02-08,4.0,12.0,0.3059,0.0019,0.5769,-0.1868,-0.1661,True,classificada — no sinal operável
TTWO_2021Q4,TTWO,2021-05-18,4.0,13.0,0.2611,-0.0614,0.5551,-0.0029,-0.044,True,classificada — no sinal operável
TTWO_2022Q1,TTWO,2021-08-02,4.0,13.0,0.276,-0.0512,0.3254,-0.0109,0.1105,True,classificada — no sinal operável
TTWO_2022Q2,TTWO,2021-11-03,7.0,5.0,0.3987,0.0649,0.6077,-0.1229,-0.1375,True,classificada — no sinal operável
TTWO_2022Q3,TTWO,2022-02-07,11.0,15.0,0.3541,0.0425,0.4026,-0.0684,-0.3754,True,classificada — no sinal operável
TTWO_2022Q4,TTWO,2022-05-16,4.0,15.0,0.3946,0.1597,0.1387,0.0524,0.1394,True,classificada — no sinal operável
TTWO_2023Q1,TTWO,2022-08-08,4.0,15.0,0.3037,-0.0445,0.4886,-0.0047,-0.1042,True,classificada — no sinal operável
TTWO_2023Q2,TTWO,2022-11-07,4.0,15.0,0.2594,-0.0715,0.4133,0.0826,0.2018,True,classificada — no sinal operável
TTWO_2023Q3,TTWO,2023-02-06,4.0,13.0,0.3161,0.0037,0.423,0.088,0.1758,True,classificada — no sinal operável
TTWO_2023Q4,TTWO,2023-05-17,4.0,13.0,0.2377,-0.0447,0.4918,0.0019,-0.0022,True,classificada — no sinal operável
TTWO_2024Q1,TTWO,2023-08-08,4.0,12.0,0.3036,-0.0605,0.5905,0.0159,-0.0402,True,classificada — no sinal operável
TTWO_2024Q2,TTWO,2023-11-08,4.0,10.0,0.2928,-0.0462,0.5563,0.045,0.0423,True,classificada — no sinal operável
TTWO_2024Q3,TTWO,2024-02-08,4.0,13.0,0.2801,-0.0406,0.4971,-0.0582,-0.0595,True,classificada — no sinal operável
TTWO_2024Q4,TTWO,2024-05-16,4.0,14.0,0.3206,-0.0595,0.6659,0.038,-0.0112,True,classificada — no sinal operável
TTWO_2025Q1,TTWO,2024-08-08,7.0,11.0,0.3842,0.0843,0.4078,0.0998,0.1722,True,classificada — no sinal operável
TTWO_2025Q2,TTWO,2024-11-06,,,,,0.6054,0.0903,0.2213,False,sem distância de tom: <2 gestores identificados ou Q&A não detectado
TTWO_2025Q3,TTWO,2025-02-06,5.0,10.0,0.3542,-0.0154,0.5266,0.0198,0.1386,True,classificada — no sinal operável
TTWO_2025Q4,TTWO,2025-05-15,4.0,11.0,0.3034,0.0068,0.607,0.0085,-0.0186,True,classificada — no sinal operável
TWTR_2018Q1,TWTR,2018-04-25,18.0,,0.3107,,0.6323,,,False,"distância de tom OK, mas sem pregão de decisão (call não alinhada a preços)"
TWTR_2018Q2,TWTR,2018-07-27,3.0,13.0,0.3854,,0.569,,,False,"distância de tom OK, mas sem pregão de decisão (call não alinhada a preços)"
TWTR_2018Q3,TWTR,2018-10-25,4.0,10.0,0.3298,,0.5903,,,False,"distância de tom OK, mas sem pregão de decisão (call não alinhada a preços)"
TWTR_2018Q4,TWTR,2019-02-07,2.0,12.0,0.0992,,0.3861,,,False,"distância de tom OK, mas sem pregão de decisão (call não alinhada a preços)"
TWTR_2019Q1,TWTR,2019-04-23,3.0,9.0,0.2617,,0.4259,,,False,"distância de tom OK, mas sem pregão de decisão (call não alinhada a preços)"
TWTR_2019Q2,TWTR,2019-07-26,3.0,11.0,0.3633,,0.6553,,,False,"distância de tom OK, mas sem pregão de decisão (call não alinhada a preços)"
TWTR_2019Q3,TWTR,2019-10-24,3.0,9.0,0.2946,,0.3907,,,False,"distância de tom OK, mas sem pregão de decisão (call não alinhada a preços)"
TWTR_2019Q4,TWTR,2020-02-06,3.0,10.0,0.3112,,0.5269,,,False,"distância de tom OK, mas sem pregão de decisão (call não alinhada a preços)"
TWTR_2020Q1,TWTR,2020-04-30,3.0,10.0,0.2591,,0.3628,,,False,"distância de tom OK, mas sem pregão de decisão (call não alinhada a preços)"
TWTR_2020Q2,TWTR,2020-07-23,3.0,9.0,0.3089,,0.5378,,,False,"distância de tom OK, mas sem pregão de decisão (call não alinhada a preços)"
TWTR_2020Q3,TWTR,2020-10-29,3.0,10.0,0.324,,0.4144,,,False,"distância de tom OK, mas sem pregão de decisão (call não alinhada a preços)"
TWTR_2020Q4,TWTR,2021-02-10,3.0,9.0,0.4035,,0.7078,,,False,"distância de tom OK, mas sem pregão de decisão (call não alinhada a preços)"
TWTR_2021Q1,TWTR,2021-04-29,3.0,10.0,0.32,,0.5418,,,False,"distância de tom OK, mas sem pregão de decisão (call não alinhada a preços)"
TWTR_2021Q2,TWTR,2021-07-23,3.0,11.0,0.2607,,0.455,,,False,"distância de tom OK, mas sem pregão de decisão (call não alinhada a preços)"
TWTR_2021Q3,TWTR,2021-10-26,3.0,9.0,0.2027,,0.3726,,,False,"distância de tom OK, mas sem pregão de decisão (call não alinhada a preços)"
TWTR_2021Q4,TWTR,2022-02-10,3.0,10.0,0.3567,,0.6328,,,False,"distância de tom OK, mas sem pregão de decisão (call não alinhada a preços)"
TXN_2005Q4,TXN,2006-01-24,5.0,16.0,0.2975,,0.3152,-0.0261,0.1582,False,"distância de tom OK, mas histórico curto para residualizar (<250 calls anteriores)"
TXN_2006Q1,TXN,2006-04-19,5.0,20.0,0.3268,,0.3867,-0.07,-0.1869,False,"distância de tom OK, mas histórico curto para residualizar (<250 calls anteriores)"
TXN_2006Q2,TXN,2006-07-24,3.0,18.0,0.221,,0.3056,0.136,0.0968,False,"distância de tom OK, mas histórico curto para residualizar (<250 calls anteriores)"
TXN_2006Q3,TXN,2006-10-23,3.0,16.0,0.2318,,0.1562,-0.0628,-0.0375,False,"distância de tom OK, mas histórico curto para residualizar (<250 calls anteriores)"
TXN_2006Q4,TXN,2007-01-22,5.0,15.0,0.2374,,0.0574,0.0413,0.0894,False,"distância de tom OK, mas histórico curto para residualizar (<250 calls anteriores)"
TXN_2007Q1,TXN,2007-04-23,3.0,17.0,0.2817,,0.4347,0.0028,0.0788,False,"distância de tom OK, mas histórico curto para residualizar (<250 calls anteriores)"
TXN_2007Q2,TXN,2007-07-23,3.0,16.0,0.2538,,0.3441,-0.075,-0.0684,False,"distância de tom OK, mas histórico curto para residualizar (<250 calls anteriores)"
TXN_2007Q3,TXN,2007-10-22,4.0,23.0,0.1796,,0.2926,-0.0239,-0.0448,False,"distância de tom OK, mas histórico curto para residualizar (<250 calls anteriores)"
TXN_2007Q4,TXN,2008-01-22,4.0,17.0,0.2976,,0.2608,0.0543,0.0142,False,"distância de tom OK, mas histórico curto para residualizar (<250 calls anteriores)"
TXN_2008Q1,TXN,2008-04-21,3.0,17.0,0.2024,-0.0423,0.1141,0.0917,-0.0328,True,classificada — no sinal operável
TXN_2008Q2,TXN,2008-07-22,3.0,20.0,0.2172,-0.0057,-0.1271,-0.0003,-0.2633,True,classificada — no sinal operável
TXN_2008Q3,TXN,2008-10-21,5.0,17.0,0.2341,0.0073,0.0216,-0.1195,-0.1358,True,classificada — no sinal operável
TXN_2008Q4,TXN,2009-01-26,3.0,18.0,0.2057,-0.013,-0.0671,-0.0146,0.1208,True,classificada — no sinal operável
TXN_2009Q1,TXN,2009-04-20,3.0,19.0,0.2611,0.0434,0.0683,0.0309,0.3462,True,classificada — no sinal operável
TXN_2009Q2,TXN,2009-07-20,3.0,16.0,0.1961,-0.0333,0.249,0.0341,-0.0132,True,classificada — no sinal operável
TXN_2009Q3,TXN,2009-10-19,3.0,15.0,0.2488,-0.0244,0.3883,0.0784,0.0234,True,classificada — no sinal operável
TXN_2009Q4,TXN,2010-01-26,3.0,15.0,0.258,0.0226,0.3943,0.0546,0.1415,True,classificada — no sinal operável
TXN_2010Q1,TXN,2010-04-27,3.0,16.0,0.2272,-0.0562,0.3724,-0.0976,-0.0437,True,classificada — no sinal operável
TXN_2010Q2,TXN,2010-07-20,3.0,17.0,0.2207,-0.0432,0.3759,0.0104,0.1503,True,classificada — no sinal operável
TXN_2010Q3,TXN,2010-10-26,3.0,14.0,0.2217,-0.0507,0.2767,0.1416,0.2036,True,classificada — no sinal operável
TXN_2010Q4,TXN,2011-01-24,,,,,0.2458,0.036,0.0366,False,sem distância de tom: <2 gestores identificados ou Q&A não detectado
TXN_2011Q1,TXN,2011-04-19,3.0,16.0,0.2526,-0.0167,0.3867,0.0042,-0.1035,True,classificada — no sinal operável
TXN_2011Q2,TXN,2011-07-25,,,,,0.2666,-0.1634,-0.0289,False,sem distância de tom: <2 gestores identificados ou Q&A não detectado
TXN_2011Q3,TXN,2011-10-24,,,,,-0.007,-0.0709,0.0622,False,sem distância de tom: <2 gestores identificados ou Q&A não detectado
TXN_2011Q4,TXN,2011-12-08,,,,,-0.3396,0.0761,0.1256,False,sem distância de tom: <2 gestores identificados ou Q&A não detectado
TXN_2012Q1,TXN,2012-04-23,,,,,0.3035,-0.0976,-0.1757,False,sem distância de tom: <2 gestores identificados ou Q&A não detectado
TXN_2012Q2,TXN,2012-07-23,5.0,15.0,0.1821,-0.0653,0.0827,0.1256,0.0561,True,classificada — no sinal operável
TXN_2012Q3,TXN,2012-10-22,4.0,13.0,0.2319,0.0338,-0.0357,0.0902,0.2085,True,classificada — no sinal operável
TXN_2012Q4,TXN,2013-01-22,13.0,2.0,0.1849,0.103,-0.0797,-0.0169,0.0806,True,classificada — no sinal operável
TXN_2013Q1,TXN,2013-04-22,3.0,11.0,0.2133,-0.0141,0.1851,0.0443,0.0677,True,classificada — no sinal operável
TXN_2013Q2,TXN,2013-07-22,,,,,0.3976,0.0098,0.0609,False,sem distância de tom: <2 gestores identificados ou Q&A não detectado
TXN_2013Q3,TXN,2013-10-21,,,,,0.2482,0.0568,0.1184,False,sem distância de tom: <2 gestores identificados ou Q&A não detectado
TXN_2013Q4,TXN,2014-01-21,11.0,3.0,0.2912,0.1093,0.2936,0.0186,0.0736,True,classificada — no sinal operável
TXN_2014Q1,TXN,2014-04-24,,,,,0.4276,-0.03,0.0038,False,sem distância de tom: <2 gestores identificados ou Q&A não detectado
TXN_2014Q2,TXN,2014-07-22,12.0,11.0,0.2299,-0.0869,0.4165,-0.021,-0.092,True,classificada — no sinal operável
TXN_2014Q3,TXN,2014-10-20,3.0,15.0,0.2215,-0.0581,0.3459,0.1464,0.2003,True,classificada — no sinal operável
TXN_2014Q4,TXN,2015-01-26,3.0,13.0,0.3221,-0.0008,0.5605,0.0906,0.0252,True,classificada — no sinal operável
TXN_2015Q1,TXN,2015-04-22,3.0,12.0,0.2645,-0.0142,0.0094,0.0284,-0.0865,True,classificada — no sinal operável
TXN_2015Q2,TXN,2015-07-22,6.0,8.0,0.3504,0.0968,0.1243,-0.0418,0.0592,True,classificada — no sinal operável
TXN_2015Q3,TXN,2015-10-21,4.0,11.0,0.3066,0.0522,0.3929,0.0397,-0.0975,True,classificada — no sinal operável
TXN_2015Q4,TXN,2016-01-27,6.0,7.0,0.4721,0.2752,0.3273,0.0517,0.1823,True,classificada — no sinal operável
TXN_2016Q1,TXN,2016-04-28,4.0,12.0,0.2781,0.0327,0.4745,0.0574,0.2235,True,classificada — no sinal operável
TXN_2016Q2,TXN,2016-07-25,5.0,11.0,0.216,0.0097,0.3349,-0.0042,-0.0043,True,classificada — no sinal operável
TXN_2016Q3,TXN,2016-10-26,5.0,11.0,0.3402,0.0012,0.4821,0.0501,0.1078,True,classificada — no sinal operável
TXN_2016Q4,TXN,2017-01-24,,,,,0.5459,-0.0012,0.0664,False,sem distância de tom: <2 gestores identificados ou Q&A não detectado
TXN_2017Q1,TXN,2017-04-26,3.0,11.0,0.317,0.0146,0.5888,0.0005,0.022,True,classificada — no sinal operável
TXN_2017Q2,TXN,2017-07-25,3.0,9.0,0.3206,0.0448,0.5837,-0.0195,0.1662,True,classificada — no sinal operável
TXN_2017Q3,TXN,2017-10-24,,,,,0.6069,0.039,0.1669,False,sem distância de tom: <2 gestores identificados ou Q&A não detectado
TXN_2017Q4,TXN,2018-01-23,3.0,8.0,0.2647,-0.0462,0.4929,-0.0597,-0.1095,True,classificada — no sinal operável
TXN_2018Q1,TXN,2018-04-24,4.0,8.0,0.2848,-0.125,0.5924,0.1013,0.1284,True,classificada — no sinal operável
TXN_2018Q2,TXN,2018-07-24,3.0,8.0,0.2944,-0.0194,0.4944,-0.0052,-0.1158,True,classificada — no sinal operável
TXN_2018Q3,TXN,2018-10-23,3.0,8.0,0.2055,-0.1157,0.2603,0.0398,0.1293,True,classificada — no sinal operável
TXN_2018Q4,TXN,2019-01-23,2.0,5.0,0.2019,-0.0973,0.2358,0.1038,0.2182,True,classificada — no sinal operável
TXN_2019Q1,TXN,2019-04-23,7.0,2.0,0.2918,-0.1556,0.2466,-0.0654,0.051,True,classificada — no sinal operável
TXN_2019Q2,TXN,2019-07-23,2.0,8.0,0.2446,-0.0206,0.2991,0.0023,0.0412,True,classificada — no sinal operável
TXN_2019Q3,TXN,2019-10-22,2.0,8.0,0.1319,-0.1858,0.091,0.0026,0.1581,True,classificada — no sinal operável
TXN_2019Q4,TXN,2020-01-22,2.0,7.0,0.2003,-0.0577,0.1922,-0.015,-0.1418,True,classificada — no sinal operável
TXN_2020Q1,TXN,2020-04-22,3.0,12.0,0.1159,-0.1481,0.2762,0.0233,0.1953,True,classificada — no sinal operável
TXN_2020Q2,TXN,2020-07-21,2.0,7.0,0.076,-0.2012,0.4055,0.0359,0.1278,True,classificada — no sinal operável
TXN_2020Q3,TXN,2020-10-20,3.0,8.0,0.1897,-0.1532,0.3536,0.0372,0.1828,True,classificada — no sinal operável
TXN_2020Q4,TXN,2021-01-26,,,,,0.4984,0.0307,0.1497,False,sem distância de tom: <2 gestores identificados ou Q&A não detectado
TXN_2021Q1,TXN,2021-04-27,4.0,6.0,0.2961,-0.0505,0.5767,0.0427,0.0306,True,classificada — no sinal operável
TXN_2021Q2,TXN,2021-07-21,,,,,0.4198,0.0018,0.0732,False,sem distância de tom: <2 gestores identificados ou Q&A não detectado
TXN_2021Q3,TXN,2021-10-26,9.0,2.0,0.2597,-0.095,0.2337,0.0493,-0.0335,True,classificada — no sinal operável
TXN_2021Q4,TXN,2022-01-25,2.0,7.0,0.0156,-0.3464,0.6628,-0.0634,-0.0698,True,classificada — no sinal operável
TXN_2022Q1,TXN,2022-04-26,3.0,8.0,0.2603,-0.0868,0.207,0.0661,0.0757,True,classificada — no sinal operável
TXN_2022Q2,TXN,2022-07-26,3.0,8.0,0.3299,0.0589,0.2865,0.0392,-0.0244,True,classificada — no sinal operável
TXN_2022Q3,TXN,2022-10-25,2.0,9.0,0.0948,-0.1926,0.1965,0.1825,0.1502,True,classificada — no sinal operável
TXN_2022Q4,TXN,2023-01-24,,,,,0.2036,-0.0203,-0.0342,False,sem distância de tom: <2 gestores identificados ou Q&A não detectado
TXN_2023Q1,TXN,2023-04-25,2.0,8.0,0.1898,-0.0852,0.1734,-0.0153,0.0373,True,classificada — no sinal operável
TXN_2023Q2,TXN,2023-07-25,2.0,8.0,0.0869,-0.1801,0.1076,-0.0332,-0.167,True,classificada — no sinal operável
TXN_2023Q3,TXN,2023-10-24,2.0,10.0,0.0758,-0.1944,0.022,0.0984,0.1947,True,classificada — no sinal operável
TXN_2023Q4,TXN,2024-01-23,2.0,10.0,0.179,-0.1075,0.118,-0.0266,-0.0264,True,classificada — no sinal operável
TXN_2024Q1,TXN,2024-04-23,2.0,9.0,0.1511,-0.091,0.2042,0.1446,0.1205,True,classificada — no sinal operável
TXN_2024Q2,TXN,2024-07-23,3.0,9.0,0.2698,-0.0374,0.4721,0.0163,-0.0451,True,classificada — no sinal operável
TXN_2024Q3,TXN,2024-10-22,3.0,9.0,0.2855,0.0241,0.2504,-0.0077,-0.0711,True,classificada — no sinal operável
TXN_2024Q4,TXN,2025-01-23,3.0,8.0,0.2254,-0.0187,0.2222,0.0643,-0.1404,True,classificada — no sinal operável
TXN_2025Q1,TXN,2025-04-23,2.0,8.0,0.2255,0.0385,0.1167,0.104,0.1375,True,classificada — no sinal operável
TYL_2020Q1,TYL,2020-04-30,3.0,9.0,0.1508,-0.1218,0.2318,0.1819,0.1008,True,classificada — no sinal operável
TYL_2020Q2,TYL,2020-08-01,2.0,9.0,0.0368,-0.1986,0.2522,-0.0354,0.0857,True,classificada — no sinal operável
TYL_2020Q3,TYL,2020-11-05,3.0,11.0,0.2848,0.0126,0.3946,0.0131,0.0172,True,classificada — no sinal operável
TYL_2020Q4,TYL,2021-02-11,2.0,8.0,0.0394,-0.2526,0.4571,-0.0861,-0.1673,True,classificada — no sinal operável
TYL_2021Q1,TYL,2021-04-29,2.0,10.0,0.1012,-0.2078,0.3833,-0.0538,0.1532,True,classificada — no sinal operável
TYL_2021Q2,TYL,2021-07-29,2.0,9.0,0.0695,-0.1927,0.3881,-0.0295,0.0707,True,classificada — no sinal operável
TYL_2021Q3,TYL,2021-10-28,2.0,9.0,0.0507,-0.1743,0.2816,-0.0307,-0.1623,True,classificada — no sinal operável
TYL_2021Q4,TYL,2022-02-17,2.0,7.0,0.0447,-0.1264,0.4491,0.0223,-0.2013,True,classificada — no sinal operável
TYL_2022Q1,TYL,2022-04-28,2.0,12.0,0.08,-0.188,0.4423,-0.0944,-0.0032,True,classificada — no sinal operável
TYL_2022Q2,TYL,2022-07-28,2.0,13.0,0.0302,-0.2294,0.3967,-0.05,-0.1375,True,classificada — no sinal operável
TYL_2022Q3,TYL,2022-10-27,2.0,12.0,0.1619,-0.0608,0.271,-0.0162,-0.0444,True,classificada — no sinal operável
TYL_2022Q4,TYL,2023-02-16,3.0,12.0,0.228,-0.0244,0.3243,-0.0271,0.189,True,classificada — no sinal operável
TYL_2023Q1,TYL,2023-04-27,3.0,16.0,0.2549,0.0142,0.4415,0.0316,0.0239,True,classificada — no sinal operável
TYL_2023Q2,TYL,2023-07-27,3.0,12.0,0.2862,-0.0083,0.4934,-0.0263,-0.0575,True,classificada — no sinal operável
TYL_2023Q3,TYL,2023-11-02,3.0,13.0,0.3219,0.026,0.5468,0.0115,0.0469,True,classificada — no sinal operável
TYL_2023Q4,TYL,2024-02-15,3.0,15.0,0.2342,-0.0367,0.4208,-0.0604,0.1013,True,classificada — no sinal operável
TYL_2024Q1,TYL,2024-04-25,3.0,16.0,0.2879,0.0084,0.4408,0.072,0.2868,True,classificada — no sinal operável
TYL_2024Q2,TYL,2024-07-25,3.0,15.0,0.3379,-0.0131,0.6506,0.0014,0.0198,True,classificada — no sinal operável
TYL_2024Q3,TYL,2024-10-24,3.0,16.0,0.3134,0.0092,0.4831,-0.0072,0.0104,True,classificada — no sinal operável
TYL_2024Q4,TYL,2025-02-13,3.0,14.0,0.2543,0.0036,0.5129,-0.1146,-0.1174,True,classificada — no sinal operável
TYL_2025Q1,TYL,2025-04-24,3.0,13.0,0.2372,-0.0282,0.3311,0.067,0.0489,True,classificada — no sinal operável
UBER_2020Q1,UBER,2020-05-07,3.0,13.0,0.362,0.0095,0.6319,0.1378,0.0651,True,classificada — no sinal operável
UBER_2020Q2,UBER,2020-08-07,3.0,7.0,0.3511,0.0069,0.5788,0.0387,0.27,True,classificada — no sinal operável
UBER_2020Q3,UBER,2020-11-05,4.0,9.0,0.3708,0.0421,0.5667,0.2782,0.4086,True,classificada — no sinal operável
UBER_2020Q4,UBER,2021-02-10,3.0,11.0,0.3167,-0.0209,0.5689,-0.0458,-0.3074,True,classificada — no sinal operável
UBER_2021Q1,UBER,2021-05-05,3.0,12.0,0.2898,-0.0161,0.5287,0.037,-0.136,True,classificada — no sinal operável
UBER_2021Q2,UBER,2021-08-04,3.0,16.0,0.3869,0.014,0.6822,0.0222,0.059,True,classificada — no sinal operável
UBER_2021Q3,UBER,2021-11-04,3.0,9.0,0.3893,0.0099,0.6823,-0.1897,-0.22,True,classificada — no sinal operável
UBER_2021Q4,UBER,2022-02-09,3.0,12.0,0.3843,0.0053,0.7285,-0.2498,-0.4495,True,classificada — no sinal operável
UBER_2022Q1,UBER,2022-05-04,2.0,11.0,0.4216,0.1545,0.7078,-0.0974,0.1014,True,classificada — no sinal operável
UBER_2022Q2,UBER,2022-08-02,2.0,11.0,0.4577,0.2223,0.7216,0.0077,-0.0347,True,classificada — no sinal operável
UBER_2022Q3,UBER,2022-11-01,2.0,12.0,0.3969,0.1891,0.6376,-0.0309,0.0472,True,classificada — no sinal operável
UBER_2022Q4,UBER,2023-02-08,2.0,12.0,0.3964,0.1758,0.6023,-0.1365,0.0203,True,classificada — no sinal operável
UBER_2023Q1,UBER,2023-05-02,2.0,11.0,0.4436,0.1907,0.6925,0.0471,0.2778,True,classificada — no sinal operável
UBER_2023Q2,UBER,2023-08-01,2.0,10.0,0.3488,0.0934,0.5732,-0.0682,-0.1529,True,classificada — no sinal operável
UBER_2023Q3,UBER,2023-11-07,2.0,10.0,0.349,0.1316,0.5822,0.2713,0.5032,True,classificada — no sinal operável
UBER_2023Q4,UBER,2024-02-07,3.0,8.0,0.3491,0.0506,0.6469,0.1748,0.0419,True,classificada — no sinal operável
UBER_2024Q1,UBER,2024-05-08,4.0,7.0,0.3098,-0.0229,0.4906,0.0682,0.0161,True,classificada — no sinal operável
UBER_2024Q2,UBER,2024-08-06,2.0,9.0,0.3362,0.1354,0.6033,0.144,0.1711,True,classificada — no sinal operável
UBER_2024Q3,UBER,2024-10-31,3.0,9.0,0.3171,0.0124,0.6329,-0.0341,-0.0968,True,classificada — no sinal operável
UBER_2024Q4,UBER,2025-02-05,2.0,7.0,0.3903,0.1613,0.4885,0.1272,0.2907,True,classificada — no sinal operável
UBER_2025Q1,UBER,2025-05-07,2.0,11.0,0.3625,0.1492,0.6268,0.0185,0.0733,True,classificada — no sinal operável
UIS_2007Q2,UIS,2007-07-24,10.0,,0.4065,,0.4791,-0.1445,-0.1513,False,"distância de tom OK, mas confundidor ausente (analyst_tone, analyst_tone_distance)"
UIS_2007Q3,UIS,2007-10-23,4.0,6.0,0.2895,,0.4341,-0.1793,-0.4424,False,"distância de tom OK, mas histórico curto para residualizar (<250 calls anteriores)"
UIS_2007Q4,UIS,2008-01-29,4.0,5.0,0.3751,,0.639,0.0675,0.1875,False,"distância de tom OK, mas histórico curto para residualizar (<250 calls anteriores)"
UIS_2008Q1,UIS,2008-04-30,4.0,3.0,0.2944,0.001,0.3653,0.1906,-0.1365,True,classificada — no sinal operável
UIS_2008Q2,UIS,2008-07-23,4.0,3.0,0.3615,0.0657,0.4163,0.0458,-0.5768,True,classificada — no sinal operável
UIS_2008Q3,UIS,2008-10-30,4.0,2.0,0.3872,0.0147,0.1773,-0.6577,-0.4698,True,classificada — no sinal operável
UIS_2008Q4,UIS,2009-02-10,3.0,3.0,0.3811,0.0837,0.3846,-0.5143,1.0,True,classificada — no sinal operável
V_2009Q1,V,2009-02-05,2.0,16.0,0.0001,-0.1779,0.2039,-0.0751,0.217,True,classificada — no sinal operável
V_2009Q2,V,2009-04-29,2.0,14.0,0.0,-0.1774,0.4083,0.0574,0.0428,True,classificada — no sinal operável
V_2009Q3,V,2009-07-29,5.0,10.0,0.3703,0.0411,0.5659,0.0314,0.0934,True,classificada — no sinal operável
V_2009Q4,V,2009-10-27,5.0,11.0,0.3307,0.0354,0.5572,0.0931,0.1046,True,classificada — no sinal operável
V_2010Q1,V,2010-02-03,1.0,19.0,,,0.4803,0.0398,0.0154,False,sem distância de tom: <2 gestores identificados ou Q&A não detectado
V_2010Q2,V,2010-04-29,2.0,21.0,0.0,-0.1776,0.5417,-0.222,-0.2272,True,classificada — no sinal operável
V_2010Q3,V,2010-07-29,5.0,20.0,0.3036,-0.0034,0.4402,-0.0051,0.1182,True,classificada — no sinal operável
V_2010Q4,V,2010-10-28,4.0,17.0,0.313,-0.0104,0.424,-0.027,-0.089,True,classificada — no sinal operável
V_2011Q1,V,2011-02-02,5.0,14.0,0.3265,-0.009,0.5559,0.0434,0.1143,True,classificada — no sinal operável
V_2011Q2,V,2011-05-05,5.0,18.0,0.3394,0.0076,0.5281,-0.002,0.0847,True,classificada — no sinal operável
V_2011Q3,V,2011-07-27,5.0,12.0,0.3769,0.0391,0.6091,-0.0439,0.0307,True,classificada — no sinal operável
V_2011Q4,V,2011-10-26,5.0,13.0,0.3644,0.0177,0.6214,-0.0195,0.113,True,classificada — no sinal operável
V_2012Q1,V,2012-02-08,5.0,11.0,0.3845,0.0192,0.6776,0.0383,0.0405,True,classificada — no sinal operável
V_2012Q2,V,2012-05-02,5.0,14.0,0.3882,0.0256,0.5643,-0.0783,0.0466,True,classificada — no sinal operável
V_2012Q3,V,2012-07-25,5.0,15.0,0.3443,0.033,0.539,0.0192,0.0952,True,classificada — no sinal operável
V_2012Q4,V,2012-10-31,5.0,13.0,0.3422,-0.0124,0.5228,0.0656,0.1286,True,classificada — no sinal operável
V_2013Q1,V,2013-02-06,2.0,15.0,0.0001,-0.1928,0.3747,0.0128,0.1299,True,classificada — no sinal operável
V_2013Q2,V,2013-05-01,2.0,17.0,0.0,-0.1843,0.3394,0.0498,0.0431,True,classificada — no sinal operável
V_2013Q3,V,2013-07-24,2.0,18.0,0.0,-0.1772,0.3758,-0.0615,0.0489,True,classificada — no sinal operável
V_2013Q4,V,2013-10-30,2.0,15.0,0.0002,-0.1812,0.3389,0.0346,0.0955,True,classificada — no sinal operável
V_2014Q1,V,2014-01-30,5.0,15.0,0.2184,-0.0511,0.3242,0.0264,-0.0447,True,classificada — no sinal operável
V_2014Q2,V,2014-04-24,1.0,29.0,,,0.2314,0.0624,0.1158,False,sem distância de tom: <2 gestores identificados ou Q&A não detectado
V_2014Q3,V,2014-07-24,,15.0,,,0.2851,0.0112,-0.013,False,sem distância de tom: <2 gestores identificados ou Q&A não detectado
V_2014Q4,V,2014-10-29,1.0,14.0,,,0.4516,0.132,0.1176,False,sem distância de tom: <2 gestores identificados ou Q&A não detectado
V_2015Q1,V,2015-01-29,1.0,19.0,,,0.3186,0.0706,0.0164,False,sem distância de tom: <2 gestores identificados ou Q&A não detectado
V_2015Q2,V,2015-04-30,4.0,12.0,0.315,-0.0083,0.5054,0.0615,0.1732,True,classificada — no sinal operável
V_2015Q3,V,2015-07-24,1.0,20.0,,,0.4423,-0.0782,0.0305,False,sem distância de tom: <2 gestores identificados ou Q&A não detectado
V_2015Q4,V,2015-11-02,2.0,21.0,0.0002,-0.1704,0.3942,0.0647,-0.0221,True,classificada — no sinal operável
V_2016Q1,V,2016-01-28,1.0,16.0,,,0.3099,0.0299,0.1051,False,sem distância de tom: <2 gestores identificados ou Q&A não detectado
V_2016Q2,V,2016-04-21,2.0,18.0,0.0001,-0.151,0.3103,-0.0025,0.0119,True,classificada — no sinal operável
V_2016Q3,V,2016-07-21,2.0,17.0,0.0002,-0.1556,0.3498,0.0079,0.0372,True,classificada — no sinal operável
V_2016Q4,V,2016-10-24,2.0,18.0,0.0002,-0.15,0.3094,-0.0369,0.0109,True,classificada — no sinal operável
V_2017Q1,V,2017-02-02,2.0,20.0,0.0001,-0.1413,0.5642,0.0393,0.0823,True,classificada — no sinal operável
V_2017Q2,V,2017-04-20,2.0,16.0,0.0,-0.1408,0.4366,-0.0014,0.0594,True,classificada — no sinal operável
V_2017Q3,V,2017-07-20,2.0,16.0,0.0,-0.1379,0.5268,0.0309,0.0841,True,classificada — no sinal operável
V_2017Q4,V,2017-10-25,2.0,12.0,0.0006,-0.1344,0.5747,0.0147,0.1465,True,classificada — no sinal operável
V_2018Q1,V,2018-02-02,1.0,9.0,,,0.5603,0.0217,0.0816,False,sem distância de tom: <2 gestores identificados ou Q&A não detectado
V_2018Q2,V,2018-04-25,2.0,14.0,0.0001,-0.1335,0.684,0.0556,0.1417,True,classificada — no sinal operável
V_2018Q3,V,2018-07-25,2.0,13.0,0.0003,-0.1226,0.6954,0.005,-0.0161,True,classificada — no sinal operável
V_2018Q4,V,2018-10-24,2.0,12.0,0.0002,-0.123,0.677,-0.0173,0.0058,True,classificada — no sinal operável
V_2019Q1,V,2019-01-30,3.0,13.0,0.2692,-0.0304,0.4316,0.1142,0.2134,True,classificada — no sinal operável
V_2019Q2,V,2019-04-24,3.0,9.0,0.2424,-0.0905,0.641,0.0077,0.1439,True,classificada — no sinal operável
V_2019Q3,V,2019-07-23,3.0,11.0,0.2611,-0.0487,0.5724,0.0023,-0.0227,True,classificada — no sinal operável
V_2019Q4,V,2019-10-25,3.0,11.0,0.2485,-0.1034,0.6225,0.0131,0.1356,True,classificada — no sinal operável
V_2020Q1,V,2020-01-30,3.0,13.0,0.2314,-0.0372,0.3933,-0.0441,-0.1117,True,classificada — no sinal operável
V_2020Q2,V,2020-04-30,3.0,9.0,0.2819,-0.0174,0.5151,0.1159,0.1143,True,classificada — no sinal operável
V_2020Q3,V,2020-07-28,3.0,9.0,0.2556,-0.123,0.5201,0.0906,0.0014,True,classificada — no sinal operável
V_2020Q4,V,2020-10-29,3.0,10.0,0.284,-0.0333,0.6104,0.1533,0.0876,True,classificada — no sinal operável
V_2021Q1,V,2021-01-28,3.0,9.0,0.2399,-0.0511,0.508,0.0968,0.1992,True,classificada — no sinal operável
V_2021Q2,V,2021-04-28,3.0,10.0,0.3362,-0.002,0.6676,-0.0342,0.0513,True,classificada — no sinal operável
V_2021Q3,V,2021-07-27,5.0,9.0,0.3298,-0.0162,0.6569,-0.0686,-0.0634,True,classificada — no sinal operável
V_2021Q4,V,2021-10-26,,,,,0.725,-0.0941,-0.0824,False,sem distância de tom: <2 gestores identificados ou Q&A não detectado
V_2022Q1,V,2022-01-27,4.0,10.0,0.2964,-0.0136,0.7348,-0.0189,0.0017,True,classificada — no sinal operável
V_2022Q2,V,2022-04-26,3.0,11.0,0.2746,-0.0529,0.7041,-0.0605,-0.0299,True,classificada — no sinal operável
V_2022Q3,V,2022-07-26,3.0,12.0,0.3272,-0.0539,0.7478,-0.0177,-0.0936,True,classificada — no sinal operável
V_2022Q4,V,2022-10-25,3.0,8.0,0.2576,-0.0992,0.6331,0.0795,0.1457,True,classificada — no sinal operável
V_2023Q1,V,2023-01-26,3.0,12.0,0.2684,-0.036,0.6364,-0.0317,0.0064,True,classificada — no sinal operável
V_2023Q2,V,2023-04-25,3.0,11.0,0.2923,-0.0303,0.6897,-0.0369,0.0274,True,classificada — no sinal operável
V_2023Q3,V,2023-07-25,3.0,14.0,0.2908,-0.0472,0.6559,0.049,0.0024,True,classificada — no sinal operável
V_2023Q4,V,2023-10-24,3.0,13.0,0.3211,-0.0386,0.7375,0.0948,0.1763,True,classificada — no sinal operável
V_2024Q1,V,2024-01-25,3.0,12.0,0.2696,-0.0531,0.555,0.0705,0.0366,True,classificada — no sinal operável
V_2024Q2,V,2024-04-23,13.0,7.0,0.3046,-0.0803,0.7201,-0.0229,-0.0988,True,classificada — no sinal operável
V_2024Q3,V,2024-07-23,3.0,14.0,0.2669,-0.0546,0.6287,0.0495,0.1224,True,classificada — no sinal operável
V_2024Q4,V,2024-10-29,3.0,14.0,0.2933,-0.0381,0.694,0.0785,0.1714,True,classificada — no sinal operável
V_2025Q1,V,2025-01-30,,,,,0.7369,0.0461,-0.0099,False,sem distância de tom: <2 gestores identificados ou Q&A não detectado
V_2025Q2,V,2025-04-29,3.0,13.0,0.2435,-0.0829,0.5646,0.0854,0.051,True,classificada — no sinal operável
VIAV_2007Q2,VIAV,2007-01-31,1.0,15.0,,,0.6642,-0.114,-0.037,False,sem distância de tom: <2 gestores identificados ou Q&A não detectado
VIAV_2007Q4,VIAV,2007-08-22,4.0,7.0,0.4145,,0.634,-0.0382,-0.1085,False,"distância de tom OK, mas histórico curto para residualizar (<250 calls anteriores)"
VIAV_2008Q1,VIAV,2007-10-31,4.0,7.0,0.3705,,0.5805,-0.0948,-0.2872,False,"distância de tom OK, mas histórico curto para residualizar (<250 calls anteriores)"
VIAV_2008Q2,VIAV,2008-02-06,1.0,10.0,,,0.6878,-0.0032,-0.09,False,sem distância de tom: <2 gestores identificados ou Q&A não detectado
VIAV_2008Q3,VIAV,2008-05-01,1.0,14.0,,,0.5396,0.01,-0.0876,False,sem distância de tom: <2 gestores identificados ou Q&A não detectado
VIAV_2008Q4,VIAV,2008-08-20,4.0,10.0,0.4179,0.0426,0.6434,-0.1032,-0.7167,True,classificada — no sinal operável
VIAV_2009Q1,VIAV,2008-10-29,1.0,10.0,,,0.7177,-0.5334,-0.3774,False,sem distância de tom: <2 gestores identificados ou Q&A não detectado
VIAV_2009Q2,VIAV,2009-02-05,2.0,8.0,0.0001,-0.1866,0.3708,-0.4215,0.2801,True,classificada — no sinal operável
VIAV_2009Q3,VIAV,2009-04-29,2.0,10.0,0.0001,-0.1915,0.4504,0.0694,0.1349,True,classificada — no sinal operável
VIAV_2009Q4,VIAV,2009-08-19,2.0,9.0,0.0,-0.1906,0.5985,0.3182,0.3514,True,classificada — no sinal operável
VIAV_2010Q1,VIAV,2009-11-05,5.0,6.0,0.416,0.045,0.6895,0.2238,0.2723,True,classificada — no sinal operável
VIAV_2010Q2,VIAV,2010-02-02,2.0,12.0,0.0,-0.1831,0.5327,0.2957,0.5514,True,classificada — no sinal operável
VIAV_2011Q2,VIAV,2011-02-04,3.0,9.0,0.2741,-0.0351,0.5179,0.1156,-0.0527,True,classificada — no sinal operável
VIAV_2011Q3,VIAV,2011-05-05,5.0,11.0,0.3566,-0.0134,0.5768,-0.1818,-0.4706,True,classificada — no sinal operável
VIAV_2011Q4,VIAV,2011-08-17,5.0,11.0,0.3784,0.0027,0.4931,0.1841,0.0688,True,classificada — no sinal operável
VIAV_2012Q1,VIAV,2011-11-01,5.0,11.0,0.3143,0.0547,0.2396,-0.1161,-0.0033,True,classificada — no sinal operável
VIAV_2012Q2,VIAV,2012-02-01,5.0,12.0,0.3551,0.0318,0.4633,-0.0118,-0.1127,True,classificada — no sinal operável
VIAV_2012Q3,VIAV,2012-05-02,5.0,11.0,0.3536,0.1169,0.414,-0.1652,-0.1583,True,classificada — no sinal operável
VIAV_2012Q4,VIAV,2012-08-14,5.0,11.0,0.3346,0.0614,0.3885,0.1435,-0.0142,True,classificada — no sinal operável
VIAV_2013Q1,VIAV,2012-10-30,5.0,12.0,0.3314,0.0865,0.4215,0.1717,0.4156,True,classificada — no sinal operável
VIAV_2013Q2,VIAV,2013-01-30,5.0,14.0,0.3983,0.1526,0.4153,-0.0014,-0.1108,True,classificada — no sinal operável
VIAV_2013Q3,VIAV,2013-05-01,5.0,13.0,0.3243,0.1045,0.277,0.0397,0.1198,True,classificada — no sinal operável
VIAV_2013Q4,VIAV,2013-08-13,5.0,14.0,0.3449,0.1038,0.4552,0.0253,-0.1484,True,classificada — no sinal operável
VNT_2020Q3,VNT,2020-11-01,3.0,5.0,0.3859,,0.7409,0.1415,0.1716,False,"distância de tom OK, mas confundidor ausente (size_proxy)"
VNT_2020Q4,VNT,2021-02-12,3.0,7.0,0.357,0.0056,0.6166,-0.0913,-0.0162,True,classificada — no sinal operável
VNT_2021Q1,VNT,2021-05-08,3.0,9.0,0.3696,0.0028,0.6322,-0.0099,-0.0376,True,classificada — no sinal operável
VNT_2021Q2,VNT,2021-08-08,3.0,8.0,0.3721,0.0288,0.6698,0.0957,-0.0217,True,classificada — no sinal operável
VNT_2021Q3,VNT,2021-11-06,3.0,7.0,0.4063,-0.0272,0.6846,-0.0549,-0.2086,True,classificada — no sinal operável
VNT_2021Q4,VNT,2022-02-17,3.0,10.0,0.3813,0.0417,0.4876,-0.1248,-0.024,True,classificada — no sinal operável
VRSN_2007Q2,VRSN,2007-07-27,,,,,0.5931,0.0782,0.151,False,sem distância de tom: <2 gestores identificados ou Q&A não detectado
VRSN_2007Q3,VRSN,2007-11-01,,,,,0.5242,0.2393,0.1008,False,sem distância de tom: <2 gestores identificados ou Q&A não detectado
VRSN_2007Q4,VRSN,2008-01-31,,,,,0.5112,0.0326,0.0909,False,sem distância de tom: <2 gestores identificados ou Q&A não detectado
VRSN_2008Q1,VRSN,2008-05-08,8.0,10.0,0.3107,0.0033,0.4598,0.0696,-0.1995,True,classificada — no sinal operável
VRSN_2008Q2,VRSN,2008-08-06,5.0,11.0,0.2822,-0.0011,0.3393,-0.0366,-0.2497,True,classificada — no sinal operável
VRSN_2008Q3,VRSN,2008-11-06,5.0,11.0,0.3477,0.0372,0.4197,0.0129,-0.0153,True,classificada — no sinal operável
VRSN_2008Q4,VRSN,2009-02-05,11.0,6.0,0.2926,0.0149,0.3432,0.0418,0.1027,True,classificada — no sinal operável
VRSN_2009Q1,VRSN,2009-05-07,,,,,0.3802,-0.1408,-0.1123,False,sem distância de tom: <2 gestores identificados ou Q&A não detectado
VRSN_2009Q2,VRSN,2009-08-06,6.0,11.0,0.3452,0.0545,0.3623,0.0475,0.159,True,classificada — no sinal operável
VRSN_2009Q4,VRSN,2010-02-02,5.0,9.0,0.3087,-0.0142,0.3624,0.2278,0.2526,True,classificada — no sinal operável
VRSN_2010Q1,VRSN,2010-04-28,5.0,11.0,0.3155,0.0281,0.4334,0.0439,0.0676,True,classificada — no sinal operável
VRSN_2010Q2,VRSN,2010-08-02,6.0,12.0,0.2542,-0.0464,0.4115,0.0272,0.227,True,classificada — no sinal operável
VRSN_2010Q3,VRSN,2010-10-28,6.0,9.0,0.1491,-0.1519,0.2581,0.0523,0.1167,True,classificada — no sinal operável
VRSN_2010Q4,VRSN,2011-01-27,9.0,6.0,0.2519,-0.0312,0.3037,0.0809,0.1406,True,classificada — no sinal operável
VRSN_2011Q1,VRSN,2011-04-28,5.0,9.0,0.3339,0.0112,0.4665,0.0262,-0.0707,True,classificada — no sinal operável
VRSN_2011Q2,VRSN,2011-07-28,6.0,8.0,0.2736,-0.0209,0.3504,-0.0383,-0.0376,True,classificada — no sinal operável
VRSN_2011Q3,VRSN,2011-10-27,15.0,,0.1959,,0.3589,-0.0089,0.139,False,"distância de tom OK, mas confundidor ausente (analyst_tone, analyst_tone_distance)"
VRSN_2011Q4,VRSN,2012-01-26,5.0,11.0,0.3368,0.0432,0.5013,0.0193,0.14,True,classificada — no sinal operável
VRSN_2012Q1,VRSN,2012-04-26,5.0,10.0,0.306,0.0597,0.4067,-0.0136,0.0565,True,classificada — no sinal operável
VRSN_2012Q2,VRSN,2012-07-26,6.0,10.0,0.2966,-0.0128,0.4293,0.1062,0.0873,True,classificada — no sinal operável
VRSN_2012Q3,VRSN,2012-10-25,6.0,9.0,0.2171,-0.0093,0.2815,0.0548,0.1369,True,classificada — no sinal operável
VRSN_2012Q4,VRSN,2013-01-24,5.0,11.0,0.2338,-0.0224,0.3192,0.0952,0.1249,True,classificada — no sinal operável
VRSN_2013Q1,VRSN,2013-04-25,6.0,5.0,0.1803,-0.01,0.1317,0.0249,-0.0069,True,classificada — no sinal operável
VRSN_2013Q2,VRSN,2013-07-25,12.0,,0.1994,,0.1874,0.06,0.1375,False,"distância de tom OK, mas confundidor ausente (analyst_tone, analyst_tone_distance)"
VRSN_2013Q3,VRSN,2013-10-24,5.0,6.0,0.2801,-0.0284,0.446,0.06,0.1097,True,classificada — no sinal operável
VRSN_2013Q4,VRSN,2014-02-06,6.0,6.0,0.1918,-0.0968,0.3067,0.0404,-0.1002,True,classificada — no sinal operável
VRSN_2014Q1,VRSN,2014-04-24,5.0,7.0,0.1209,-0.0758,0.197,0.02,0.0182,True,classificada — no sinal operável
VRSN_2014Q2,VRSN,2014-07-24,5.0,3.0,0.1195,-0.1222,0.2026,0.0724,0.0512,True,classificada — no sinal operável
VRSN_2014Q3,VRSN,2014-10-23,5.0,5.0,0.2753,-0.0152,0.3328,0.0613,-0.0112,True,classificada — no sinal operável
VRSN_2014Q4,VRSN,2015-02-05,5.0,7.0,0.1936,-0.043,0.3044,0.1008,0.0876,True,classificada — no sinal operável
VRSN_2015Q1,VRSN,2015-04-23,6.0,1.0,0.2397,,0.4588,-0.0077,0.0154,False,"distância de tom OK, mas confundidor ausente (analyst_tone_distance)"
VRSN_2015Q2,VRSN,2015-07-23,5.0,6.0,0.3339,0.0035,0.4873,0.0301,0.1311,True,classificada — no sinal operável
VRSN_2015Q3,VRSN,2015-10-22,,,,,0.4363,0.191,-0.0158,False,sem distância de tom: <2 gestores identificados ou Q&A não detectado
VRSN_2015Q4,VRSN,2016-02-11,5.0,4.0,0.1616,-0.097,0.2617,0.1559,0.1194,True,classificada — no sinal operável
VRSN_2016Q1,VRSN,2016-04-28,5.0,6.0,0.2384,0.0375,0.2717,-0.0719,-0.0795,True,classificada — no sinal operável
VRSN_2016Q2,VRSN,2016-07-30,5.0,6.0,0.2401,0.0296,0.3575,-0.1368,-0.0647,True,classificada — no sinal operável
VRSN_2016Q3,VRSN,2016-10-27,5.0,2.0,0.1612,-0.0428,0.2402,-0.0366,-0.028,True,classificada — no sinal operável
VRSN_2016Q4,VRSN,2017-02-09,5.0,5.0,0.2243,-0.0534,0.3187,0.0371,0.0741,True,classificada — no sinal operável
VRSN_2017Q1,VRSN,2017-04-27,6.0,,0.2078,,0.1886,-0.0095,0.1203,False,"distância de tom OK, mas confundidor ausente (analyst_tone, analyst_tone_distance)"
VRSN_2017Q2,VRSN,2017-07-27,,,,,0.3247,-0.0187,0.0424,False,sem distância de tom: <2 gestores identificados ou Q&A não detectado
VRSN_2017Q3,VRSN,2017-10-26,,,,,0.1765,0.0879,0.0444,False,sem distância de tom: <2 gestores identificados ou Q&A não detectado
VRSN_2017Q4,VRSN,2018-02-08,5.0,4.0,0.212,-0.033,0.278,0.1206,0.1611,True,classificada — no sinal operável
VRSN_2018Q1,VRSN,2018-04-26,5.0,3.0,0.1579,-0.0708,0.2446,0.0657,0.2601,True,classificada — no sinal operável
VRSN_2018Q2,VRSN,2018-07-26,6.0,3.0,0.2735,-0.0278,0.3932,0.0106,-0.1329,True,classificada — no sinal operável
VRSN_2018Q3,VRSN,2018-10-25,,,,,0.2485,0.135,0.2145,False,sem distância de tom: <2 gestores identificados ou Q&A não detectado
VRSN_2018Q4,VRSN,2019-02-07,,,,,0.3055,0.0291,0.1134,False,sem distância de tom: <2 gestores identificados ou Q&A não detectado
VRSN_2019Q1,VRSN,2019-04-25,3.0,3.0,0.1982,-0.0153,0.2129,0.0017,0.1103,True,classificada — no sinal operável
VRSN_2019Q2,VRSN,2019-07-25,,,,,0.1741,-0.066,-0.1487,False,sem distância de tom: <2 gestores identificados ou Q&A não detectado
VRSN_2019Q3,VRSN,2019-10-24,3.0,3.0,0.1719,-0.0288,0.082,-0.051,0.0564,True,classificada — no sinal operável
VRSN_2019Q4,VRSN,2020-02-06,6.0,,0.2541,,0.4429,-0.154,0.0133,False,"distância de tom OK, mas confundidor ausente (analyst_tone, analyst_tone_distance)"
VRSN_2020Q1,VRSN,2020-04-23,3.0,3.0,0.1892,-0.0179,0.3058,-0.0241,-0.0617,True,classificada — no sinal operável
VRSN_2020Q2,VRSN,2020-07-23,6.0,,0.2005,,0.3783,-0.0018,-0.0074,False,"distância de tom OK, mas confundidor ausente (analyst_tone, analyst_tone_distance)"
VRSN_2020Q3,VRSN,2020-10-22,3.0,3.0,0.138,-0.1168,0.1811,-0.0357,-0.0575,True,classificada — no sinal operável
VRSN_2020Q4,VRSN,2021-02-11,3.0,3.0,0.2111,-0.0752,0.2182,-0.0886,0.0496,True,classificada — no sinal operável
VRSN_2021Q1,VRSN,2021-04-22,4.0,2.0,0.2368,-0.0559,0.3251,0.054,0.1118,True,classificada — no sinal operável
VRSN_2021Q2,VRSN,2021-07-22,3.0,3.0,0.3352,0.0071,0.4861,-0.052,-0.0467,True,classificada — no sinal operável
VRSN_2021Q3,VRSN,2021-10-28,3.0,3.0,0.2373,-0.1089,0.353,0.1323,-0.0199,True,classificada — no sinal operável
VRSN_2021Q4,VRSN,2022-02-10,5.0,,0.2121,,0.2985,-0.1065,-0.2634,False,"distância de tom OK, mas confundidor ausente (analyst_tone, analyst_tone_distance)"
VRSN_2022Q1,VRSN,2022-04-28,4.0,,0.1838,,0.2763,-0.048,0.0213,False,"distância de tom OK, mas confundidor ausente (analyst_tone, analyst_tone_distance)"
VRSN_2022Q2,VRSN,2022-07-28,3.0,1.0,0.2474,,0.35,0.0368,0.0229,False,"distância de tom OK, mas confundidor ausente (analyst_tone_distance)"
VRSN_2022Q3,VRSN,2022-10-27,,,,,0.4288,0.0131,0.1076,False,sem distância de tom: <2 gestores identificados ou Q&A não detectado
VRSN_2022Q4,VRSN,2023-02-09,5.0,,0.2582,,0.3744,-0.0601,0.0834,False,"distância de tom OK, mas confundidor ausente (analyst_tone, analyst_tone_distance)"
VRSN_2023Q1,VRSN,2023-04-27,3.0,2.0,0.2761,-0.054,0.4673,0.065,-0.0184,True,classificada — no sinal operável
VRSN_2023Q2,VRSN,2023-07-27,3.0,2.0,0.1248,-0.1071,0.0404,-0.0124,-0.0089,True,classificada — no sinal operável
VRSN_2023Q3,VRSN,2023-10-26,5.0,,0.2331,,0.0361,0.0673,0.0121,False,"distância de tom OK, mas confundidor ausente (analyst_tone, analyst_tone_distance)"
VRSN_2023Q4,VRSN,2024-02-08,3.0,2.0,0.3243,0.0646,0.3115,-0.0464,-0.1604,True,classificada — no sinal operável
VRSN_2024Q1,VRSN,2024-04-25,4.0,2.0,0.2325,-0.0068,0.1664,-0.0454,0.0267,True,classificada — no sinal operável
VRSN_2024Q2,VRSN,2024-07-25,4.0,1.0,0.1562,,0.1478,0.017,0.0535,False,"distância de tom OK, mas confundidor ausente (analyst_tone_distance)"
VRSN_2024Q3,VRSN,2024-10-24,3.0,2.0,0.1502,-0.0238,0.033,-0.0333,0.1399,True,classificada — no sinal operável
VRSN_2024Q4,VRSN,2025-02-06,5.0,,0.2968,,0.4558,0.0981,0.3103,False,"distância de tom OK, mas confundidor ausente (analyst_tone, analyst_tone_distance)"
VRSN_2025Q1,VRSN,2025-04-24,3.0,3.0,0.3901,0.0962,0.5642,0.1132,0.2168,True,classificada — no sinal operável
WDAY_2020Q1,WDAY,2019-05-28,3.0,16.0,0.2624,0.0997,0.4697,-0.0251,-0.0762,True,classificada — no sinal operável
WDAY_2020Q2,WDAY,2019-08-29,3.0,14.0,0.3121,0.0691,0.4809,-0.0763,-0.0235,True,classificada — no sinal operável
WDAY_2020Q3,WDAY,2019-12-03,3.0,13.0,0.385,0.1338,0.6309,0.0236,0.0046,True,classificada — no sinal operável
WDAY_2020Q4,WDAY,2020-02-27,3.0,14.0,0.3375,0.1254,0.5859,-0.2009,0.071,True,classificada — no sinal operável
WDAY_2021Q1,WDAY,2020-05-27,5.0,10.0,0.3596,0.0594,0.5292,0.0343,0.0775,True,classificada — no sinal operável
WDAY_2021Q2,WDAY,2020-08-27,5.0,9.0,0.4223,0.2306,0.5886,-0.0819,-0.1047,True,classificada — no sinal operável
WDAY_2021Q3,WDAY,2020-11-20,4.0,11.0,0.3287,-0.0226,0.6113,0.2244,0.2485,True,classificada — no sinal operável
WDAY_2021Q4,WDAY,2021-02-25,4.0,11.0,0.311,0.057,0.655,-0.0061,-0.0562,True,classificada — no sinal operável
WDAY_2022Q1,WDAY,2021-05-26,5.0,9.0,0.4146,0.0692,0.635,0.0452,0.0585,True,classificada — no sinal operável
WDAY_2022Q2,WDAY,2021-08-26,4.0,11.0,0.2829,0.0143,0.5675,-0.0047,0.0485,True,classificada — no sinal operável
WDAY_2022Q3,WDAY,2021-11-18,4.0,13.0,0.3405,0.0933,0.6507,-0.0619,-0.254,True,classificada — no sinal operável
WDAY_2022Q4,WDAY,2022-02-28,4.0,11.0,0.3531,0.027,0.7832,0.0011,-0.3545,True,classificada — no sinal operável
WDAY_2023Q1,WDAY,2022-05-26,6.0,12.0,0.3326,0.005,0.169,-0.0775,0.0645,True,classificada — no sinal operável
WDAY_2023Q2,WDAY,2022-08-25,4.0,13.0,0.2984,-0.013,0.5458,-0.1649,-0.1515,True,classificada — no sinal operável
WDAY_2023Q3,WDAY,2022-11-29,3.0,12.0,0.1219,-0.0484,0.1425,0.0627,0.1918,True,classificada — no sinal operável
WDAY_2023Q4,WDAY,2023-02-27,4.0,9.0,0.3161,-0.0116,0.6099,0.0422,0.1872,True,classificada — no sinal operável
WDAY_2024Q1,WDAY,2023-05-25,4.0,12.0,0.2926,0.0074,0.631,0.044,0.1033,True,classificada — no sinal operável
WDAY_2024Q2,WDAY,2023-08-24,4.0,12.0,0.3562,0.0578,0.8206,0.0141,0.0257,True,classificada — no sinal operável
WDAY_2024Q3,WDAY,2023-11-28,4.0,13.0,0.3512,0.0869,0.7764,0.0823,0.1551,True,classificada — no sinal operável
WDAY_2024Q4,WDAY,2024-02-26,4.0,12.0,0.34,0.0156,0.7769,-0.052,-0.245,True,classificada — no sinal operável
WDAY_2025Q1,WDAY,2024-05-23,3.0,13.0,0.3459,-0.0138,0.539,-0.0638,0.1196,True,classificada — no sinal operável
WDAY_2025Q2,WDAY,2024-08-22,3.0,12.0,0.3846,0.0714,0.7122,-0.0753,-0.0209,True,classificada — no sinal operável
WDAY_2025Q3,WDAY,2024-11-26,3.0,10.0,0.3705,0.0096,0.6554,0.121,0.0719,True,classificada — no sinal operável
WDAY_2025Q4,WDAY,2025-02-25,3.0,12.0,0.3917,0.0791,0.6964,-0.1043,-0.1453,True,classificada — no sinal operável
WDC_2009Q1,WDC,2008-10-23,4.0,8.0,0.297,-0.0259,0.3311,-0.1547,0.057,True,classificada — no sinal operável
WDC_2009Q2,WDC,2009-01-28,4.0,12.0,0.2591,-0.0014,0.1957,-0.0893,0.47,True,classificada — no sinal operável
WDC_2009Q3,WDC,2009-04-23,4.0,10.0,0.3364,-0.0066,0.5111,0.1002,0.3564,True,classificada — no sinal operável
WDC_2009Q4,WDC,2009-07-28,5.0,11.0,0.3549,0.0659,0.332,0.1409,0.1844,True,classificada — no sinal operável
WDC_2010Q1,WDC,2009-10-22,5.0,13.0,0.3499,0.0235,0.465,-0.0032,0.1162,True,classificada — no sinal operável
WDC_2010Q2,WDC,2010-01-21,4.0,16.0,0.4179,0.0548,0.5394,-0.0574,-0.095,True,classificada — no sinal operável
WDC_2010Q4,WDC,2010-07-21,4.0,10.0,0.2757,0.0199,0.2014,-0.1787,0.0321,True,classificada — no sinal operável
WDC_2011Q3,WDC,2011-04-20,6.0,10.0,0.2628,0.0189,0.1551,-0.0967,-0.122,True,classificada — no sinal operável
WDC_2011Q4,WDC,2011-07-21,6.0,8.0,0.2274,-0.0303,0.2117,-0.2563,-0.3117,True,classificada — no sinal operável
WDC_2012Q1,WDC,2011-10-19,6.0,13.0,0.2042,-0.0241,0.1155,0.1157,0.5305,True,classificada — no sinal operável
WDC_2012Q2,WDC,2012-01-23,6.0,12.0,0.2496,-0.0103,0.2376,0.098,0.1496,True,classificada — no sinal operável
WDC_2012Q3,WDC,2012-04-26,5.0,12.0,0.169,-0.0616,0.2067,-0.1183,0.0121,True,classificada — no sinal operável
WDC_2012Q4,WDC,2012-07-25,6.0,9.0,0.3177,0.0241,0.4281,0.1415,-0.0904,True,classificada — no sinal operável
WDC_2013Q1,WDC,2012-10-22,6.0,12.0,0.2865,0.0842,0.0692,0.0797,0.4891,True,classificada — no sinal operável
WDC_2013Q2,WDC,2013-01-23,5.0,13.0,0.3535,0.07,0.3115,-0.0286,0.1255,True,classificada — no sinal operável
WDC_2013Q3,WDC,2013-04-24,5.0,13.0,0.2832,0.051,0.1971,0.1306,0.2314,True,classificada — no sinal operável
WDC_2013Q4,WDC,2013-07-24,5.0,13.0,0.3011,0.0321,0.3198,0.0598,0.1418,True,classificada — no sinal operável
WDC_2014Q1,WDC,2013-10-24,5.0,17.0,0.2993,0.0324,0.3648,0.037,0.1718,True,classificada — no sinal operável
WDC_2014Q2,WDC,2014-01-22,4.0,16.0,0.2403,0.0154,0.1589,0.0131,0.0446,True,classificada — no sinal operável
WDC_2014Q3,WDC,2014-04-30,4.0,16.0,0.2487,-0.0051,0.1159,0.0271,0.1881,True,classificada — no sinal operável
WDC_2014Q4,WDC,2014-07-30,5.0,12.0,0.3123,0.0129,0.3817,0.0242,-0.0622,True,classificada — no sinal operável
WDC_2015Q1,WDC,2014-10-28,5.0,12.0,0.3502,0.0765,0.4382,0.1147,0.0905,True,classificada — no sinal operável
WDC_2015Q2,WDC,2015-01-27,3.0,12.0,0.2551,0.0419,0.1893,0.0298,-0.0557,True,classificada — no sinal operável
WDC_2015Q3,WDC,2015-04-28,5.0,10.0,0.2314,0.019,0.2259,0.0508,-0.1717,True,classificada — no sinal operável
WDC_2015Q4,WDC,2015-07-29,4.0,,0.3748,,0.4714,-0.0472,-0.2081,False,"distância de tom OK, mas confundidor ausente (analyst_tone, analyst_tone_distance)"
WDC_2016Q1,WDC,2015-10-29,3.0,18.0,0.1666,-0.0306,0.1115,-0.0777,-0.267,True,classificada — no sinal operável
WDC_2016Q2,WDC,2016-01-28,6.0,14.0,0.1413,-0.0803,0.1597,-0.0568,0.0085,True,classificada — no sinal operável
WDC_2016Q3,WDC,2016-04-29,5.0,12.0,0.1315,-0.003,-0.0471,0.146,0.1833,True,classificada — no sinal operável
WDC_2016Q4,WDC,2016-07-28,7.0,16.0,0.2594,0.0117,0.3265,-0.0756,0.1228,True,classificada — no sinal operável
WDC_2017Q1,WDC,2016-10-26,6.0,10.0,0.3111,-0.0001,0.4619,0.0519,0.3679,True,classificada — no sinal operável
WDC_2017Q2,WDC,2017-01-25,5.0,10.0,0.393,0.0178,0.5276,-0.065,0.0664,True,classificada — no sinal operável
WDC_2017Q3,WDC,2017-04-27,6.0,9.0,0.4005,0.1209,0.5955,-0.0068,0.0196,True,classificada — no sinal operável
WDC_2017Q4,WDC,2017-07-27,6.0,10.0,0.3804,0.1114,0.5061,0.0256,-0.0024,True,classificada — no sinal operável
WDC_2018Q1,WDC,2017-10-26,6.0,11.0,0.3765,0.0541,0.5341,-0.0205,-0.0041,True,classificada — no sinal operável
WDC_2018Q2,WDC,2018-01-26,5.0,9.0,0.388,0.0336,0.5639,-0.0175,-0.0836,True,classificada — no sinal operável
WDC_2018Q3,WDC,2018-04-26,6.0,11.0,0.388,0.0943,0.509,0.0016,-0.1,True,classificada — no sinal operável
WDC_2018Q4,WDC,2018-07-26,6.0,13.0,0.3405,0.0468,0.3055,-0.1434,-0.2913,True,classificada — no sinal operável
WDC_2019Q1,WDC,2018-10-25,6.0,13.0,0.2372,0.0189,0.0862,0.011,-0.09,True,classificada — no sinal operável
WDC_2019Q2,WDC,2019-01-25,4.0,11.0,0.3311,0.1221,0.0988,0.2127,0.225,True,classificada — no sinal operável
WDC_2019Q3,WDC,2019-04-30,5.0,11.0,0.3202,0.0548,0.3233,-0.2351,0.1095,True,classificada — no sinal operável
WDC_2019Q4,WDC,2019-08-01,4.0,11.0,0.3105,0.0167,0.6048,0.0578,0.1583,True,classificada — no sinal operável
WDC_2020Q1,WDC,2019-10-31,4.0,11.0,0.2013,-0.1021,0.5172,-0.0639,0.3081,True,classificada — no sinal operável
WDC_2020Q2,WDC,2020-01-30,4.0,18.0,0.2714,-0.026,0.4994,-0.1319,-0.325,True,classificada — no sinal operável
WDC_2020Q3,WDC,2020-05-01,4.0,13.0,0.3494,0.0454,0.5256,0.1014,0.0788,True,classificada — no sinal operável
WDC_2020Q4,WDC,2020-08-05,4.0,12.0,0.3036,0.0699,0.1445,-0.0356,-0.0414,True,classificada — no sinal operável
WDC_2021Q1,WDC,2020-08-06,4.0,12.0,0.3177,0.012,0.3521,0.0206,0.0032,True,classificada — no sinal operável
WDC_2021Q2,WDC,2021-01-28,3.0,18.0,0.3243,0.0239,0.5178,0.231,0.2126,True,classificada — no sinal operável
WDC_2021Q3,WDC,2021-04-29,4.0,14.0,0.4091,0.096,0.6279,0.0293,-0.1181,True,classificada — no sinal operável
WDC_2021Q4,WDC,2021-08-04,5.0,15.0,0.386,0.0828,0.5712,-0.0498,-0.1517,True,classificada — no sinal operável
WDC_2022Q1,WDC,2021-10-28,3.0,17.0,0.2597,-0.0048,0.127,0.1817,-0.0004,True,classificada — no sinal operável
WDC_2022Q2,WDC,2022-01-27,4.0,13.0,0.3512,0.0151,0.4187,0.0377,0.0717,True,classificada — no sinal operável
WDC_2022Q3,WDC,2022-04-28,4.0,14.0,0.2496,-0.0092,0.4088,0.1712,-0.0762,True,classificada — no sinal operável
WDC_2022Q4,WDC,2022-08-05,3.0,10.0,0.2974,-0.1071,0.4939,-0.124,-0.2792,True,classificada — no sinal operável
WDC_2023Q1,WDC,2022-10-27,3.0,16.0,0.2692,-0.0187,0.2971,0.0543,0.2917,True,classificada — no sinal operável
WDC_2023Q2,WDC,2023-01-31,4.0,11.0,0.2878,-0.0161,0.2827,-0.1245,-0.2365,True,classificada — no sinal operável
WDC_2023Q3,WDC,2023-05-08,3.0,15.0,0.261,0.0118,0.2804,0.2051,0.2996,True,classificada — no sinal operável
WDC_2023Q4,WDC,2023-07-31,3.0,12.0,0.3748,0.1159,0.2759,-0.0107,-0.0721,True,classificada — no sinal operável
WDC_2024Q1,WDC,2023-10-30,3.0,13.0,0.4011,0.0937,0.52,0.2133,0.4679,True,classificada — no sinal operável
WDC_2024Q2,WDC,2024-01-25,3.0,11.0,0.3422,0.0297,0.5655,-0.0302,0.1797,True,classificada — no sinal operável
WDC_2024Q3,WDC,2024-04-25,3.0,15.0,0.364,0.0347,0.6564,0.0537,-0.0386,True,classificada — no sinal operável
WDC_2024Q4,WDC,2024-07-31,3.0,12.0,0.3794,0.0269,0.7392,0.0446,0.1319,True,classificada — no sinal operável
WDC_2025Q1,WDC,2024-10-24,3.0,16.0,0.303,-0.0031,0.5494,-0.0847,-0.1338,True,classificada — no sinal operável
WDC_2025Q2,WDC,2025-01-29,3.0,12.0,0.3875,0.0463,0.6331,-0.0258,-0.1268,True,classificada — no sinal operável
WDC_2025Q3,WDC,2025-04-30,3.0,16.0,0.3281,0.0448,0.4712,0.1532,0.7637,True,classificada — no sinal operável
XLNX_2006Q2,XLNX,2005-11-25,,,,,0.2869,,,False,sem distância de tom: <2 gestores identificados ou Q&A não detectado
XLNX_2006Q3,XLNX,2006-01-20,3.0,15.0,0.242,,0.4034,,,False,"distância de tom OK, mas sem pregão de decisão (call não alinhada a preços)"
XLNX_2006Q4,XLNX,2006-04-28,3.0,12.0,0.3291,,0.55,,,False,"distância de tom OK, mas sem pregão de decisão (call não alinhada a preços)"
XLNX_2007Q1,XLNX,2006-07-26,3.0,18.0,0.2224,,-0.057,,,False,"distância de tom OK, mas sem pregão de decisão (call não alinhada a preços)"
XLNX_2007Q2,XLNX,2006-10-20,3.0,10.0,0.2622,,0.0714,,,False,"distância de tom OK, mas sem pregão de decisão (call não alinhada a preços)"
XLNX_2007Q3,XLNX,2007-01-19,3.0,15.0,0.2463,,0.0726,,,False,"distância de tom OK, mas sem pregão de decisão (call não alinhada a preços)"
XLNX_2007Q4,XLNX,2007-04-26,3.0,13.0,0.2939,,0.5245,,,False,"distância de tom OK, mas sem pregão de decisão (call não alinhada a preços)"
XLNX_2008Q1,XLNX,2007-07-20,3.0,9.0,0.3326,,0.3359,,,False,"distância de tom OK, mas sem pregão de decisão (call não alinhada a preços)"
XLNX_2008Q2,XLNX,2007-10-19,3.0,9.0,0.2977,,0.3755,,,False,"distância de tom OK, mas sem pregão de decisão (call não alinhada a preços)"
XLNX_2008Q3,XLNX,2008-01-18,4.0,10.0,0.3035,,0.5033,,,False,"distância de tom OK, mas sem pregão de decisão (call não alinhada a preços)"
XLNX_2008Q4,XLNX,2008-04-24,3.0,12.0,0.3277,,0.5183,,,False,"distância de tom OK, mas sem pregão de decisão (call não alinhada a preços)"
XLNX_2009Q1,XLNX,2008-08-04,3.0,15.0,0.3535,,0.4493,,,False,"distância de tom OK, mas sem pregão de decisão (call não alinhada a preços)"
XLNX_2009Q2,XLNX,2008-10-16,3.0,14.0,0.3518,,0.4365,,,False,"distância de tom OK, mas sem pregão de decisão (call não alinhada a preços)"
XLNX_2009Q3,XLNX,2009-01-15,4.0,13.0,0.2637,,-0.004,,,False,"distância de tom OK, mas sem pregão de decisão (call não alinhada a preços)"
XLNX_2009Q4,XLNX,2009-04-23,3.0,11.0,0.3054,,0.162,,,False,"distância de tom OK, mas sem pregão de decisão (call não alinhada a preços)"
XLNX_2010Q1,XLNX,2009-07-16,3.0,13.0,0.3521,,-0.0246,,,False,"distância de tom OK, mas sem pregão de decisão (call não alinhada a preços)"
XLNX_2010Q2,XLNX,2009-10-15,3.0,16.0,0.2847,,0.3063,,,False,"distância de tom OK, mas sem pregão de decisão (call não alinhada a preços)"
XLNX_2010Q3,XLNX,2010-01-21,3.0,15.0,0.364,,0.6153,,,False,"distância de tom OK, mas sem pregão de decisão (call não alinhada a preços)"
XLNX_2010Q4,XLNX,2010-04-29,3.0,14.0,0.1523,,0.3323,,,False,"distância de tom OK, mas sem pregão de decisão (call não alinhada a preços)"
XLNX_2011Q2,XLNX,2010-10-21,3.0,12.0,0.2698,,0.3813,,,False,"distância de tom OK, mas sem pregão de decisão (call não alinhada a preços)"
XLNX_2011Q3,XLNX,2011-01-20,3.0,19.0,0.3083,,0.2941,,,False,"distância de tom OK, mas sem pregão de decisão (call não alinhada a preços)"
XLNX_2011Q4,XLNX,2011-04-28,3.0,9.0,0.2615,,0.4037,,,False,"distância de tom OK, mas sem pregão de decisão (call não alinhada a preços)"
XLNX_2012Q1,XLNX,2011-07-21,3.0,11.0,0.3766,,0.6678,,,False,"distância de tom OK, mas sem pregão de decisão (call não alinhada a preços)"
XLNX_2012Q2,XLNX,2011-10-20,3.0,16.0,0.3918,,0.2093,,,False,"distância de tom OK, mas sem pregão de decisão (call não alinhada a preços)"
XLNX_2012Q3,XLNX,2012-01-19,3.0,12.0,0.2978,,0.2727,,,False,"distância de tom OK, mas sem pregão de decisão (call não alinhada a preços)"
XLNX_2012Q4,XLNX,2012-04-26,3.0,11.0,0.3708,,0.5783,,,False,"distância de tom OK, mas sem pregão de decisão (call não alinhada a preços)"
XLNX_2013Q1,XLNX,2012-07-19,3.0,11.0,0.2622,,0.2148,,,False,"distância de tom OK, mas sem pregão de decisão (call não alinhada a preços)"
XLNX_2013Q2,XLNX,2012-10-18,5.0,8.0,0.2549,,0.2187,,,False,"distância de tom OK, mas sem pregão de decisão (call não alinhada a preços)"
XLNX_2013Q3,XLNX,2013-01-18,3.0,15.0,0.385,,0.6863,,,False,"distância de tom OK, mas sem pregão de decisão (call não alinhada a preços)"
XLNX_2013Q4,XLNX,2013-04-25,3.0,11.0,0.2469,,0.3559,,,False,"distância de tom OK, mas sem pregão de decisão (call não alinhada a preços)"
XLNX_2014Q1,XLNX,2013-07-18,3.0,11.0,0.3327,,0.5518,,,False,"distância de tom OK, mas sem pregão de decisão (call não alinhada a preços)"
XLNX_2014Q2,XLNX,2013-10-17,3.0,14.0,0.2706,,0.392,,,False,"distância de tom OK, mas sem pregão de decisão (call não alinhada a preços)"
XLNX_2014Q3,XLNX,2014-01-22,2.0,14.0,0.339,,0.3684,,,False,"distância de tom OK, mas sem pregão de decisão (call não alinhada a preços)"
XLNX_2014Q4,XLNX,2014-04-24,3.0,13.0,0.2649,,0.3302,,,False,"distância de tom OK, mas sem pregão de decisão (call não alinhada a preços)"
XLNX_2015Q1,XLNX,2014-07-23,3.0,12.0,0.2173,,0.12,,,False,"distância de tom OK, mas sem pregão de decisão (call não alinhada a preços)"
XLNX_2015Q2,XLNX,2014-10-17,3.0,13.0,0.2972,,0.2221,,,False,"distância de tom OK, mas sem pregão de decisão (call não alinhada a preços)"
XLNX_2015Q3,XLNX,2015-01-22,3.0,18.0,0.2211,,0.1179,,,False,"distância de tom OK, mas sem pregão de decisão (call não alinhada a preços)"
XLNX_2015Q4,XLNX,2015-04-23,3.0,13.0,0.2964,,0.3073,,,False,"distância de tom OK, mas sem pregão de decisão (call não alinhada a preços)"
XLNX_2016Q1,XLNX,2015-07-23,3.0,11.0,0.2963,,0.3265,,,False,"distância de tom OK, mas sem pregão de decisão (call não alinhada a preços)"
XLNX_2016Q2,XLNX,2015-10-15,3.0,12.0,0.2644,,0.3802,,,False,"distância de tom OK, mas sem pregão de decisão (call não alinhada a preços)"
XLNX_2016Q3,XLNX,2016-01-21,3.0,13.0,0.3075,,0.4856,,,False,"distância de tom OK, mas sem pregão de decisão (call não alinhada a preços)"
XLNX_2016Q4,XLNX,2016-04-28,4.0,8.0,0.2778,,0.5433,,,False,"distância de tom OK, mas sem pregão de decisão (call não alinhada a preços)"
XLNX_2017Q1,XLNX,2016-07-28,3.0,11.0,0.3496,,0.5029,,,False,"distância de tom OK, mas sem pregão de decisão (call não alinhada a preços)"
XLNX_2017Q2,XLNX,2016-10-20,4.0,13.0,0.2642,,0.3687,,,False,"distância de tom OK, mas sem pregão de decisão (call não alinhada a preços)"
XLNX_2017Q3,XLNX,2017-01-26,3.0,11.0,0.3164,,0.5387,,,False,"distância de tom OK, mas sem pregão de decisão (call não alinhada a preços)"
XLNX_2017Q4,XLNX,2017-04-27,3.0,11.0,0.3053,,0.5821,,,False,"distância de tom OK, mas sem pregão de decisão (call não alinhada a preços)"
XLNX_2018Q1,XLNX,2017-07-27,3.0,16.0,0.1999,,0.3581,,,False,"distância de tom OK, mas sem pregão de decisão (call não alinhada a preços)"
XLNX_2018Q2,XLNX,2017-10-26,3.0,16.0,0.2989,,0.5054,,,False,"distância de tom OK, mas sem pregão de decisão (call não alinhada a preços)"
XLNX_2018Q3,XLNX,2018-01-25,4.0,14.0,0.2592,,0.4994,,,False,"distância de tom OK, mas sem pregão de decisão (call não alinhada a preços)"
XLNX_2018Q4,XLNX,2018-04-26,3.0,10.0,0.2271,,0.4007,,,False,"distância de tom OK, mas sem pregão de decisão (call não alinhada a preços)"
XLNX_2019Q1,XLNX,2018-07-26,3.0,8.0,0.3933,,0.6958,,,False,"distância de tom OK, mas sem pregão de decisão (call não alinhada a preços)"
XLNX_2019Q2,XLNX,2018-10-25,3.0,9.0,0.3342,,0.5834,,,False,"distância de tom OK, mas sem pregão de decisão (call não alinhada a preços)"
XLNX_2019Q3,XLNX,2019-01-24,3.0,14.0,0.3417,,0.579,,,False,"distância de tom OK, mas sem pregão de decisão (call não alinhada a preços)"
XLNX_2019Q4,XLNX,2019-04-25,3.0,15.0,0.2193,,0.547,,,False,"distância de tom OK, mas sem pregão de decisão (call não alinhada a preços)"
XLNX_2020Q1,XLNX,2019-07-25,3.0,17.0,0.3009,,0.4043,,,False,"distância de tom OK, mas sem pregão de decisão (call não alinhada a preços)"
XLNX_2020Q2,XLNX,2019-10-24,3.0,14.0,0.2795,,0.2841,,,False,"distância de tom OK, mas sem pregão de decisão (call não alinhada a preços)"
XLNX_2020Q3,XLNX,2020-01-29,2.0,9.0,0.289,,0.0982,,,False,"distância de tom OK, mas sem pregão de decisão (call não alinhada a preços)"
XLNX_2020Q4,XLNX,2020-04-23,3.0,12.0,0.3752,,0.2608,,,False,"distância de tom OK, mas sem pregão de decisão (call não alinhada a preços)"
XLNX_2021Q1,XLNX,2020-07-31,3.0,15.0,0.36,,0.5753,,,False,"distância de tom OK, mas sem pregão de decisão (call não alinhada a preços)"
XLNX_2021Q2,XLNX,2020-10-22,3.0,12.0,0.3741,,0.641,,,False,"distância de tom OK, mas sem pregão de decisão (call não alinhada a preços)"
ZBRA_2019Q1,ZBRA,2019-04-30,3.0,9.0,0.3846,0.1246,0.6636,-0.1999,0.028,True,classificada — no sinal operável
ZBRA_2019Q2,ZBRA,2019-07-31,3.0,9.0,0.426,0.0666,0.6517,-0.0152,0.1225,True,classificada — no sinal operável
ZBRA_2019Q3,ZBRA,2019-10-29,3.0,10.0,0.378,0.0648,0.6912,0.0739,0.0365,True,classificada — no sinal operável
ZBRA_2019Q4,ZBRA,2020-02-13,11.0,,0.3433,,0.5614,-0.3039,-0.0705,False,"distância de tom OK, mas confundidor ausente (analyst_tone, analyst_tone_distance)"
ZBRA_2020Q1,ZBRA,2020-04-28,3.0,9.0,0.2839,0.0946,0.1434,0.1072,0.1664,True,classificada — no sinal operável
ZBRA_2020Q2,ZBRA,2020-07-28,3.0,9.0,0.3478,0.0924,0.6222,0.038,0.0758,True,classificada — no sinal operável
ZBRA_2020Q3,ZBRA,2020-11-03,6.0,8.0,0.3416,0.0568,0.4377,0.1621,0.2713,True,classificada — no sinal operável
ZBRA_2020Q4,ZBRA,2021-02-11,4.0,10.0,0.2999,0.0367,0.4011,0.0163,0.0032,True,classificada — no sinal operável
ZBRA_2021Q1,ZBRA,2021-05-04,6.0,7.0,0.3573,0.0534,0.5853,0.0464,0.1305,True,classificada — no sinal operável
ZBRA_2021Q2,ZBRA,2021-08-03,3.0,9.0,0.3252,0.1025,0.6452,0.0643,-0.0091,True,classificada — no sinal operável
ZBRA_2021Q3,ZBRA,2021-11-02,3.0,10.0,0.3918,0.1001,0.6354,0.028,-0.1097,True,classificada — no sinal operável
ZBRA_2021Q4,ZBRA,2022-02-10,3.0,11.0,0.3442,0.0798,0.6217,-0.1837,-0.3198,True,classificada — no sinal operável
ZBRA_2022Q1,ZBRA,2022-05-03,3.0,8.0,0.3589,0.075,0.6363,-0.047,-0.1037,True,classificada — no sinal operável
ZBRA_2022Q2,ZBRA,2022-08-02,3.0,10.0,0.3922,0.0549,0.6868,-0.0639,-0.121,True,classificada — no sinal operável
ZBRA_2022Q3,ZBRA,2022-11-01,3.0,10.0,0.2988,0.0625,0.4265,0.1387,0.4602,True,classificada — no sinal operável
ZBRA_2022Q4,ZBRA,2023-02-16,4.0,10.0,0.1995,-0.0969,0.6404,-0.1163,-0.1513,True,classificada — no sinal operável
ZBRA_2023Q1,ZBRA,2023-05-02,3.0,10.0,0.3047,0.1065,0.4134,0.0421,-0.056,True,classificada — no sinal operável
ZBRA_2023Q2,ZBRA,2023-08-01,3.0,11.0,0.2474,0.1181,-0.0091,0.116,-0.1613,True,classificada — no sinal operável
ZBRA_2023Q3,ZBRA,2023-10-31,3.0,11.0,0.2721,0.1397,0.1254,0.1308,0.1576,True,classificada — no sinal operável
ZBRA_2023Q4,ZBRA,2024-02-15,3.0,10.0,0.3012,0.0328,0.3916,0.0126,0.1326,True,classificada — no sinal operável
ZBRA_2024Q1,ZBRA,2024-04-30,3.0,12.0,0.3073,0.0427,0.3619,0.0161,0.127,True,classificada — no sinal operável
ZBRA_2024Q2,ZBRA,2024-07-30,3.0,13.0,0.3625,0.054,0.5814,-0.039,0.0162,True,classificada — no sinal operável
ZBRA_2024Q3,ZBRA,2024-10-29,3.0,12.0,0.3412,-0.0057,0.6371,0.064,0.0277,True,classificada — no sinal operável
ZBRA_2024Q4,ZBRA,2025-02-13,3.0,13.0,0.3288,0.0385,0.5127,-0.1113,-0.0706,True,classificada — no sinal operável
ZBRA_2025Q1,ZBRA,2025-04-29,3.0,13.0,0.2878,0.0085,0.5195,0.1882,0.3502,True,classificada — no sinal operável
